#full_name,epoch_mjd,q,e,i,w,om,tp_cal,orbit_id,neo,M1,M2,diameter,extent,albedo,rot_per,per_y,moid,sigma_per,K1,K2
"    1P/Halley",49400,0.585978111516909,0.967142908462304,162.262690579161,111.3324851045177,58.42008097656843,19860205.8953171,"JPL J863/77",Y,5.5,13.6,11.0,14.9x8.2,0.04,,75.3158906863411,.0637815,9.0034E-5,8.0,5.0
"    2P/Encke",57259,.3359613533387664,.8483348040061899,11.78138694229308,186.5467768254318,334.5677859036201,20170310.0308474,"JPL K204/16",Y,15.5,,4.8,,0.046,11.083,3.29695704817336,.173044,1.5323E-5,4.5,
"    4P/Faye",54741,1.665437770212915,.5668940459893967,9.036435362587889,204.9618174865947,199.2896417045127,20061115.4681046,"JPL K213/5",,11.1,,3.54,,,,7.54066392942124,.678455,.00013504,9.25,
"    6P/d'Arrest",57200,1.361453922792728,.6114221774897347,19.48170781222771,178.1149265841586,138.9337024641629,20150302.4169607,"JPL K215/6",,15.7,,3.2,,,,6.55836537738674,.348287,.00045351,9.75,
"    7P/Pons-Winnecke",56348,1.248604799037934,.6357900469235589,22.33574436487844,172.2418392202637,93.43192820685557,20150131.2926586,"JPL 16",Y,15.9,,5.2,,,,6.347723294789,.236365,1.0857E-5,5.,
"    8P/Tuttle",54519,1.027131400121467,.8198402401789815,54.98283549253973,207.506391652593,270.341485330771,20080127.0225076,"JPL K215/13",Y,14.9,,4.5,,,,13.6132092493444,.0957153,.0086655,4.5,
"    9P/Tempel 1",57722,1.542572978351424,.509588468064943,10.47400282151021,179.2123960149718,68.74889841631139,20160802.5908756,"JPL K224/7",,12.3,14.6,6.0,7.6x4.9,0.05,40.7,5.57873549234425,.527142,.0019532,10.25,5.
"   10P/Tempel 2",55905,1.421786240562419,.5362620126476956,12.02437843282116,195.6042140709295,117.8020084450762,20100704.7687995,"JPL K214/19",,13.8,,10.6,,0.022,8.93,5.36847152029154,.412505,4.5637E-5,6.,
"   11P/Tempel-Swift-LINEAR",58782,1.389752619959597,.5774403918911596,14.43689229260524,167.7584807340938,238.9908765179936,20201125.9975778,"JPL K204/9",,15.3,18.6,,,,,5.96461591241717,.403286,.00030795,19.5,5.
"   12P/Pons-Brooks",39405,.7780186522514184,.9542202409863804,74.7037493144222,199.0936340963835,255.9595132752626,19540523.1759312,"JPL 16",Y,5.,11.,,,,,70.0620696485467,.183538,.0041697,15.0,10.0
"   13P/Olbers",35760,1.17845061442612,0.930297147462082,44.609885733805,64.64120651677283,86.10312835462277,19560619.1353310,"JPL 10",Y,5.,11.5,,,,,69.5183499778236,.477199,.2554,15.0,10.0
"   14P/Wolf",55880,2.728800509097144,.357453296269419,27.94263968532118,159.1964068959347,202.1079779976616,20090227.6070988,"JPL K174/9",,15.7,,4.66,,,9.02,8.75203072040838,1.74344,.00016528,4.5,
"   15P/Finlay",56734,.9756993763602596,.7202222192778053,6.799397865022541,347.5535723155552,13.78902016837436,20141227.0534081,"JPL K213/5",Y,14.8,,,,,,6.51272007447764,.00879894,9.6462E-5,9.25,
"   16P/Brooks 2",57111,1.46671433774411,.5630632502431984,4.259482438591073,219.7163700336009,159.2908192554265,20140607.6649986,"JPL K212/2",,12.1,15.6,,,,,6.15033324268974,.472329,.0011926,13.5,5.
"   17P/Holmes",57133,2.057288272361748,.4317142981081037,19.09187459595455,24.55215944153677,326.7637494976957,20140327.5562813,"JPL K212/17",,9.1,13.8,3.42,,,,6.88812205235246,1.06217,.00027693,15.25,5.
"   19P/Borrelly",55731,1.351291598610115,.6252115138544034,30.35660507935723,353.3622213304643,75.39518918306582,20080722.8950839,"JPL K223/4",,8.5,13.9,4.8,,0.022,,6.84624531092933,.369401,.00018074,18.25,5.
"   21P/Giacobini-Zinner",58063,1.013493750730936,.7104667848114644,32.00303376160798,172.8091596458073,195.4051449504903,20180910.2654693,"JPL K182/14",Y,13.1,,2.0,,,,6.54925990138296,.0178922,.00015311,8.5,
"   22P/Kopff",56055,1.575208513283572,.5443365464933816,4.724805363156379,162.671600989941,120.8695673372387,20090524.6990173,"JPL K223/10",,11.5,,3.0,,0.05,,6.42760206544804,.559598,9.4689E-5,9.75,
"   23P/Brorsen-Metcalf",47800,0.4787527107248574775866,0.9719522579248509597249,19.333940469818628571374,129.6106836788667,311.5854622141069,19890911.9374331,"JPL 13",Y,7.8,14.,,,,,70.5225834969236,.193872,.94939,8.0,5.0
"   24P/Schaumasse",57350,1.20616902407146,.7048377385790582,11.73397999992298,58.00232148852397,79.66577775476655,20171116.7608171,"JPL K173/9",Y,12.0,15.6,2.6,,,,8.26093519448952,.283142,.01898,16.,5.
"   26P/Grigg-Skjellerup",54326,1.116736323909562,.6330527671345312,22.35649066304651,1.704070781269587,211.710319637668,20080323.6790246,"JPL K1810/3",Y,15.1,18.1,2.6,,,,5.30919578072805,.110412,4.617E-5,14.,5.
"   27P/Crommelin",56364,.748287467144728,.9189810923126022,28.96687278723059,196.0253968913816,250.6264098390235,20110803.8910902,"JPL K113/4",Y,12.8,16.3,,,,,28.0692839516353,.215189,37.729,28.,5.
"   28P/Neujmin 1",55632,1.561444294065856,.774395975295462,14.38677745727602,347.7379075231466,346.3066493626623,20021228.3998050,"JPL 49",,13.2,,21.4,,0.025,,18.2086471502384,.554611,6.2493E-5,4.5,
"   29P/Schwassmann-Wachmann 1",55910,5.731387187319426,.04423203734325496,9.380789899698266,50.33344813771316,312.586108421396,20190405.3357526,"JPL K192/45",,8.6,,60.4,,0.033,,14.6848367089631,4.73679,5.0644E-5,4.5,
"   30P/Reinmuth 1",56183,1.880973739593776,.5016105669476711,8.126270446090473,13.14619850371807,119.7278627210677,20100419.7656489,"JPL K172/8",,13.6,,7.8,,,,7.33211152543363,.895216,.00013964,7.,
"   31P/Schwassmann-Wachmann 2",55554,3.424313358172445,.1929518908135903,4.546486710364198,17.93006801410605,114.1876326212957,20100929.4572107,"JPL K193/22",,7.2,14.0,6.2,,,,8.74015864617154,2.43939,6.2788E-5,17.5,5.
"   32P/Comas Sola",55353,2.008565194966582,.5546485799036236,9.968516517217138,53.30658848884395,57.84360276824752,20141019.7008873,"JPL K142/1",,11.0,13.4,8.4,,,,9.57817657976511,1.04298,.00025573,9.,5.
"   33P/Daniel",55481,2.166723120715797,.4623600611807658,22.3861472280879,18.90526683076218,66.54082976573451,20080720.4109071,"JPL K163/7",,15.2,,2.6,,,,8.0905127047404,1.19213,.00035361,4.5,
"   35P/Herschel-Rigollet",29480,0.74849,0.97405,64.207,29.298,355.980,19390809.4640000,SAO/1939,Y,8.3,,,,,,155,,,10,
"   36P/Whipple",54496,3.089787307315115,.2581018329884116,9.934959712092994,202.0044421729328,182.3895973047033,20120102.2078434,"JPL 18",,11.3,14.4,4.56,,,,8.49932883704201,2.0957,4.6299E-5,11.75,5.
"   37P/Forbes",57840,1.608855680101205,.5344761599834154,8.962054270441827,330.0004370065654,314.6395769323095,20180504.1473495,"JPL K182/10",,11.5,15.4,1.92,,,,6.42496763862595,.598762,.00049352,16.25,5.
"   38P/Stephan-Oterma",58262,1.588505048173736,.859286285876197,18.3529465228447,359.5886765534911,78.00036419278668,20181110.9873435,"JPL 22",,11.5,13.4,,,,,37.9303160767358,.604127,5.0925E-5,9.5,5.
"   39P/Oterma",42711,5.453033856983636,.2436393769380302,1.950747562018238,56.12275197362448,332.1180878201394,19830617.9502329,"JPL 17",,7.0,13.6,,,,,19.358518912425,4.45801,.00038595,14.75,5.
"   40P/Vaisala 1",57262,1.819771156172117,.6316152020645802,11.49264281940788,47.28885502172881,133.8401678570807,20141115.8423501,"JPL K148/7",,11.7,14.8,4.2,,,,10.9794558818843,.847879,6.3012E-5,13.,5.
"   41P/Tuttle-Giacobini-Kresak",57844,1.0450427369138,.6612506884287184,9.229131696230207,62.15858521740492,141.066286210229,20170412.7522549,"JPL K171/18",Y,15.3,,1.4,,,,5.41865682628637,.133597,.0032727,17.,
"   42P/Neujmin 3",57380,2.027755196838527,.5841747519155726,3.984591946246174,147.120393793131,150.279966816504,20150408.2095539,"JPL K155/2",,13.2,16.4,2.2,,,,10.7687477482499,1.01462,.00065075,15.,5.
"   43P/Wolf-Harrington",56756,1.357094479295572,.5949096247356784,15.97248249331635,191.5591866853453,249.8663360818902,20160819.4179840,"JPL K162/6",,8.6,13.9,3.6,,,,6.13190532556299,.375803,.00021864,17.,5.
"   44P/Reinmuth 2",56514,2.117340647263704,.4267308995200987,5.895470068273555,58.33556307157289,286.4715288320675,20150324.1832717,"JPL K223/4",,13.6,,3.22,,,,7.09833520250763,1.1165,.00027706,6.25,
"   45P/Honda-Mrkos-Pajdusakova",57798,.5325129824904962,.8239728740011473,4.248165440352516,326.2819404679929,88.9817832531519,20161231.2657473,"JPL K161/12",Y,15.1,,1.6,,,,5.26179719529213,.0602751,.0021651,24.75,
"   46P/Wirtanen",58465,1.055355767895463,.6587597216166052,11.74759274314818,356.3410943543136,82.15763882934478,20181212.9312022,"JPL K181/21",Y,16.5,,1.2,,,,5.43896298194742,.0713354,.0019025,4.5,
"   47P/Ashbrook-Jackson",58194,2.8181339653393,.3172109886407994,13.02919462663023,357.656913980399,356.971395574693,20170610.1198296,"JPL K171/14",,13.4,,5.6,,,15.6,8.38534371592602,1.81131,.014417,4.5,
"   48P/Johnson",55228,2.302418509482578,.3678117401626815,13.66068838516227,207.8266217590061,117.2884957292427,20110928.9697590,"JPL 68",,9.3,13.5,5.74,,,,6.95048266565574,1.3007,3.6828E-5,15.75,5.
"   49P/Arend-Rigaux",55800,1.423831532619747,.6004056650597324,19.04992263042993,332.7876924849961,118.8779145108195,20111019.0764664,"JPL K183/17",,14.2,,8.48,,0.028,13.450,6.72615898543828,.461795,6.1094E-5,5.75,
"   50P/Arend",55190,1.922161808831259,.5298191651919552,19.16230981680282,49.01451533157994,355.3247745531997,20071101.4633114,"JPL K163/2",,14.1,,1.9,,,,8.26600634401576,.981081,9.7505E-5,8.,
"   51P/Harrington",57300,1.699602249252703,.542437041421476,5.424389279818731,269.2756022819647,83.70082476433753,20150812.6857017,"JPL K153/2",,11.8,15.1,4.8,,,,7.15900818286303,.704944,.0049249,14.,5.
"   51P/Harrington-A",51677,1.568096864999769,.5620663599153678,8.654956945930117,233.587839407905,119.1877795469232,20010605.6933477,"JPL 8",,10.6,15.1,4.8,,,,6.77571408202069,.5817,.0017261,15.,5.
"   51P/Harrington-D",53462,1.646282145601325,.5524980225643705,5.408234874963838,269.1090870083974,84.56410029483207,20080614.0675435,"JPL 2",,8.6,14.7,,,,,7.05622087046608,.651987,9.3441E-5,20.,5.
"   52P/Harrington-Abell",55348,1.775700835903087,.539617075598499,10.22565162735523,139.6709936590744,336.8686694013297,20140309.1100270,"JPL K145/8",,7.9,15.5,2.6,,,,7.57502534116723,.806369,9.1622E-5,25.,5.
"   53P/Van Biesbroeck",55782,2.426218348989635,.5510744634278288,6.611254102620895,134.2654652081746,148.8977993028672,20160430.7999891,"JPL K162/8",,9.9,12.5,6.66,,,,12.5643944118219,1.41526,.00014389,10.,5.
"   54P/de Vico-Swift-NEAT",55013,2.1717640349767100005351,0.4270474945217546114406,6.0671607093682196065742,1.933331420129209,358.8600316230779,20091128.5701211,"JPL 22",,13.1,17.3,,,,,7.37987869257988,1.16881,.00083638,14.,5.
"   55P/Tempel-Tuttle",51040,0.976427915467506,0.905552720972412,162.486575379434,172.5002736828059,235.270989149082,19980228.0977341,"JPL J985/69",Y,10.,16.,3.6,,0.06,,33.2417827583798,.00848081,.00091119,25.0,10.0
"   56P/Slaughter-Burnham",56513,2.505862998058844,.5072991108712617,8.147206653384872,44.21693188176982,346.0380370030389,20160718.0783123,"JPL K162/3",,9.4,13.4,3.12,,,,11.4701518709991,1.51797,.00013271,14.5,5.
"   57P/duToit-Neujmin-Delporte",57368,1.728765256118342,.499276915064137,2.848337103994044,115.2170040628986,188.7995180507057,20150522.2655401,"JPL K213/5",,14.7,,,,,,6.41528300248608,.714121,.0013056,9.75,
"   57P/duToit-Neujmin-Delporte-A",52640,1.72939044107225,0.499040120360139,2.84481020036925,115.2325343233014,188.9256753142995,20020731.1512416,"JPL K023/3",,8.5,16.,,,,,6.41421280698932,.714736,.0016976,26.0,10.0
"   58P/Jackson-Neujmin",59045,1.377428679180437,.6626107400674749,13.10968051908232,200.4434551691668,159.0787052555178,20200527.4244241,"JPL K201/3",,9.3,16.3,,,,,8.24926021971436,.380383,.22064,25.75,5.
"   59P/Kearns-Kwee",56598,2.351607621257864,.4763780377856204,9.342933810173106,127.7450117838551,312.8604406817258,20090309.6166430,"JPL K182/5",,10.5,14.7,1.58,,,,9.51762764524281,1.38058,.00016324,15.,5.
"   60P/Tsuchinshan 2",57220,1.619566766899144,.538536691475378,3.608949186300423,216.4936690753554,267.6612927793719,20120513.8892553,"JPL K183/6",,9.3,15.2,,,,,6.57507519434914,.635242,5.4182E-5,25.,5.
"   61P/Shajn-Schaldach",56041,2.110519378969819,.4266921436652285,6.007764953028679,221.8295259706238,163.0891024911736,20150930.9693951,"JPL K153/5",,13.4,,2.4,,,,7.06334434178254,1.11673,.00011112,8.,
"   62P/Tsuchinshan 1",55455,1.384048020352056,.5978728473229802,9.710109103879912,30.11864631352202,90.36358529030574,20110630.2519663,"JPL K174/11",,7.9,15.9,,,,,6.38542549315031,.411209,7.1671E-5,31.25,5.
"   63P/Wild 1",56717,1.950577151905188,.6509190323024351,19.77997964011996,169.0295202220291,358.0018642381609,20130410.8313401,"JPL 31",,6.5,14.3,2.9,,,,13.208808523438,.960345,.0002658,27.,5.
"   64P/Swift-Gehrels",58096,1.39335149361793,.6873199595898266,8.948396545424007,97.14416399553535,300.0009686531288,20181103.9119812,"JPL K183/7",,14.4,,3.2,,,,9.40695343761851,.440145,.00014361,6.25,
"   65P/Gunn",57831,2.910263085882775,.2503908752722527,9.184139333410439,213.4810697604877,62.01737390239089,20171016.5158787,"JPL K171/12",,10.9,,10.8,,,,7.64987399406867,1.89951,.0046301,7.75,
"   66P/du Toit",56961,1.285451447234088,.7865681713017859,18.6689713312349,257.342734110419,21.99985095509755,20180520.4689477,"JPL K184/8",Y,15.7,,,,,,14.7809701659725,.438277,.00015606,7.,
"   67P/Churyumov-Gerasimenko",56574,1.242916560392336,.641148484511151,7.042496756044474,12.75579901977557,50.16335072244306,20150812.9262936,"JPL K215/5",Y,11.2,13.9,4.0,,,12.76137,6.44612892082614,.256953,1.5018E-5,12.,5.
"   68P/Klemola",57446,1.76205306623601,.6403325999028817,11.18350804840104,153.8398902534949,175.3003845692082,20191111.9227063,"JPL K192/2",,11.2,14.1,4.4,,,,10.8438890201743,.759789,7.0166E-5,11.75,5.
"   69P/Taylor",57495,2.28012398386599,.4136650628115652,22.04227618096902,343.6689081509768,104.8536963588911,20190318.4238110,"JPL K192/5",,17.3,,,,,,7.66879692349845,1.30411,.0016845,4.5,
"   70P/Kojima",55395,2.01269440382815,.452541472117818,6.595847299713631,2.041124565777666,119.2600238928303,20071005.2337223,"JPL 39",,11.0,14.9,3,,,,7.04933456638332,1.02827,4.3524E-5,14.75,5.
"   71P/Clark",57899,1.58621399332349,.4943781414695106,9.445340590021177,208.9167867411067,59.44627994746336,20170630.2040859,"JPL K171/5",,11.7,14.6,1.36,,,,5.55663802478134,.57821,.017213,12.,5.
"   72P/Denning-Fujikawa",56981,.7841612055380167,.8191545266363583,9.169283869658974,337.8580424566273,36.10919645775216,20140711.6372194,"JPL 21",Y,18.3,21.4,,,,,9.02931423648274,.0852532,.00095091,33.,5.
"   73P/Schwassmann-Wachmann 3",57800,.9721772236077267,.6855236514795381,11.23693112176631,199.3892656094352,69.66171061633882,20170316.8423994,"JPL K223/1",Y,13.8,,,,,,5.43556111661917,.014443,.0046615,6.5,
"   73P/Schwassmann-Wachmann 3-A",50080,.933408224926385,.6956866904827348,11.42310238299434,198.8292944102898,69.94463197709641,19950922.9255856,"JPL 1",Y,,,,,,,5.37197789166462,.0445852,8.7986,,
"   73P/Schwassmann-Wachmann 3-B",53880,0.9391110367239190459542,0.6932855208263886126474,11.396951947033860719216,198.7994525904428,69.89247679701043,20060607.9244273,"JPL K061/24",Y,15.2,,,,,,5.35774699700879,.0407102,.0037507,8.,
"   73P/Schwassmann-Wachmann 3-C",55980,.9428566311694347,.6922258013072282,11.37915705677313,198.8705914205202,69.84321690348189,20111016.8996863,"JPL K114/1",Y,13.2,,,,,,5.36201936497173,.0383732,.00026759,9.,
"   73P/Schwassmann-Wachmann 3-E",51920,0.937436994548815,0.6938774627627,11.4056211759106,198.7732444491985,69.91710448172594,20010128.4534014,"JPL K013/11",Y,10.4,,,,,,5.35893362989882,.0410327,.0084527,15.0,
"   73P/Schwassmann-Wachmann 3-G",53839,0.939183930115084,0.693412971192622,11.3895622899332,198.7746010901946,69.90839960829794,20060608.0962630,"JPL 19",Y,16.8,18.0,,,,,5.36171242350909,.0405397,.18872,8.0,5.0
"   73P/Schwassmann-Wachmann 3-H",53839,0.939169508544489,0.693565806671118,11.3910638961291,198.7738044969675,69.9078914114573,20060608.2799878,"JPL 14",Y,20.2,21.7,,,,,5.36560060311544,.0405504,.3314,8.0,5.0
"   73P/Schwassmann-Wachmann 3-J",53815,0.939020204694954,0.691538816676964,11.380265457103,198.869444132752,69.82886017812947,20060608.1501033,"JPL 3",Y,,,,,,,5.31153230587721,.040713,3.9227,,
"   73P/Schwassmann-Wachmann 3-K",53839,0.939076843864193,0.693543485158215,11.3910646244732,198.7896438621016,69.89734340284451,20060608.2224135,"JPL 4",Y,20.9,,,,,,5.36422038658229,.0405795,1.7799,10.0,
"   73P/Schwassmann-Wachmann 3-L",53839,0.939089394354414,0.694735674965028,11.3987127952321,198.7475944367357,69.93678268425323,20060608.3286997,"JPL 7",Y,20.9,21.7,,,,,5.39578363248632,.0406543,.75762,10.0,5.0
"   73P/Schwassmann-Wachmann 3-M",53839,0.939096814670938,0.693940938277251,11.3943614399649,198.7775561198109,69.90530158146959,20060608.2571557,"JPL 11",Y,21.0,21.8,,,,,5.37484432085886,.0405893,2.5937,15.0,5.0
"   73P/Schwassmann-Wachmann 3-N",53839,0.939254358392007,0.692288993783599,11.3809412138733,198.7643511012408,69.89730281276252,20060608.2704287,"JPL 14",Y,20.4,21.2,,,,,5.33296195128557,.0405265,1.1532,10.0,5.0
"   73P/Schwassmann-Wachmann 3-P",53839,0.939159139363166,0.695575899386973,11.4054219318703,198.7241361407526,69.95619989625854,20060607.8532228,"JPL 7",Y,,,,,,,5.4187415622391,.0406505,6.2448,,
"   73P/Schwassmann-Wachmann 3-Q",53839,0.939715748283575,0.698647244447971,11.4193580973025,198.4951921977602,70.13788751331991,20060607.6794476,"JPL 3",Y,21.5,,,,,,5.5066846858957,.0407459,60.547,7.5,
"   73P/Schwassmann-Wachmann 3-R",53839,0.939131547287258,0.694088213263508,11.3947263030202,198.769702114044,69.91308584130121,20060608.1796405,"JPL 15",Y,19.2,20.0,,,,,5.37902460370814,.0405802,1.1117,8.0,5.0
"   73P/Schwassmann-Wachmann 3-S",53839,1.02236657781188,0.69335823324,11.0481813428788,181.562191599204,81.99161507316578,20060608.7601619,"JPL 2",Y,21.1,,,,,,6.08795179228671,.00735462,1397.8,15.0,
"   73P/Schwassmann-Wachmann 3-T",53839,0.939318776106244,0.711932414090286,11.5122995825914,198.1833800675977,70.4760044162668,20060608.7001791,"JPL 5",Y,,,,,,,5.888248334766,.0416177,36.167,,
"   73P/Schwassmann-Wachmann 3-U",53839,0.939390329396146,0.689397458779432,11.3598206486042,198.8353864788111,69.8327199189979,20060609.0362429,"JPL 2",Y,,,,,,,5.25980717089293,.0402974,22.527,,
"   73P/Schwassmann-Wachmann 3-V",53839,0.912206736092244,0.69348697056495,11.651823761982,204.9294792152065,65.24678693301523,20060608.4766819,"JPL 2",Y,,,,,,,5.13422271626054,.0436362,317.44,,
"   73P/Schwassmann-Wachmann 3-W",53839,0.93912503260658,0.697573249761406,11.4183179944517,198.6608054163719,70.01698506664813,20060608.4695423,"JPL 3",Y,,,,,,,5.4722133789927,.0407989,14.995,,
"   73P/Schwassmann-Wachmann 3-X",53839,0.939082699809293,0.694751288807723,11.3993873710683,198.7509795337178,69.92862059302733,20060608.5550265,"JPL 7",Y,21.7,,,,,,5.39613993690678,.040651,1.5072,10.0,
"   73P/Schwassmann-Wachmann 3-Y",53839,0.939165740778142,0.719502303654523,11.5618412574595,197.9700546537453,70.66913935014475,20060608.5948301,"JPL 3",Y,,,,,,,6.12671412915886,.0421453,54.608,,
"   73P/Schwassmann-Wachmann 3-Z",53839,0.942039154090354,0.69335823324,11.349472014182,198.0161462720894,70.49401080978578,20060608.3091201,"JPL 2",Y,,,,,,,5.38473915450535,.0402231,200.93,,
"   73P/Schwassmann-Wachmann 3-AA",53839,0.939284534168623,0.680633878945504,11.2950649353802,199.1079394823084,69.57271647354284,20060609.1662953,"JPL 3",Y,,,,,,,5.04394908784768,.0398375,18.211,,
"   73P/Schwassmann-Wachmann 3-AB",53856,0.939166328287337,0.691246808725753,11.3731938601948,198.8169658347176,69.85894300547889,20060608.7135029,"JPL 4",Y,,,,,,,5.30523699962686,.0406154,4.1473,,
"   73P/Schwassmann-Wachmann 3-AC",53856,0.939045253315126,0.695367114577502,11.4052801907194,198.7526383059272,69.93380113835332,20060608.6783260,"JPL 5",Y,,,,,,,5.41218718748961,.040807,4.3694,,
"   73P/Schwassmann-Wachmann 3-AD",53839,0.940707359529286,0.69335823324,11.3683658421522,198.3713234061079,70.21921728190907,20060608.6792402,"JPL 2",Y,,,,,,,5.37332429278925,.0403756,914.39,,
"   73P/Schwassmann-Wachmann 3-AE",53839,0.9390511810333,0.696725656659651,11.4146906889204,198.7081422587468,69.97232230057514,20060608.3261872,"JPL 5",Y,,,,,,,5.44864597413083,.0407527,19.199,,
"   73P/Schwassmann-Wachmann 3-AF",53839,0.941184912309177,0.676299018237858,11.2397327643991,198.7163902725815,69.84971349851291,20060607.0142232,"JPL 1",Y,,,,,,,4.95797819317181,.0394279,190.81,,
"   73P/Schwassmann-Wachmann 3-AG",53839,0.93903924488354,0.695781146462459,11.4075896405856,198.7052943053087,69.9589661420688,20060608.9984569,"JPL 4",Y,,,,,,,5.42318760944666,.0407789,6.7285,,
"   73P/Schwassmann-Wachmann 3-AH",53839,0.942986614671515,0.69335823324,11.330632437678,197.7396253755624,70.70742060713012,20060608.6296412,"JPL 3",Y,,,,,,,5.39286478917067,.0401536,405.13,,
"   73P/Schwassmann-Wachmann 3-AI",53836,.9388931783840914,.698165609339885,11.42992480739673,198.7301308043815,69.97019181795081,20060608.7002440,"JPL 7",Y,21.3,,,,,,5.48629802925263,.0407059,35.596,10.0,
"   73P/Schwassmann-Wachmann 3-AJ",53839,0.936080103000306,0.800195285662543,12.1493175429657,196.7656541361871,72.06227489809055,20060608.0111745,"JPL 2",Y,21.3,,,,,,10.1407278330903,.0466078,274.78,10.0,
"   73P/Schwassmann-Wachmann 3-AK",53839,0.937705211325409,0.69335823324,11.4294972671815,199.3256981265443,69.37619102093456,20060608.3826940,"JPL 3",Y,18.8,,,,,,5.34762240191595,.0403185,896.21,30.0,
"   73P/Schwassmann-Wachmann 3-AL",53839,0.938768583919104,0.699842823483816,11.4439332846419,198.7225549045438,69.97977382957781,20060608.4058874,"JPL 2",Y,,,,,,,5.53124539175354,.0408918,169.2,,
"   73P/Schwassmann-Wachmann 3-AM",53839,0.930937163724782,0.69335823324,11.5441980464116,201.0885963512684,68.11933346444872,20060608.2010370,"JPL 1",Y,,,,,,,5.28983092886262,.0409197,466.42,,
"   73P/Schwassmann-Wachmann 3-AN",53839,0.938997323738394,0.694756955270123,11.4051415712495,198.8011953376514,69.89155967192667,20060608.3161787,"JPL 4",Y,,,,,,,5.39555431326974,.0406014,12.999,,
"   73P/Schwassmann-Wachmann 3-AO",53839,0.940750162287031,0.69376877393668,11.325884937118,198.1671916364014,70.38879700338832,20060607.8506011,"JPL 3",Y,,,,,,,5.38450079475938,.0407466,184.74,,
"   73P/Schwassmann-Wachmann 3-AP",53856,0.938745428567555,0.701430092385429,11.4659092912232,198.7426204960793,69.9669785019781,20060606.6097834,"JPL 8",Y,20.3,21.2,,,,,5.57520581298437,.0409957,14.617,10.0,5.0
"   73P/Schwassmann-Wachmann 3-AQ",53856,0.939006436459305,0.695911908759867,11.4136956180962,198.7713164253278,69.92072504439952,20060607.9000490,"JPL 9",Y,17.5,18.5,,,,,5.42640166347363,.0407903,3.9436,35.0,5.0
"   73P/Schwassmann-Wachmann 3-AR",53839,0.939204760431714,0.695799013016798,11.406522554195,198.7098465902828,69.96630167530681,20060606.8107967,"JPL 2",Y,21.8,,,,,,5.4250994247122,.040648,51.489,20.0,
"   73P/Schwassmann-Wachmann 3-AS",53852,.9388251153500813,.7011056336835199,11.4618269105828,198.7219593922071,69.97647507180749,20060606.2613137,"JPL 9",Y,20.3,22.3,,,,,5.56683894882581,.0411155,31.749,10.0,5.0
"   73P/Schwassmann-Wachmann 3-AT",53839,0.939628790402723,0.686932227480063,11.3346206138147,198.8104065064084,69.84813048476539,20060606.2886748,"JPL 2",Y,21.0,,,,,,5.19978192644555,.0402083,21.41,10.0,
"   73P/Schwassmann-Wachmann 3-AU",53839,0.939297958829185,0.692822353452358,11.3822058521825,198.758306151452,69.91454525670791,20060608.0976554,"JPL 1",Y,,,,,,,5.3472299051059,.0404992,9.28,,
"   73P/Schwassmann-Wachmann 3-AV",53839,0.939024287616966,0.69335823324,11.3951152975271,198.8335456057121,69.88524740736541,20060606.4955478,"JPL 1",Y,,,,,,,5.35891017438435,.0405264,79.123,,
"   73P/Schwassmann-Wachmann 3-AW",53839,0.940257756426406,0.67730146390118,11.2395964153711,198.8339738442099,69.79453062090771,20060607.9087760,"JPL 2",Y,,,,,,,4.97374020004107,.0397913,82.806,,
"   73P/Schwassmann-Wachmann 3-AX",53839,0.93800953956083,0.692470126439069,11.4277852827943,199.2512703220542,69.46695211432159,20060609.4988419,"JPL 1",Y,,,,,,,5.32706652712761,.0403094,701.64,,
"   73P/Schwassmann-Wachmann 3-AY",53839,0.940193403515323,0.675089956009265,11.2258696408536,198.92203184,69.71151968098572,20060608.9021135,"JPL 2",Y,,,,,,,4.92254048387186,.0396626,199.81,,
"   73P/Schwassmann-Wachmann 3-AZ",53839,0.940317777569168,0.675069986179574,11.2207094103756,198.8670388615369,69.76425985850773,20060606.7046528,"JPL 1",Y,,,,,,,4.92306340434966,.0396971,172.7,,
"   73P/Schwassmann-Wachmann 3-BA",53839,0.940247790214922,0.682432921372534,11.2707509575385,198.6920225956304,69.92099750027795,20060606.5443897,"JPL 1",Y,,,,,,,5.09469833149912,.0400535,169.65,,
"   73P/Schwassmann-Wachmann 3-BB",53839,0.942420571036717,0.682432921372534,11.1901846106183,197.9285670216984,70.47094006423771,20060607.0909983,"JPL 1",Y,,,,,,,5.11236823020815,.0401434,691.28,,
"   73P/Schwassmann-Wachmann 3-BC",53856,0.938807404922457,0.700467515087574,11.4587061463897,198.7461327274749,69.95554650558832,20060606.6066092,"JPL 7",Y,19.8,20.1,,,,,5.54890216767565,.0409545,35.088,50.0,5.0
"   73P/Schwassmann-Wachmann 3-BD",53839,0.946155583556335,0.682439213725336,10.9745482605982,196.4631309954056,71.41848296987524,20060606.1753380,"JPL 1",Y,,,,,,,5.14294327620725,.0403885,1770.,,
"   73P/Schwassmann-Wachmann 3-BE",53839,0.939421340921746,0.682439213725336,11.3165548004854,199.0041336556026,69.69353534875259,20060606.9751012,"JPL 1",Y,,,,,,,5.08813390533009,.0399828,142.87,,
"   73P/Schwassmann-Wachmann 3-BF",53856,0.939574293907841,0.685673899484921,11.3219762595877,198.8097995413545,69.83455705491185,20060607.0636384,"JPL 2",Y,,,,,,,5.16813946145222,.0403966,45.171,,
"   73P/Schwassmann-Wachmann 3-BG",53839,0.939341834446035,0.684754805524033,11.3245005390743,198.954825666221,69.72079451789067,20060608.8070845,"JPL 1",Y,,,,,,,5.143644991578,.0401066,403.45,,
"   73P/Schwassmann-Wachmann 3-BH",53839,0.939816246820806,0.682439213725336,11.2894062349653,198.8380687888751,69.80392620641391,20060608.6526138,"JPL 1",Y,,,,,,,5.0913426017245,.0400469,802.87,,
"   73P/Schwassmann-Wachmann 3-BI",53856,0.939765097396971,0.682462679481376,11.3004575322101,198.9127973517095,69.75258615452337,20060608.7255428,"JPL 3",Y,,,,,,,5.09149129713147,.0400621,68.87,,
"   73P/Schwassmann-Wachmann 3-BJ",53839,0.939252920798806,0.691094488235562,11.370228917327,198.7979116113036,69.87876451740438,20060608.6863968,"JPL 2",Y,,,,,,,5.30204668611781,.0404609,147.39,,
"   73P/Schwassmann-Wachmann 3-BK",53839,0.939266635740712,0.691542805405763,11.3707772083427,198.7753879911289,69.89745388065928,20060608.8970880,"JPL 2",Y,23.7,,,,,,5.31372640270597,.0404942,43.124,10.0,
"   73P/Schwassmann-Wachmann 3-BL",53839,0.939099661465389,0.696223718867002,11.4093615023607,198.699429249213,69.97335799061499,20060608.8633871,"JPL 2",Y,22.4,,,,,,5.43556804196274,.0407422,1084.1,10.0,
"   73P/Schwassmann-Wachmann 3-BM",53839,0.939756862869674,0.682439213725336,11.2943325652082,198.8613490413005,69.77558820073149,20060609.0163165,"JPL 1",Y,,,,,,,5.09086005112188,.0400412,1016.5,,
"   73P/Schwassmann-Wachmann 3-BN",53856,0.939185744588995,0.691771506515135,11.3774492573962,198.794770559419,69.88153448038356,20060608.2123911,"JPL 3",Y,21.3,22.0,,,,,5.31895437314373,.0406492,60.659,10.0,5.0
"   73P/Schwassmann-Wachmann 3-BO",53856,0.939219068906999,0.691827563127927,11.3761572743389,198.7715535759656,69.89197757406906,20060608.2715693,"JPL 3",Y,22.9,24.5,,,,,5.32068888860887,.0406766,8.7454,20.0,5.0
"   73P/Schwassmann-Wachmann 3-BP",53856,0.939783267683454,0.682453453655532,11.2907748415971,198.8488389130481,69.81061092752898,20060608.3917749,"JPL 1",Y,,,,,,,5.09141707025829,.0401865,52.325,,
"   73P/Schwassmann-Wachmann 3-BQ",53856,0.939155663545736,0.692453880247705,11.3882612457051,198.8198463106619,69.8657752054544,20060608.3004271,"JPL 2",Y,20.8,23.4,,,,,5.33641009487744,.0406116,65.124,10.0,5.0
"   73P/Schwassmann-Wachmann 3-BR",53856,0.939601786160311,0.685154134205868,11.3192478294503,198.8412924261245,69.82671174634405,20060606.2364776,"JPL 2",Y,,,,,,,5.15557323377108,.0403129,13.831,,
"   73P/Schwassmann-Wachmann 3-BS",53856,0.938948671781629,0.698573546172044,11.444464486684,198.7685231571228,69.93999714325663,20060605.7779192,"JPL 1",Y,,,,,,,5.49792655280095,.0408245,237.69,,
"   73P/Schwassmann-Wachmann 3-BT",57821,.9719767582079062,.6856345051905101,11.23833447259341,199.3494423523701,69.65683849488195,20170316.8206844,"JPL 9",Y,13.3,,,,,,5.43675441488139,.0142524,.65528,15.25,
"   74P/Smirnova-Chernykh",56161,3.551249044230594,.1475927963279198,6.650981208210413,86.61165894322819,77.08358022300244,20090726.7357684,"JPL K183/31",,4.8,12.1,4.46,,,,8.50372544909856,2.5675,5.932E-5,17.25,5.
"   76P/West-Kohoutek-Ikemura",55618,1.602162964826761,.53840740739129,30.47488333010127,.04853464150566448,84.11235550058475,20130508.0452438,"JPL K195/7",,15.4,17.2,0.66,,,,6.46665942202636,.618202,2.3321E-5,10.5,5.
"   77P/Longmore",55395,2.311098542747621,.3579075021671352,24.39924221547497,196.7523001954945,14.91285511991158,20090707.9722785,"JPL 32",,9.5,13.3,8.2,,,,6.82872312508889,1.31567,5.0548E-5,14.,5.
"   78P/Gehrels 2",56987,2.011536547242388,.461637372748463,6.252696505134401,192.7558599464267,210.5626757533421,20120112.1049367,"JPL K192/24",,9.0,12.6,,,,,7.22250311599451,1.02019,.00030833,13.25,5.
"   79P/du Toit-Hartley",54391,1.230504097618105,.5940852746390944,2.893178304077592,253.2696876465822,307.8386464761982,20080528.4114330,"JPL 17",Y,17.4,,2.8,,,,5.27813615254525,.234063,.0003396,4.5,
"   79P/du Toit-Hartley-A",45045,1.194750809922003,.6023273293368896,2.944088531604184,251.5747726566037,309.3824696459872,19820330.4430872,"JPL 4",Y,16.9,,,,,,5.20757560421409,.199623,.95459,10.,
"   79P/du Toit-Hartley-B",45018,1.193726737476237,.5996133080988838,2.936085459940086,251.7224341773509,309.3093453631898,19820330.9123636,"JPL 3",Y,17.5,,,,,,5.14809003348712,.198328,60.442,10.,
"   80P/Peters-Hartley",56908,1.612724740769127,.5989902415048468,29.92275599280534,339.1311051464525,259.8892998524929,20141110.0391888,"JPL 17",,9.3,,,,,,8.06521897446367,.620458,.011462,27.,
"   81P/Wild 2",57495,1.59213154910753,.5383287217040634,3.239059426274849,41.70662901682302,136.1247786980013,20160720.3207100,"JPL K222/1",,7.9,12.9,4.0,,,,6.40438363860503,.598381,.011089,16.,5.
"   82P/Gehrels 3",52484,3.625705145656267,.1232542077837754,1.126554815725817,227.4956617541502,239.5914610958287,20010830.2880843,"JPL 19",,7.6,16.4,1.46,,,,8.40981401343045,2.64335,.00025775,18.5,5.
"   84P/Giclas",55894,1.840490783412315,.4944679176981627,7.284293770723781,276.4047896990754,112.3893362880986,20130723.0723777,"JPL 49",,14.2,,1.80,,,,6.94681269785029,.861919,2.8038E-5,6.5,
"   85P/Boethin",54252,1.1346574522589409905748,0.7811606261503803994017,4.2952945910302675613934,37.61838460810365,359.3961137217372,20081212.7465637,"JPL 23",Y,,,,,,,11.8063909966417,.149899,24.586,,
"   86P/Wild 3",56060,2.282560174289136,.3687169262916488,15.47735410909144,178.665283902942,72.4526216141705,20150405.0205525,"JPL K152/2",,15.9,,0.86,,,,6.87551664961439,1.26824,.0025999,10.,
"   87P/Bus",57467,2.101174815284378,.3893476920698341,2.6023944932398,24.75638615410691,181.8898060895848,20131219.9014816,"JPL K203/18",,12.7,16.1,0.56,,,,6.38278885529987,1.0978,.00028799,14.,5.
"   88P/Howell",57415,1.358311306413808,.5630765640362927,4.382972531227686,235.8985845808472,56.69766275964597,20150406.2190790,"JPL K203/16",,12.0,,4.4,,,,5.48149680638551,.350768,6.1754E-5,9.5,
"   89P/Russell 2",57560,2.220561913965532,.4080083815513693,12.07653613877625,250.1414428824369,41.44521124700714,20161214.6685190,"JPL 21",,12.6,16.6,2.8,,,,7.264892552219,1.23952,.0012321,12.,5.
"   90P/Gehrels 1",57800,2.974897484109951,.5097929126747022,9.635377864966653,29.26997752861308,13.25190332544677,20170619.2755651,"JPL K172/12",,6.5,13.3,7.8,,,,14.950194058866,1.98855,.015343,19.,5.
"   91P/Russell 3",54435,2.604707190368946,.3303580009724388,14.0926991685507,354.8416551616165,247.8944632624194,20050627.1058526,"JPL K204/2",,7.8,15.7,,,,,7.67153974431676,1.59236,6.9052E-5,21.5,5.
"   92P/Sanguin",57375,1.825455658882622,.6593254789566613,19.44460631112987,163.7890342412169,181.4589164241891,20150301.1835357,"JPL 28",,11.1,14.5,2.38,,,,12.4038256630773,.826021,.00070802,17.,5.
"   93P/Lovas 1",57800,1.700150174908333,.6126650383337702,12.20450342919124,74.89804338193238,339.6274201271978,20170301.4523394,"JPL 62",,12.5,14.6,,,,18.2,9.1962142413058,.75887,.0013664,10.,5.
"   94P/Russell 4",55408,2.240229460285974,.3630744636188046,6.182454469682845,92.83431427445655,70.91256840889369,20100329.7100641,"JPL 48",,13.1,15.1,,,,20.70,6.59650606776778,1.25961,.00013261,9.5,5.
"   96P/Machholz 1",54773,.1237142323289413,.9592074836894154,58.53858182853028,14.7463138854509,94.35081293062883,20070405.6560801,"JPL K173/5",Y,13.4,,6.4,,,,5.28161761434005,.334629,2.9266E-5,11.25,
"   97P/Metcalf-Brewington",57164,2.604021608446533,.4573932742257172,17.86957001570563,228.2912964551788,185.1974637230118,20110819.6830982,"JPL K113/8",,12.9,16.6,3.4,,,,10.5134999955919,1.65073,.0062455,9.,5.
"   98P/Takamizawa",55915,1.672338149803353,.560585959923109,10.5459800822991,157.9474151951102,114.7526749114245,20130805.4765023,"JPL K203/2",,14.6,,5.4,,,,7.4247776777192,.660409,.00021381,8.75,
"   99P/Kowal 1",55650,4.746805424978969,.228154402606064,4.332555210756173,174.5986405652773,28.20671080527934,20070127.5423137,"JPL 30",,6.8,11.5,10.2,,,,15.2515751986342,3.74389,.00016548,12.25,5.
"  100P/Hartley 1",55057,1.98240004348726,.4187071505270601,25.65332278421983,181.7070943094326,37.84596497146841,20091206.1470434,"JPL 22",,11.3,16.2,,,,,6.29800032993133,.975567,.00031779,19.,5.
"  101P/Chernykh",56641,2.304923056995887,.6007547457585911,5.010626815777335,276.5418940312657,117.4601416719296,20191230.2254932,"JPL K203/16",,13.7,,5.6,,,,13.8718124074665,1.3177,.00065347,4.5,
"  101P/Chernykh-B",53733,2.350527046947969,.5947203403123665,5.078327540984246,263.1851639654208,130.2337768015298,20051224.3893442,"JPL 5",,13.0,,,,,,13.9676669148349,1.3627,11.056,10,
"  102P/Shoemaker 1",55982,1.968543630738699,.4732076238332613,26.24590768369254,18.73489843638509,339.8794153628378,20130901.1208081,"JPL K133/5",,16.5,,3.2,,,,7.22381387963977,.973751,.00034265,4.5,
"  103P/Hartley 2",55530,1.058679098998275,.6948883789281467,13.61926973311054,181.2099869444809,219.7583231740731,20101028.2653158,"JPL K173/7",Y,14.2,,1.6,,,18.1,6.46348264304736,.0666239,.00151,15.,
"  104P/Kowal 2",57600,1.179122444061068,.6386695859566606,10.25426992139334,200.6739477005111,235.4207637354207,20160328.1515717,"JPL K163/6",Y,13.4,,2.0,,,,5.89508108782436,.20043,.078309,16.,
"  105P/Singer Brewster",55871,2.050833442476216,.4092903547464972,9.170614994406176,46.6827608522571,192.420042683955,20120226.1957865,"JPL 46",,13.8,,2.2,,,,6.46908258074244,1.05305,2.0913E-5,9.75,
"  106P/Schuster",54123,1.556132796775239,.5867806534500898,20.11131320810893,355.830409779395,50.6122070399975,20070402.2264526,"JPL 24",,10.7,15.9,1.88,,,,7.30814602160296,.565635,.00056352,21.75,5.
"  108P/Ciffreo",57029,1.70885351688228,.543162904642441,13.09736721710827,358.0788520309444,53.67026821238291,20141018.4249719,"JPL K212/3",,9.6,15.9,3.2,,,,7.23474810536513,.719897,.00033171,24.75,5.
"  109P/Swift-Tuttle",50000,0.959516155068868,0.963225755046038,113.453816997171,152.9821676305871,139.3811920815948,19921211.9997846,"JPL 32",Y,4.5,8.5,26,,,,133.281843840173,.000892135,.0022962,15.0,10.0
"  110P/Hartley 3",57178,2.475214795426148,.3150460794616988,11.68961555000125,167.7428076317524,287.7087922932935,20141217.7683536,"JPL K212/10",,6.6,13.3,4.3,,,10.153,6.86966417518855,1.4947,.00023075,20.5,5.
"  111P/Helin-Roman-Crockett",56320,3.704303387230362,.1096207704078609,4.228807042165645,3.37794152502789,89.79399820609125,20130130.6292399,"JPL 8",,8.4,17.2,1.2,,,,8.48604821158179,2.72099,.00082619,17.,5.
"  112P/Urata-Niijima",55425,1.459185607969411,.587407344869055,24.20010522204686,21.35107724365804,31.92988236979212,20130624.5670868,"JPL 34",,14.6,17.9,1.8,,,,6.65107384645484,.485865,1.827E-5,15.,5.
"  113P/Spitaler",53950,2.128697407208918,.4226647608003281,5.776064580075514,49.87910711647745,14.47514487707455,20080323.5986027,"JPL 40",,13.7,,2.2,,,,7.08006099362902,1.14749,2.0612E-5,11.25,
"  114P/Wiseman-Skiff",58210,1.57940836295917,.5544781715390068,18.27307484738311,172.8436746387409,271.0621098706122,20200114.2411660,"JPL K203/16",,14.0,16.3,1.56,,,,6.67492470752343,.597928,4.0376E-5,11.75,5.
"  115P/Maury",56993,2.057416071826029,.5182928382587354,11.66973500016411,121.113898742594,176.0778058896553,20111005.0325339,"JPL 41",,13.0,15.3,2.22,,,,8.82707343389146,1.07096,6.2356E-5,10.5,5.
"  116P/Wild 4",55718,2.177796140730832,.3738051423702575,3.611821849863624,173.6630210810085,21.03226238628755,20090718.6498493,"JPL K223/1",,8.2,12.8,,,,,6.48589319590062,1.17678,7.4073E-5,16.,5.
"  117P/Helin-Roman-Alu 1",57565,3.053868450983751,.2541224830043278,8.699364198228125,222.5521181802492,58.87417039012227,20140326.6559613,"JPL K222/23",,5.8,11.4,9,,,,8.28480738195615,2.0449,.00026098,14.5,5.
"  118P/Shoemaker-Levy 4",55636,1.983551981007191,.4276928306674881,8.508598912999116,302.1455444899108,151.8029060423584,20100102.3611981,"JPL K162/7",,10.7,14.1,4.8,,,,6.45252657423977,1.01522,.0007374,14.,5.
"  119P/Parker-Hartley",55265,3.036588569803731,.290958957976868,5.192417922821468,181.0781630010706,244.0758454177644,20140403.2158178,"JPL 54",,12.2,,,,,,8.86298613401732,2.04963,8.4874E-5,7.75,
"  120P/Mueller 1",53373,2.746807155357698,.336662206520318,8.787089100165726,30.16639379641331,4.461100193933076,20040930.1040702,"JPL 20",,4.3,16.4,3.0,,,,8.42652172152278,1.7574,.00095807,30.75,5.
"  121P/Shoemaker-Holt 2",53237,2.648121917851742,.3384566096450156,17.71778250246377,6.229882613689777,99.66991751542987,20040901.7153335,"JPL 43",,5.6,12.5,3.24,,,,8.0089883898227,1.6647,9.8817E-5,20.25,5.
"  122P/de Vico",50280,0.6593373359243723808020,0.9627088867609727707019,85.382753114444753350653,12.99609193700053,79.62450068849807,19951006.0001734,"JPL 27",Y,7.5,,,,,,74.3466977284963,.316817,.00052517,10,
"  123P/West-Hartley",57284,2.126106874531257,.4492702213969574,15.3545455772283,102.9184468350662,46.52737304496928,20190204.3398649,"JPL K192/7",,8.2,13.8,,,,3.7,7.5853914877167,1.19661,.00010679,18.,5.
"  124P/Mrkos",56777,1.645335604353245,.503879699243008,31.52903948645166,183.7115098309219,.4145733620302468,20140409.6157931,"JPL 58",,16.4,,,,,,6.03961768921343,.649112,3.0655E-5,4.5,
"  125P/Spacewatch",55419,1.525211994136073,.5120401837068013,9.986457950401826,87.29359844035815,153.1877488061983,20130217.3832172,"JPL 32",,12.6,16.7,1.6,,,,5.52621059765882,.555863,1.7099E-5,17.,5.
"  126P/IRAS",53047,1.716156581907463,.6950931272102849,45.8352260389661,356.9554426639248,357.7503017603217,20100301.8200902,"JPL 18",,8.8,14.4,3.2,,,,13.3534273232821,.713066,.00019404,17.,5.
"  127P/Holt-Olmstead",55168,2.195723043641129,.3623455624836588,14.32165437252401,6.540056514329597,13.68456209223027,20091021.3648209,"JPL K162/1",,9.5,15.7,,,,,6.38993532241859,1.19854,.013329,23.,5.
"  128P/Shoemaker-Holt 1",56670,3.054379357180198,.3220169800985928,4.363311993562433,210.4973348075075,214.3433433088412,20170110.1390495,"JPL K172/11",,6.8,14.2,,,,,9.56234570311652,2.06861,.00013935,19.5,5.
"  128P/Shoemaker-Holt 1-A",57600,3.034620890006818,.3341244560473043,4.353888335077986,210.5667859053697,214.4009006383635,20170506.6969351,"JPL 11",,8.5,14.,,,,,9.72915830890068,2.04761,42.704,10,5
"  128P/Shoemaker-Holt 1-B",50726,3.047035099236322,.3212585112842391,4.361724121462829,210.2169312978122,214.5275829560614,19971120.2887819,"JPL 33",,5.6,16.7,4.6,,,,9.51191132031499,2.06106,.039676,19.,5.
"  129P/Shoemaker-Levy 3",55708,3.697991699699139,.1359066129019424,3.551575310246609,312.8166297006061,187.8303848254882,20140214.8292975,"JPL K223/7",,14.3,,,,,,8.85352214823174,2.71241,.00043097,4.5,
"  130P/McNaught-Hughes",55797,2.098074456302373,.406738707574909,7.307309105263396,224.3736637933758,89.81289187480661,20110624.7947445,"JPL 44",,13.3,,4.2,,,,6.65074851974542,1.09113,.00019775,9.,
"  131P/Mueller 2",55473,2.417741522532803,.3430115020043426,7.355164099867491,179.633855733234,214.2265569436209,20120107.8457660,"JPL 39",,8.6,16.0,,,,,7.0597017923177,1.42349,8.3752E-5,23.25,5.
"  132P/Helin-Roman-Alu 2",58985,1.687232376613466,.5662447099870976,5.378854799685059,216.330460908012,174.1664793085748,20211113.0168442,"JPL K212/2",,12.9,16.1,,,,,7.67190782803894,.695074,9.409,15.75,5.
"  134P/Kowal-Vavrova",56476,2.571724794237012,.5871533464284463,4.348710731845402,18.56022478846696,202.1234304908432,20140521.4476687,"JPL 21",,5.3,12.8,,,,,15.547543736781,1.56458,.00021651,21.,5.
"  135P/Shoemaker-Levy 8",50567,2.717392719212513,.2901403770968527,6.050220694183359,22.69833249604233,213.357338917522,19991210.5982210,"JPL 14",,7.0,,3.8,,,,7.48993592466625,1.70726,.00044668,17.0,
"  136P/Mueller 3",56554,2.975201101233285,.2917012132182821,9.415548291492428,225.3036710389666,137.4765907245934,20160531.4172247,"JPL K162/2",,4.9,14.3,,,,,8.60910380802022,1.98161,.00033474,24.25,5.
"  137P/Shoemaker-Levy 2",57353,1.933300086425401,.572059275934346,4.850394307947268,140.9903955041453,233.0732746596554,20181214.1036693,"JPL 42",,15.4,,5.8,,,7.7,9.60244176590945,.93714,9.6085E-5,4.5,
"  138P/Shoemaker-Levy 7",53612,1.707302198226694,.5294518760783127,10.07952060977841,95.64910660338207,309.4417698756743,20050719.9043195,"JPL 19",,16.7,,,,,,6.9114271100523,.751048,.00015751,8.,
"  139P/Vaisala-Oterma",55516,3.40292120840971,.2475258895835873,2.328730212472332,165.7253966892989,242.3775854441777,20080420.4423830,"JPL 41",,7.2,14.4,,,,,9.61720113948566,2.41255,8.3253E-5,18.,5.
"  140P/Bowell-Skiff",51320,1.97187717420617,0.691761661370916,3.83582756854885,173.0867710151257,343.4564572071254,19990514.8119290,"JPL 25",,11.5,16.3,,,,,16.1807262009553,.981441,.0005617,15,5
"  141P/Machholz 2",58688,.8042282437844125,.7367277893237026,13.97823079724828,153.6189272636393,241.8769262240817,20201215.9424882,"JPL K202/7",Y,17.1,,,,,,5.33911965068962,.0980609,8.6316E-5,5.,
"  141P/Machholz 2-A",50594,.751174367939751,.7504734077906811,12.79337930969478,149.244253309364,246.1551562177739,19991209.6030955,"JPL 79",Y,12.0,,,,,,5.22328940621879,.105828,.00023901,30.0,
"  141P/Machholz 2-D",51425,.7489599354244401,.7510941447488013,12.81198253165266,149.2924228695888,246.14177171,19991209.9531258,"JPL 12",Y,12.5,,,,,,5.21967439228822,.108077,.0026172,30,
"  142P/Ge-Wang",53534,2.478647008841503,.4992448868911117,12.32135224051653,176.1895445988281,176.5787342780052,20100603.3507967,"JPL 20",,15.7,,,,,,11.0126576016532,1.47324,.0002318,4.5,
"  143P/Kowal-Mrkos",56463,2.541748695927636,.4086621881689048,4.68949912339242,320.8000393837215,245.3240036007273,20090610.8081617,"JPL 84",,14.5,,,,,,8.9115580717315,1.54009,4.1325E-5,4.5,
"  144P/Kushida",54937,1.438988740092205,.6278179422811281,4.10912029789126,216.0950319605645,245.5592386512142,20090126.8555996,"JPL 21",,13.4,,,,,,7.60258258919427,.459034,.0023969,9.75,
"  145P/Shoemaker-Levy 5",57082,1.901601963988758,.5409816392416366,11.26421319155015,10.42031025289311,26.84075894637009,20170831.8344621,"JPL 32",,13.4,,,,,,8.43223189602869,.909833,.00020811,8.25,
"  146P/Shoemaker-LINEAR",56472,1.42576921191251,.646726656289458,23.09409337090814,317.0689507155134,53.44724388498319,20160629.5651165,"JPL K163/2",,13.5,17.3,,,,,8.10803747573577,.500379,.00042466,16.,5.
"  147P/Kushida-Muramatsu",54801,2.7562341423379970173357,0.2760252083897379860033,2.3679635720599740977832,346.8408341847135,93.76206553452435,20080922.8684505,"JPL K083/2",,4.5,16.8,0.42,,,,7.4284327777262,1.77177,.0018477,23.,5.
"  148P/Anderson-LINEAR",57164,1.691980696155342,.5394647052225616,3.682036792350926,6.700966864673739,89.78027602563908,20150613.7828505,"JPL 19",,12.3,16.3,,,,,7.0421768736838,.707381,.0016415,16.,5.
"  149P/Mueller 4",56317,2.64727789236614,.3882007873891392,29.75161323136183,43.58392065363044,145.2534026452151,20100218.6429146,"JPL 14",,15.5,,,,,11.88,9.00106982987069,1.72327,.00025291,4.5,
"  150P/LONEOS",54935,1.767700651965978,.5457797211159796,18.50019520128608,245.6702010234571,272.4278263933224,20081125.9937304,"JPL 40",,15.7,,,,,,7.67752971501118,.863807,5.6802E-5,4.5,
"  151P/Helin",55225,2.493085610807924,.5707454240855666,4.73497202072889,215.5180433913689,143.5574035298307,20151006.7789788,"JPL 34",,8.5,14.9,8.4,,,,13.9972136045758,1.49229,.0020699,21.75,5.
"  152P/Helin-Lawrence",56006,3.116420963126949,.3074152885455035,9.867017217521962,163.80976487,91.91130012104979,20120709.2827511,"JPL 65",,11.4,,,,,,9.54515592425716,2.10224,.0002227,8.5,
"  153P/Ikeya-Zhang",52402,.5070700896059622,.9900806570176691,28.1209574068563,34.66817865742473,93.36945661875394,20020318.9801594,"JPL 74",,4.0,,,,,,365.498696171512,.331905,19.44,15.0,
"  154P/Brewington",56216,1.608066401551812,.6707084350744681,17.82971603463223,48.98875093603971,343.5032204168225,20131212.4024144,"JPL K132/1",,10.7,15.3,,,,,10.7917843968684,.667188,8.5154E-5,17.,5.
"  155P/Shoemaker 3",55697,1.806225595975299,.7260961715473442,6.398002867072,14.60223955198564,97.27600604960912,20021208.0738862,"JPL 52",,10.,,,,,,16.9343697060138,.82479,5.904E-5,12.0,
"  156P/Russell-LINEAR",58907,1.333090567466156,.6149676979456414,17.2646280074315,.3675706814045548,35.40578922959016,20201117.8135769,"JPL 42",,12.9,,,,,,6.44246305389648,.338526,.00016898,7.75,
"  157P/Tritton",55021,1.360517446437297,.6011929280446558,7.278095080854229,148.7040372721414,300.1160495272092,20100220.4915437,"JPL K163/2",,13.5,16.8,,,,,6.30115407051211,.385382,.00010681,15.75,5.
"  158P/Kowal-LINEAR",55514,4.578397926392983,.02987902167336547,7.908440152969166,231.6760307377363,137.3094554672828,20120916.2934890,"JPL 131",,7.0,12.7,,,,,10.2527333488818,3.58146,.00014381,13.75,5.
"  159P/LONEOS",57130,3.621085497979628,.3820766227646656,23.46243119592039,4.872797978681144,55.06434940576393,20180523.1942037,"JPL 54",,12.9,,,,,,14.1861462349189,2.6321,.0001226,4.5,
"  160P/LINEAR",56179,2.066541396860307,.4790954081811925,17.27621952090086,18.19746732662544,337.0020958443905,20120918.5210708,"JPL 58",,6.7,16.0,,,,,7.90200113602949,1.06711,5.0839E-5,31.25,5.
"  161P/Hartley-IRAS",53190,1.274829386138673,.8350880971909477,95.69805019936666,47.09145237546669,1.398165371226708,20050620.8505346,"JPL 60",Y,11.5,15.0,,,,,21.4935571710523,.448405,.00013401,11.5,5.
"  162P/Siding Spring",55254,1.233069764231843,.596082930626238,27.8165826280624,356.3057631541191,31.24009792755536,20100308.4219850,"JPL 132",Y,15.3,,,,,32.853,5.33397978274039,.240107,6.2715E-6,4.5,
"  163P/NEAT",54018,1.926188112398533,.4761945044977119,12.49015044624771,347.8690764023282,103.4408850800716,20050201.1958284,"JPL 39",,11.7,16.5,,,,,7.05181927934566,.944803,.00018183,20.,5.
"  164P/Christensen",57002,1.681450015417078,.5402860343298719,16.26201829366678,326.0039134537305,88.30743483611026,20180530.9122359,"JPL K182/9",,14.3,,,,,,6.99523966431788,.717724,6.4535E-5,4.5,
"  165P/LINEAR",52114,6.830373294232157,.6215859839121411,15.90526367300277,126.2054227184884,.6387682655327216,20000615.7934311,"JPL 51",,5.9,11.5,,,,,76.6874047414462,5.87213,4.9213,11.5,5.
"  166P/NEAT",52819,8.564302274369588,.3831009241033613,15.36840138378012,321.8789017302635,64.48883847202967,20020520.8409478,"JPL 51",,7.0,10.6,,,,,51.7279185596684,7.58249,.46574,8.75,5.
"  167P/CINEOS",53075,11.78353505279489,.2699530443009784,19.12721256246262,343.649173828268,295.8374451609474,20010409.9433978,"JPL 22",,,9.7,66.170,,0.053,,64.8478240312233,10.7718,1.4075,,5.0
"  168P/Hergenrother",55839,1.415279122552949,.609474519674165,21.92936571223644,13.91912904077119,356.477670872156,20121001.9333764,"JPL 57",,7.4,15.2,,,,,6.89917704383186,.41995,4.8609E-5,42.5,5.
"  169P/NEAT",54464,.607302742278664,.7668172062104814,11.30147174856602,217.9798820153891,176.2089239380909,20091130.4767006,"JPL 129",Y,16.8,,,,,8.369,4.20311539486304,.142282,9.3895E-6,4.5,
"  170P/Christensen",54598,2.928076494361703,.3042181922597016,10.1282616779703,225.3789152994892,143.0116326499152,20060126.6306449,"JPL 24",,10.8,14.6,,,,,8.6332084213826,1.93774,.00017849,12.5,5.
"  171P/Spahr",57879,1.771332348465658,.5020210572590079,21.93636624712738,347.1878637277071,101.7081664638199,20190113.7581022,"JPL K193/2",,12.2,16.8,,,,,6.70875319105604,.793353,.00030457,20.,5.
"  172P/Yeung",55419,2.241453394107939,.3649285571853082,11.60310204668613,180.359115212385,39.35563828994676,20081016.4069441,"JPL 72",,14.8,,,,,,6.6308452957601,1.23279,.00013328,4.5,
"  173P/Mueller 5",55787,4.206346909205015,.2610761986704702,16.501455149009,29.43409915881225,100.504554258083,20080515.5512267,"JPL 97",,12.1,,,,,,13.5820820455417,3.23489,.00011519,4.5,
"  175P/Hergenrother",55465,2.015938937607542,.4221748462030159,6.093929260970516,51.13961201642894,126.4354790912761,20130526.2009495,"JPL 62",,9.7,15.6,,,,,6.51672803554974,1.02867,.00029002,21.5,5.
"  177P/Barnard",53849,1.107271122596795,.9544420406209867,31.21645855446403,60.45355083971904,272.0677211344989,20060828.6832418,"JPL 29",Y,15.7,18.3,,,,,119.823711708336,.310191,.00061291,13.,5.
"  178P/Hug-Bell",56251,1.933842804541083,.4729919523404931,10.97529382676345,296.9463255581147,103.5748531955486,20130723.0157691,"JPL 50",,13.6,15.9,,,,,7.02933246999837,.970627,3.7289E-5,10.,5.
"  179P/Jedicke",53329,4.081928760725117,.3073286224300528,19.88526705167764,295.7011591292119,115.8803880485065,20071204.6757005,"JPL 26",,5.0,13.4,,,,,14.3059094054407,3.15359,.00062562,17.5,5.
"  180P/NEAT",55718,2.481326780837824,.3555557373399909,16.88504049591769,95.30370209935556,84.65130102313798,20080525.5637866,"JPL 48",,5.6,14.6,,,,,7.55537638111027,1.55337,.00033023,26.25,5.
"  181P/Shoemaker-Levy 6",56908,1.123593041258743,.7073228278805144,16.98117916666919,333.7988485602352,37.6794577153227,20140610.3258330,"JPL 16",Y,16.3,19.3,,,,,7.52208935718543,.156355,.0044661,17.,5.
"  182P/LONEOS",53241,.9780223894453234,.6663423537151608,16.90929376463073,51.43385800364934,75.10005302488305,20070205.8329734,"JPL 63",Y,20.8,,,,,,5.01856756041442,.109366,1.7534E-5,4.5,
"  183P/Korlevic-Juric",55996,3.888057116789763,.134955173760814,18.73884262328877,160.9026061544765,5.842860289809564,20080503.4442345,"JPL 57",,13.1,,,,,,9.52904191153521,2.89989,.00011051,4.5,
"  184P/Lovas 2",56460,1.394023424475308,.604251108072664,1.551449297513431,78.06092118768561,277.7449665216805,20130728.4655222,"JPL 44",,18.4,,6.2,,,,6.61125255999369,.390812,.00015137,5.5,
"  185P/Petriew",56473,.9319757108506322,.6993345995045035,14.0071028125114,181.9391939260816,214.0912549894404,20120813.5513706,"JPL K183/6",Y,13.4,16.6,,,,,5.45745184458728,.0617438,3.7701E-5,10.,5.
"  186P/Garradd",55738,4.320612683642799,.127012807228085,28.55242076152731,287.2867497489762,327.5965359186473,20080528.9286476,"JPL 63",,6.6,12.6,,,,,11.0106865144197,3.43152,.00022887,12.25,5.
"  187P/LINEAR",55601,3.715327823749933,.1731823615852687,13.65508613815119,134.7358165923954,111.7360928195993,20081022.5837617,"JPL 41",,7.3,13.9,,,,,9.5255335939581,2.71922,.00016856,16.75,5.
"  188P/LINEAR-Mueller",57800,2.565145710223482,.4148529023488451,10.51135701353678,26.77145035596338,358.9814968959161,20170217.0428473,"JPL K172/7",,11.3,13.9,,,,,9.17864723868602,1.57447,6.7084E-5,11.,5.
"  189P/NEAT",54753,1.173800687651032,.5976635079194662,20.40128623582695,15.30269227528813,282.1995605467127,20070725.9361614,"JPL 63",Y,19.1,,,,,,4.98328360476911,.168492,2.158E-5,4.5,
"  190P/Mueller",54370,2.031923755618229,.520745591883073,2.189852345931994,49.73911755327738,336.1151285423772,20070708.2090868,"JPL 42",,13.7,,,,,,8.73011851962952,1.03653,.00020715,10.75,
"  191P/McNaught",54959,2.04732528221437,.4204539437568819,8.760584035129821,274.1771034804343,106.5235573365661,20070913.2396478,"JPL 63",,13.4,,,,,,6.63982364059787,1.07356,8.4492E-5,9.,
"  192P/Shoemaker-Levy 1",54160,1.460559253300469,.7740800338485342,24.56930100022372,312.7842038623888,51.66440242999915,20071217.2409963,"JPL 20",,12.1,15.4,,,,,16.438229957869,.555797,.0088446,14.5,5.
"  193P/LINEAR-NEAT",55518,2.158522319223824,.3958837606801653,10.70217399601006,8.438236659969288,335.2536334265799,20080220.8214570,"JPL 40",,9.0,16.3,,,,,6.75401860159345,1.15099,.00015279,23.25,5.
"  194P/LINEAR",57520,1.697713555806843,.5755808395443396,11.13800510665402,130.711455746716,351.9937652644215,20160302.4425143,"JPL 73",,14.1,17.8,,,,,8.00041202495453,.735582,.0075133,17.,5.
"  195P/Hill",54492,4.438217478400857,.3150495598886983,36.3675062092703,249.6537017235729,243.2611482002586,20090121.4319237,"JPL 38",,8.4,12.5,,,,,16.4942414544035,3.64379,.0011645,10.25,5.
"  196P/Tichy",53074,2.150486794387736,.4313134636584931,19.37779809475703,11.59879573819078,24.36813921395573,20001003.3410937,"JPL 27",,12.3,16.8,,,,,7.35366688153324,1.16068,.00013659,16.,5.
"  197P/LINEAR",53966,1.061186439297253,.629922217478288,25.55595010958105,188.7502286652151,66.39570290701492,20080518.9989202,"JPL 48",Y,18.2,20.1,,,,,4.85574889344401,.0519932,9.2484E-5,6.75,5.
"  198P/ODAS",52695,1.979103746835186,.447693987249963,1.349847655061643,69.06401611221352,358.7441848672781,20050503.0359225,"JPL 33",,15.8,,,,,,6.78330565700272,.993369,.0010216,4.5,
"  199P/Shoemaker 4",54413,2.935943057082458,.5069585464474292,24.76774202006649,191.9452850862831,92.94599628072754,20090410.0428922,"JPL 44",,7.7,,,,,,14.5313007673682,1.92252,.00033373,15.25,
"  200P/Larsen",54476,3.272188272475892,.3332333296445664,12.12106054046366,133.6947006010602,234.8190231782743,20080825.0130151,"JPL 45",,7.0,14.1,,,,,10.8718838513189,2.2867,.0001428,17.25,5.
"  201P/LONEOS",56055,1.339983667105315,.6128609829851979,7.036519436200648,24.95396025367818,35.28566777420284,20150114.3345179,"JPL 41",,13.0,16.7,,,,,6.43957261765447,.35796,3.3474E-5,15.25,5.
"  202P/Scotti",54096,2.526604653858187,.3303114108823372,2.185411483214558,255.6394659902615,194.5869444390441,20090207.4454827,"JPL 78",,15.9,,,,,,7.32832618083359,1.54396,.00017644,5.25,
"  203P/Korlevic",55932,3.182920957874402,.3160243694948942,2.973838948939416,154.7123986333365,290.5240100285717,20100208.9853670,"JPL 130",,13.0,,,,,,10.0388979708786,2.19918,9.8638E-5,6.,
"  204P/LINEAR-NEAT",54757,1.94022552378914,.4705292856803756,6.581223054156699,355.0405750227104,109.1066323962714,20081209.2749365,"JPL 49",,15.9,,,,,,7.01493428287631,.957336,.002371,4.5,
"  205P/Giacobini",55185,1.527121244608701,.5686950646497007,15.30550506835132,154.2642271258146,179.6179218162154,20080910.0691277,"JPL 10",,14.6,,,,,,6.66257082930665,.531934,.0003015,7.5,
"  205P/Giacobini-A",54766,1.526450001972009,.568714327637854,15.30462698794076,154.219453037641,179.6299185991975,20080910.0428953,"JPL 7",,12.0,15.7,,,,,6.65862461283462,.532148,.065321,17.,5.
"  205P/Giacobini-B",54735,1.530213038690974,.5753279137768729,15.40528193605396,154.0793970125158,179.5073325093614,20080909.7638931,"JPL 3",,18.5,,,,,,6.83999014591284,.536385,107.35,10.,
"  205P/Giacobini-C",54679,1.5266815023710049725735,0.5687302569766289339625,15.308543661944190361623,154.2717704299316,179.6270623155098,20080910.2539860,"JPL 1",,,,,,,,6.66050843501621,.532358,.030485,,
"  206P/Barnard-Boattini",53922,1.136482170391982,.6485340716298722,33.20383224666092,181.3610529059079,204.3764784165238,20081024.0466316,"JPL 13",Y,20.3,,,,,,5.81469978652238,.140964,.0038087,10.,
"  207P/NEAT",53977,.9437427131078613,.7570315839242892,10.15004607850937,271.2037940066632,200.6727364464514,20081106.3838741,"JPL 68",Y,16.5,,,,,,7.65532945104502,.14723,7.8744E-5,9.75,
"  208P/McMillan",55422,2.527703619879194,.374392024946453,4.41401381118131,310.6453893603847,36.39911634669623,20080513.6183586,"JPL 26",,16.1,,,,,,8.1216452045322,1.52342,.00011077,4.5,
"  209P/LINEAR",55947,.9028410006727384,.6920214030579277,20.61912261051878,152.1306592817882,63.60831886306269,20140423.2245183,"JPL 139",Y,18.1,,,,,,5.0193133407124,.0576412,1.6218E-5,4.5,
"  210P/Christensen",55230,.5344452596554076,.831697418977411,10.21718056200596,345.7660007850266,93.87237015158735,20081219.9810262,"JPL 53",Y,14.9,17.8,,,,,5.65883305925778,.170412,6.7968E-5,10.,5.
"  211P/Hill",55973,2.357074809903078,.338349337441299,18.87857565547379,4.262574849958032,117.2672535239955,20090507.8011435,"JPL 40",,14.1,,,,,,6.72396005156764,1.37352,.00025538,7.,
"  212P/NEAT",54872,1.654455839157313,.5788843630113104,22.39744798631526,15.04690736549059,98.92840178716503,20081203.2657132,"JPL 17",,18.0,,1.7,,0.096,,7.78733610251188,.678929,.00016413,4.5,
"  213P/Van Ness",57990,1.983345892772604,.4074592224934488,10.37781727280848,5.554770790246914,311.3167299428853,20170924.3690177,"JPL K171/4",,11.4,14.7,,,,,6.12390619311363,.969552,.051967,13.75,5.
"  213P/Van Ness-B",55791,2.122728532462212,.3797273022751771,10.24005100770656,3.341503759615148,312.6706695170379,20110616.4297495,"JPL 11",,7.3,18.2,,,,,6.33105214171125,1.10881,.22125,37.,5.
"  214P/LINEAR",52790,1.839837235517338,.4895516925973101,15.22603925329975,190.1589670513864,348.3074277177954,20020301.0463661,"JPL 18",,12.1,17.4,,,,,6.8430491018652,.845978,.0002305,22.75,5.
"  215P/NEAT",56842,3.367311304381997,.213343802379092,10.5569169514709,247.1637007180518,69.20145956834264,20101012.2151184,"JPL 72",,9.4,13.5,,,,,8.85636795535116,2.37365,.0002795,11.25,5.
"  216P/LINEAR",53093,2.153943609389469,.445349107334237,9.043239055054107,151.646932679744,359.9111017041794,20010212.9615068,"JPL 34",,4.9,16.8,,,,,7.65297195186346,1.16924,.00032612,38.,5.
"  217P/LINEAR",55420,1.224243311157191,.6896146266101426,12.88031480733989,246.7648924024237,125.620841535249,20090908.9860508,"JPL 132",Y,14.0,,,,,,7.83353775670424,.307712,4.8562E-5,6.5,
"  218P/LINEAR",55413,1.700962101651553,.4910536511031661,18.17171418419027,10.77751806250413,226.6187112291633,20090622.5752725,"JPL 44",,15.5,18.3,,,,,6.11001327259394,.693094,3.881E-5,13.5,5.
"  219P/LINEAR",55447,2.363985710625861,.3529673440430335,11.52575153750193,107.7099309944655,231.0267545153982,20100305.4750051,"JPL 79",,11.9,14.9,,,,,6.98370960854603,1.38656,.00097029,11.,5.
"  220P/McNaught",55808,1.549665441869026,.5022047918712533,8.131745402985386,180.7544334149151,150.1221670230096,20091215.2574435,"JPL 53",,15.7,17.8,,,,,5.49274018919369,.538333,9.0173E-5,10.5,5.
"  221P/LINEAR",55628,1.780672980869152,.4874465569833638,11.42914713730555,39.55042917974559,229.9861825770439,20090124.4846506,"JPL 68",,13.7,16.4,,,,,6.47553601189362,.781204,.00010789,14.25,5.
"  222P/LINEAR",54620,.7805866264824591,.7268241441104772,5.146523755949469,345.4267483330132,7.132797132343198,20090901.1700003,"JPL 37",Y,19.3,,,,,,4.8303254527668,.0628239,3.3419E-5,11.,
"  223P/Skiff",55758,2.42033875049744,.4164498479565223,27.05464660845126,37.85605252446513,346.8234839396711,20100814.5094840,"JPL 70",,15.4,,,,,,8.44705172453122,1.46934,.00014216,4.5,
"  224P/LINEAR-NEAT",53303,1.881914697784143,.4369574066912527,14.73061938425923,9.292237809958742,43.51389700555364,20030917.1128458,"JPL 13",,13.1,18.1,,,,,6.1107740928603,.893762,.0060678,20.75,5.
"  225P/LINEAR",57800,1.32451381966037,.6375279752197517,21.33499395312778,3.920316763471809,14.18217273040393,20160816.9453514,"JPL 45",,19.0,,,,,,6.98523791347873,.32713,.00050974,7.,
"  226P/Pigott-LINEAR-Kowalski",57800,1.776352983933021,.5288240922535099,44.00425137528314,341.121463702107,54.00682436197214,20160905.1330769,"JPL K163/7",,11.9,15.6,,,,,7.32027663003077,.808269,.00096747,15.,5.
"  227P/Catalina-LINEAR",54885,1.795464562601004,.4996238828398967,6.524194071899128,90.1306833860792,49.88919011587622,20100903.8280176,"JPL 26",,17.2,,,,,,6.79717732339811,.822846,9.3196E-5,4.75,
"  228P/LINEAR",55623,3.430445170742139,.1769071174898956,7.915353356816836,114.8108507020502,31.0664630373914,20110823.9522371,"JPL 72",,9.5,14.4,,,,,8.50864993914182,2.45311,7.9059E-5,14.25,5.
"  229P/Gibbs",56411,2.447925802674128,.3771360756770613,26.08160313132159,224.2648072492605,157.9639216948796,20090804.1339171,"JPL 32",,14.1,,,,,,7.79140555873717,1.50843,.00011671,8.,
"  230P/LINEAR",56618,1.48461582116504,.5634228709340432,14.65364377698496,308.9034829734102,112.3992446218207,20151117.8566737,"JPL 59",,15.5,,,,,,6.27101526505938,.545965,3.6546E-5,5.,
"  231P/LINEAR-NEAT",56063,3.032391242858692,.2468162496557143,12.3256201987251,42.43114299128844,133.0822921521418,20110516.4567302,"JPL 53",,7.2,14.8,,,,,8.07857275179331,2.05286,.00018776,20.,5.
"  232P/Hill",55471,2.982860625724505,.3349223607888394,14.63507613337558,53.41737225804615,56.12913606121955,20091001.4522984,"JPL 29",,7.2,14.6,,,,,9.49837090731368,2.02779,.00016099,19.75,5.
"  233P/La Sagra",56519,1.787714983942582,.410657888066769,11.27893751889578,27.16154946018679,74.9813813539777,20150625.3311057,"JPL 14",,18.7,,,,,,5.2832895162712,.812527,.00011153,4.5,
"  234P/LINEAR",54789,2.860485834426487,.2511894100025017,11.51338519599592,358.4404768810719,179.7365748152708,20091223.9788039,"JPL 25",,7.4,15.3,,,,,7.46637739143589,1.86474,7.0399E-5,22.5,5.
"  235P/LINEAR",55708,2.747602088735582,.3134046660800669,8.892611801161452,333.7350597385954,204.4866661242519,20100321.7179861,"JPL 20",,7.3,15.4,,,,,8.00548572738138,1.75504,5.5449E-5,22.75,5.
"  236P/LINEAR",55923,1.831787475158708,.5086500132289806,16.3340718067403,119.3353487381324,245.6614983680442,20100908.7236104,"JPL 48",,15.0,17.3,,,,,7.19837399741754,.891078,8.2048E-5,10.75,5.
"  237P/LINEAR",56530,1.972636177760947,.4388317299018235,15.18909549738499,20.81976266682712,249.3891946430228,20161004.8463250,"JPL 39",,4.7,12.4,,,,,6.59081365006664,.964748,.0003222,28.5,5.
"  238P/Read",54616,2.361379880723327,.2531969888951213,1.266167215096398,325.6244378511225,51.62720266047121,20110312.3541782,"JPL 18",,10.1,17.6,,,,,5.62273867802809,1.36176,.00039903,24.,5.
"  239P/LINEAR",57665,1.647599354357973,.6314365435372322,11.30561994608353,220.383717671868,255.9445177244924,20190109.9706350,"JPL 18",,15.3,18.0,,,,,9.45185855012302,.68135,4.0894E-5,13.25,5.
"  240P/NEAT",56728,2.128389086455885,.4497940361253981,23.52461400788739,352.1522281845853,74.95183490685812,20101004.7625589,"JPL 72",,12.4,,,,,,7.60846061756002,1.14463,.00011715,5.5,
"  241P/LINEAR",55663,1.921615013925812,.6110902946289557,20.88309455933745,110.1768747637193,305.9731850518394,20100718.3438841,"JPL 52",,13.9,,,,,,10.9833444894036,1.03938,.00028485,8.75,
"  242P/Spahr",55415,3.87841482755706,.3141851676828155,32.25062994397825,250.2723984237391,181.0980269406711,20120409.5620174,"JPL 90",,6.8,12.6,,,,,13.4486682246136,3.05006,.00067216,14.25,5.
"  243P/NEAT",55533,2.45606210867686,.3597096007528222,7.634736082478446,283.9477671077271,87.72781133998569,20110303.5073508,"JPL 47",,10.4,14.8,,,,,7.51279839789139,1.46967,2.5833E-5,15.5,5.
"  244P/Scotti",55245,3.932656964086862,.204129240531879,2.267068738777555,90.63693794383315,354.3322308035548,20120107.4008331,"JPL 133",,6.9,12.5,,,,,10.984327610824,2.94896,.00024997,14.5,5.
"  245P/WISE",55043,2.139438324028626,.4661521982198971,21.08784734057847,316.399228346431,318.5272544379893,20100204.5355041,"JPL 16",,17.4,,,,,,8.02290538902929,1.17106,.00018244,4.5,
"  246P/NEAT",55944,2.87914933986324,.2850175420831506,15.970750838706,176.2639049252211,78.78549147572043,20130129.0422157,"JPL 212",,4.9,11.3,,,,,8.08093122482332,1.86369,4.5478E-5,17.,5.
"  247P/LINEAR",55813,1.484389375479767,.6256191874054086,13.68232578858054,47.33931056764322,54.12249986068358,20110104.1645161,"JPL 23",,17.9,,,,,,7.89513543159305,.539148,2.4195E-5,4.5,
"  248P/Gibbs",55427,2.146740394540508,.6411611960229625,6.367789666538791,209.9127677861201,207.78826359,20110208.7099399,"JPL 19",,16.0,,,,,,14.6328322554913,1.16174,.00080262,4.5,
"  249P/LINEAR",56825,.5031540394143637,.8184155482965213,8.403179054529868,64.67078623074227,239.9768323643608,20151126.8684157,"JPL 46",Y,18.3,,,,,,4.61255607794775,.0489884,1.2777E-5,4.5,
"  250P/Larson",56434,2.212560402856241,.4073539763269685,13.29555794127378,44.92480289655753,73.74355418059341,20101114.8588562,"JPL 30",,15.6,,,,,,7.21369612119352,1.25139,7.9548E-5,7.5,
"  251P/LINEAR",53813,1.71153475590762,.5097837984601545,23.50977787668653,30.87910690654265,219.5544176119033,20040618.8248594,"JPL 33",,9.5,17.1,,,,,6.52386995891424,.732911,.00060436,34.5,5.
"  252P/LINEAR",57521,.9960563168684656,.6731023027853387,10.42235707347085,343.3108974421889,190.9498787310189,20160315.2651661,"JPL K212/1",Y,17.1,,,,,,5.31883173662062,.0121902,.018338,11.25,
"  253P/PANSTARRS",55819,2.039439758958228,.412586722616473,4.939277700698558,231.0057832474412,146.9382014995482,20111124.1386687,"JPL 19",,13.5,15.9,,,,,6.46932376764209,1.04498,.0054109,12.75,5.
"  254P/McNaught",57380,3.150326005517889,.3194067270012558,32.56706546955663,219.145935699678,129.8045658302272,20201007.2501040,"JPL 31",,13.9,,,,,,9.95886789219884,2.20221,.00014531,4.5,
"  255P/Levy",54436,.9916311527629077,.6720911964451729,18.33189992554847,179.5784419211818,279.7822841376509,20061007.4028940,"JPL 39",Y,11.5,15.2,,,,,5.25900798645754,.00816779,.00026565,38.,5.
"  256P/LINEAR",55448,2.689709752454994,.4179395803450539,27.64210650287637,124.2035360155941,81.44882387793142,20130318.0254924,"JPL 45",,13.0,15.6,,,,,9.93377288689803,1.78074,.0001669,9.5,5.
"  257P/Catalina",56992,2.13042124394368,.4324064830669533,20.24075972178548,117.8774179962443,207.8525622303925,20130604.4245832,"JPL 107",,15.2,,,,,,7.27194003485677,1.20093,6.8762E-5,4.5,
"  258P/PANSTARRS",57468,3.477906417448885,.2104034029792996,6.745513831077704,25.99981429982633,126.2967610111714,20200617.8418924,"JPL 11",,16.3,,,,,,9.24436614161711,2.49077,.00026629,4.5,
"  259P/Garradd",55618,1.79593884275509,.34152970302507,15.89853730255651,256.5909059738796,51.9696957134415,20130125.2461156,"JPL 14",,13.7,18.9,,,,,4.50444443394446,.857638,6.1879E-5,22.,5.
"  260P/McNaught",56923,1.491759123863637,.5942159430289182,15.76701873526327,15.58484593408193,351.86427924,20120912.5014584,"JPL 93",,12.8,15.4,,,,,7.04877725111921,.494645,4.1273E-5,12.75,5.
"  261P/Larson",56698,2.184150991472072,.3918769065465186,6.336546274678119,58.97020034635978,298.4257315746451,20120930.1013057,"JPL 49",,7.4,15.7,,,,,6.80683064307413,1.18825,.00027583,27.25,5.
"  262P/McNaught-Russell",55919,1.280259612205003,.8154009345750882,29.07941848690008,171.1697623683127,218.0143063768048,20121204.4595881,"JPL 40",Y,14.7,,,,,,18.2646360681841,.290793,9.437E-5,6.5,
"  263P/Gibbs",54299,1.251369662383179,.587032627246231,14.47188951216377,26.32781335763413,113.347127391264,20061228.7792938,"JPL 17",Y,18.4,20.5,,,,,5.27488534213207,.283093,.00079818,4.5,5.
"  264P/Larsen",53699,2.438280096712716,.3737354519164309,25.14826773180474,346.6190617948315,220.9675476087703,20040313.2638391,"JPL 18",,16.7,,,,,,7.68239885675163,1.43785,.00064813,4.5,
"  265P/LINEAR",52926,1.505449526778566,.6460251240129962,14.69118890363069,32.72049921777515,344.7112315671089,20030905.8087765,"JPL 30",,14.9,17.5,,,,,8.77099460943836,.526735,.00025433,14.75,5.
"  266P/Christensen",57931,2.332337526198423,.3396456148119091,3.427132554623115,98.00968589465538,5.00362962736593,20200419.8426933,"JPL K202/11",,11.0,15.9,,,,,6.63788467597031,1.35056,.00069925,16.25,5.
"  267P/LONEOS",54368,1.337651139679126,.5933898423207782,5.368342312172119,96.85509102840562,245.2488967268012,20060902.9338716,"JPL 24",,20.5,,,,,,5.9669879739812,.346422,3.7442E-5,4.5,
"  268P/Bernardi",54236,2.350126286084155,.4802046785418135,15.66321983685393,358.2047594783238,129.2208272515375,20050814.0342719,"JPL 21",,16.5,,,,,,9.61383032741864,1.36424,.00036182,5.5,
"  269P/Jedicke",55129,4.077395318342142,.434653348337442,6.611667882593851,223.9172806202621,248.9941624869903,20141126.0638428,"JPL 80",,6.7,11.7,,,,,19.3691336395993,3.09815,.00017636,12.25,5.
"  270P/Gehrels",54667,3.594520958961934,.4676042670610696,2.859569504455628,211.4760717453448,225.681439581322,20130718.5204132,"JPL 64",,13.7,,,,,,17.5435663454436,2.61132,.00058065,4.5,
"  271P/van Houten-Lemmon",56196,4.249690084455191,.3906713240101973,6.856106929884731,35.08845716367335,9.590375352854114,20130705.5449862,"JPL 27",,7.2,14.1,,,,,18.4190262073864,3.26172,.0020369,15.75,5.
"  272P/NEAT",54878,2.437986115808386,.4524496870543607,18.27719687227987,25.96378066865483,111.8584583935031,20130309.7188463,"JPL 28",,15.8,,,,,,9.39548053202916,1.46585,.0011392,5.25,
"  273P/Pons-Gambart",56369,.8101589836385896,.9753243653418344,136.3960312125772,20.19191161075621,320.4311716157664,20121219.6708813,"JPL 11",Y,11.3,14.9,,,,,188.131311537051,.171823,12.694,8.75,5.
"  274P/Tombaugh-Tenagra",56279,2.441842876137918,.440359397458874,15.83811482798264,38.4570715790004,81.36272149674241,20130223.3400325,"JPL 28",,10.4,14.8,,,,,9.11425031266481,1.47971,.00022034,15.75,5.
"  275P/Hermann",53091,1.649060011542994,.7139386994160563,21.57095805601181,173.1390814998016,349.2700663455419,19990219.9817509,"JPL 22",,15.5,19.3,,,,,13.8412154788557,.658457,.00028221,14.75,5.
"  276P/Vorobjov",56652,3.920202307166685,.2764339574021293,14.37242745383019,205.8600472746506,213.7932893731623,20130113.4703591,"JPL 22",,14.0,,,,,,12.6111199572428,2.93919,.0011226,4.5,
"  277P/LINEAR",57647,1.914196906189446,.5037934649921938,16.74833240557595,152.1762708303387,276.3521452616634,20130604.8251161,"JPL 30",,11.8,16.6,,,,,7.57694958901618,.944783,.00051626,19.5,5.
"  278P/McNaught",57149,2.096228184796702,.4334078654447724,6.683591473152417,237.9262616342255,15.49242460292715,20130802.4209048,"JPL 48",,12.7,17.2,,,,,7.11639792263419,1.09131,6.7399E-5,13.5,5.
"  279P/La Sagra",55670,2.148780717874064,.3986144037352069,5.05476850874836,5.967622134175226,346.2647653811271,20091010.4385586,"JPL 23",,17.5,,,,,,6.75408957883702,1.14444,.00018759,4.5,
"  280P/Larsen",54768,2.625190325476296,.4181327320221807,11.77967012151685,104.8337410245009,131.4967467273075,20040510.9735119,"JPL 34",,15.0,,,,,,9.58326513957516,1.64362,.00093026,4.5,
"  281P/MOSS",55414,4.018316620329017,.1735899416775329,4.720989637504819,25.99138379333293,87.1882997896256,20120509.5021448,"JPL 10",,11.3,14.4,,,,,10.7221293258485,3.03444,.019968,10.,5.
"  283P/Spacewatch",55985,2.126631546233853,.4856735263383909,14.46424430875559,21.9833819778434,161.2514243601867,20130406.9775572,"JPL 8",,16.7,,,,,,8.4079140100235,1.13773,.00033527,4.5,
"  284P/McNaught",55837,2.285646846309124,.3777520182291994,11.86723010712748,202.8440330543664,144.3497700033554,20140901.7367678,"JPL 70",,8.8,13.5,,,,,7.04006469804043,1.28266,5.0132E-5,18.25,5.
"  285P/LINEAR",53845,1.710041095878263,.6209463087023019,24.49842022042658,177.2918407163388,186.4400345062973,20031204.6353777,"JPL 23",,16.7,,,,,,9.58223744168143,.708261,.00022718,4.5,
"  286P/Christensen",54477,2.366607720960471,.4252765703429355,17.0460779227286,24.78939492939367,284.0571912301353,20050824.9895013,"JPL 28",,16.4,,,,,,8.35620843519192,1.36097,.00098295,4.5,
"  287P/Christensen",57800,3.05199875362931,.2690855682830409,16.30241060819607,188.9032147685223,139.0469656594007,20141227.5917688,"JPL 34",,4.6,14.8,,,,,8.53266950845587,2.04198,.065098,24.,5.
"  289P/Blanpain",58679,.9589096682577553,.6851211084947294,5.897394919082268,9.847265516657052,68.92462865910687,20191220.9931666,"JPL K192/7",Y,22.0,,,,,,5.31446347534879,.0157254,.00066589,4.5,
"  290P/Jager",55287,2.154497278585269,.6470062083850863,19.06957639358474,180.9212621801651,303.4854561788966,20140314.9483453,"JPL 89",,9.7,13.3,,,,,15.0791383653095,1.17074,.00014363,9.,5.
"  291P/NEAT",54672,2.604849382574201,.428645303320893,5.94712161816483,175.955624323318,241.0128225982238,20040325.2785903,"JPL 57",,5.8,14.7,,,,,9.73471910703975,1.61635,.0002248,24.5,5.
"  292P/Li",54941,2.535115958784445,.5867674810163073,24.31597273848881,318.8487788195421,91.86058341386145,20140206.4352208,"JPL 56",,9.5,13.8,,,,,15.1954375528627,1.59705,.00014039,13.5,5.
"  293P/Spacewatch",56638,2.111744311388979,.4197666117566131,9.065065517672005,41.1521928456609,78.43871167715888,20140110.2886482,"JPL 31",,13.8,16.9,,,,,6.94330316349451,1.13769,5.5892E-5,13.5,5.
"  294P/LINEAR",55453,1.282207362825964,.5986059568547243,18.54176444539968,234.1686465287366,314.338299859456,20080616.6137709,"JPL 32",Y,17.9,,,,,,5.70938352155573,.378776,.00016209,4.5,
"  295P/LINEAR",54367,2.058997042726581,.614793848856608,21.09797231424521,73.37252562118626,7.70356871170423,20020110.6467158,"JPL 8",,13.3,17.4,,,,,12.3581074306076,1.18074,.00078296,13.,5.
"  296P/Garradd",56859,1.83068238759737,.4773490387721845,25.20397999982848,350.0276805775888,263.6764881048696,20140301.2803324,"JPL 46",,12.8,17.2,,,,,6.55556423348787,.819369,5.8544E-5,15.25,5.
"  297P/Beshore",54890,2.408841475140024,.3086061015924718,10.26338969566903,131.8200424556797,98.28508007705238,20080321.0287277,"JPL 35",,6.7,13.8,,,,,6.5032764914201,1.41231,.00030958,20.5,5.
"  298P/Christensen",54341,2.050749261384333,.4124512312570384,8.021636682908646,95.62396841446541,57.11785513368926,20070305.2894136,"JPL 17",,16.1,,,,,,6.52095445926188,1.08154,.0053601,8.25,
"  299P/Catalina-PANSTARRS",56833,3.13963765625848,.2819944664400449,10.47990524990602,323.4999909435139,271.6814984164816,20150223.2449571,"JPL 34",,5.0,13.6,,,,,9.14399140692038,2.13622,.00041734,21.,5.
"  300P/Catalina",54214,.8248188573904301,.6937778881357841,5.696678027215985,222.6664135551155,95.85926941441085,20050728.1427366,"JPL 12",Y,17.6,,,,,,4.42070213670752,.0245303,4.5374E-5,12.25,
"  301P/LINEAR-NEAT",52675,2.346308951540876,.5874237816666159,10.61830488121625,189.4009432476928,355.783207956279,20010130.6861553,"JPL 5",,10.9,16.0,,,,,13.562186501496,1.3495,.001248,16.25,5.
"  302P/Lemmon-PANSTARRS",57381,3.302209693836758,.2283638923013047,6.031157757681832,208.3031559116638,121.7841474428912,20160430.6656889,"JPL 11",,13.0,15.1,,,,,8.85312021928324,2.29381,.00032418,6.75,5.
"  303P/NEAT",54880,2.484534367008052,.5104466367813351,7.065944973263298,356.5515771598983,348.2159582370113,20141006.6535070,"JPL 35",,16.2,,,,,,11.4334068325004,1.47649,.001597,4.5,
"  304P/Ory",55755,1.381386770337784,.5741720812960549,2.755643852509846,329.6596927979386,60.68209606620519,20081019.6909607,"JPL 66",,15.0,,,,,,5.842920040975,.388586,4.5571E-5,15.25,
"  305P/Skiff",55698,1.404132014502971,.6961109774321921,11.51937152271314,144.892345338888,242.0228259070422,20141119.1385076,"JPL 40",,16.4,18.7,,,,,9.93224893903572,.430434,4.0812E-5,4.5,5.
"  306P/LINEAR",53403,1.246936483690815,.5982527242450633,8.364458476453748,.7686711294106036,341.4985456584413,20030813.9629905,"JPL 32",Y,19.4,,,,,,5.4682113188327,.238625,3.0428E-5,4.5,
"  307P/LINEAR",56366,1.888710843667391,.6747433745327486,4.424844787399268,222.1126160655606,158.120857479238,20141220.0935700,"JPL 20",,13.1,16.9,,,,,13.9932046284117,.892134,.00019383,15.75,5.
"  308P/Lagerkvist-Carsenty",54118,4.256202668829835,.3622837173020003,4.840384528986414,333.7018982388273,63.1429770773959,20150515.0578348,"JPL 54",,14.1,,,,,,17.2425062856541,3.26332,.00021169,4.5,
"  309P/LINEAR",55079,1.751050695255133,.6066209573544306,17.66183500506354,50.7765676808489,11.43955310636897,20050927.9348520,"JPL 41",,15.8,,,,,,9.39159710264749,.815564,.00017793,7.75,
"  310P/Hill",54618,2.397064902433246,.4246709600951658,13.1794027277739,31.21174789618312,9.047310724677535,20061018.1863065,"JPL 29",,10.4,15.9,,,,,8.50459130877208,1.4132,.00093468,18.5,5.
"  311P/PANSTARRS",56894,1.936118959806969,.1155581632536371,4.968041003605256,144.2928059076631,279.2893239140268,20140415.9690102,"JPL 29",,18.8,,,,,,3.23893581911389,.950751,3.7873E-5,4.5,
"  312P/NEAT",57971,1.97133446358249,.4301261065680864,19.79185944286617,207.6864568278413,144.8876997731253,20200924.8187916,"JPL 20",,16.9,,,,,,6.43399221541403,.982589,.00019904,7.5,
"  313P/Gibbs",57223,2.391734678398608,.2417115813138122,10.96668691562058,253.5001553581387,106.4955000340118,20140828.4599022,"JPL 22",,16.7,,,,,,5.60178025500039,1.4154,8.1324E-5,4.5,
"  314P/Montani",55855,4.249163344563007,.4159500950074809,3.97658818875879,213.4079051181283,267.7033826809073,20161007.8678721,"JPL 44",,12.6,,,,,,19.624039320854,3.2654,.00029113,5.5,
"  315P/LONEOS",56171,2.429793100702502,.5162832838772287,17.90659551796347,66.94322486906152,69.6005295440514,20161207.4431853,"JPL 23",,10.0,13.7,,,,,11.2583695574837,1.50999,6.6167E-5,12.25,5.
"  316P/LONEOS-Christensen",53833,3.607419001444823,.1665019167158464,9.882899576122895,191.76806241,246.9324673834622,20061107.7629377,"JPL 4",,14.4,,,,,,9.00422164377549,2.62352,.0015013,4.5,
"  317P/WISE",56433,1.241120633384629,.5802367336096209,11.96256602840096,334.7414112496747,275.6928943657105,20150808.4854173,"JPL 17",Y,19.5,21.5,,,,,5.08419910515294,.240649,.00015567,4.5,5.
"  318P/McNaught-Hartley",56030,2.445459197271844,.67524419930809,17.89485253850064,313.1772198940606,35.75431008823115,20151021.0189079,"JPL 29",,9.6,13.9,,,,,20.6639555109742,1.47985,.000858,13.5,5.
"  319P/Catalina-McNaught",56545,1.196984821961382,.6649895893452826,15.07422840374957,203.680886999486,111.366703546384,20150701.9317350,"JPL 34",Y,17.0,,,,,,6.75388579541238,.200114,6.6658E-5,9.,
"  320P/McNaught",55658,.9853603272859196,.6824438904394822,4.893564317653751,.6659741140897921,295.9559793074027,20100221.0825419,"JPL 30",Y,19.6,,,,,,5.46600597685605,.0278604,2.5602E-5,14.25,
"  321P/SOHO",53458,.04692554673356136,.9806622598929796,19.7374973886756,172.4054964658867,165.2697242662736,20041207.8228090,"JPL 4",Y,,,,,,,3.78019005752779,.0859584,.0026929,,
"  322P/SOHO",57179,.0536555610873724,.9786764762641811,12.58923564712983,49.04947677107452,359.5244877541514,20150904.0640544,"JPL 10",Y,19.0,,,,,,3.99155256115544,.0921698,.00043232,10.,
"  323P/SOHO",59256,.0392067345855233,.9848146578805561,5.369934960161294,353.1739956685902,324.2293946858459,20210117.6313405,"JPL K212/4",Y,24.3,,,,,,4.14870294884262,.0221701,.0023992,4.5,
"  324P/La Sagra",55809,2.620682007719281,.1536295705540064,21.40987880599488,59.2493180823633,270.6519182515373,20100624.2972283,"JPL 26",,5.6,15.6,1.600,,0.010,,5.44865074177222,1.67048,9.5755E-5,28.5,5.
"  325P/Yang-Gao",55051,1.296126532667753,.6209634646215445,16.15830886183106,346.9555947376026,259.3038957648595,20090521.7557697,"JPL 29",Y,15.7,,,,,,6.32350248109428,.287792,.0060932,11.75,
"  326P/Hill",56104,2.776728412327888,.3182181958073548,2.470566234442883,278.8337100125729,99.82129262593202,20151021.7866185,"JPL 20",,14.0,16.2,,,,,8.21940156905484,1.77991,.00018822,9.75,5.
"  327P/Van Ness",54921,1.551232251125898,.5639985846989645,36.2820940816616,185.0220986033373,173.9991681577681,20090321.7174656,"JPL 23",,11.9,17.9,,,,,6.71106726639545,.546845,.00010862,23.,5.
"  328P/LONEOS-Tucker",54195,1.879896986569664,.5519165285267575,17.71141989127191,30.32950110112726,341.8127209889299,20070511.2420364,"JPL 10",,7.1,16.8,,,,,8.59351606834846,.8994,.00015441,34.,5.
"  329P/LINEAR-Catalina",56422,1.660001273754004,.6801090653866541,21.46698380887283,342.3138013015565,88.79191071850279,20151205.2645740,"JPL 13",,8.9,16.8,,,,,11.8213733852099,.68382,5.8918E-5,36.5,5.
"  330P/Catalina",55384,2.971812663257321,.5490030643699014,15.54256987222022,186.7524458274261,294.3275231814416,20160902.5540565,"JPL 51",,9.7,14.4,,,,,16.9153099161856,1.98765,.00032326,13.75,5.
"  331P/Gibbs",56414,2.879768044502747,.04169351767131187,9.738611631447446,177.8314848560483,216.8593848230539,20150614.6735572,"JPL 32",,16.5,,,,,,5.20940144041083,1.88575,.000134,4.5,
"  332P/Ikeya-Murakami",55520,1.578843245741469,.4885908891896427,9.377956220678412,152.42957640,3.818488699831708,20101013.3377864,"JPL 22",,5.2,12.5,,,,,5.4245539325348,.595936,1.6535,22.,5.
"  332P/Ikeya-Murakami-A",57600,1.57288503216498,.4903831843196049,9.386909313710495,152.4411866715716,3.782825733579562,20160317.2752371,"JPL 15",,16.9,19.3,,,,,5.42235624386629,.587764,.087094,12.75,5.
"  332P/Ikeya-Murakami-B",57600,1.572791317562297,.4898263152436984,9.381510286827444,152.3752487793967,3.797296490584412,20160317.1615377,"JPL 10",,16.5,20.8,,,,,5.41299687656918,.587704,.39143,17.,5.
"  332P/Ikeya-Murakami-C",57600,1.572848328127847,.4903314632865027,9.385599153862721,152.4263158364564,3.784403005574021,20160317.2217638,"JPL 17",,17.1,,,,,,5.42134110583174,.587735,.14137,10.,
"  332P/Ikeya-Murakami-D",57600,1.571390084018209,.4903880165004817,9.379295703445599,152.5657882295672,3.757283174204405,20160317.4104090,"JPL 9",,19.5,,,,,,5.41470457858886,.586189,5.1478,10.,
"  332P/Ikeya-Murakami-E",57424,1.572958099696565,.4905761372365768,9.38850860696523,152.4821915526311,3.775390325315895,20160317.3059812,"JPL 6",,,22.5,,,,,5.42581530754024,.588802,19.989,,5.
"  332P/Ikeya-Murakami-F",57600,1.583317513893196,.4985779710182137,9.518614760291682,152.7835340818612,3.504770560585936,20160317.8134228,"JPL 8",,,22.1,,,,,5.61119176319541,.598143,14.915,,5.
"  332P/Ikeya-Murakami-G",57600,1.550700842724582,.4937203535664774,9.273303254725556,154.5019542646561,3.634335136908687,20160319.6457443,"JPL 8",,20.6,,,,,,5.36061397738846,.564234,23.578,10.,
"  332P/Ikeya-Murakami-H",57600,1.572780969375128,.4903896096678771,9.385728963520291,152.4327991267077,3.784840266668476,20160317.4113830,"JPL 13",,19.0,,,,,,5.421920675058,.587664,.89346,10.,
"  332P/Ikeya-Murakami-I",57434,1.573034604655491,.4898972538101553,9.38137218936555,152.3748998625784,3.795084014090135,20160317.4086682,"JPL 8",,19.7,21.7,,,,,5.41538234543228,.58921,8.1586,10.,5.
"  333P/LINEAR",57030,1.115432365305431,.7359068833713893,131.8794500590109,26.1430406449354,115.5625764798137,20160403.9385737,"JPL 36",Y,15.0,,,,,21.04,8.68035410786858,.176232,.00010482,7.5,
"  334P/NEAT",55462,4.187833530338263,.3544929812571251,19.05700989310768,81.10728546676036,92.78486767407479,20170519.5599870,"JPL 47",,6.7,13.0,,,,,16.5249770023806,3.26399,.00022924,15.,5.
"  335P/Gibbs",55198,1.638212500389714,.5434853425983437,7.275410715610277,162.3110642275342,330.8929743943204,20090122.3476667,"JPL 34",,16.4,,,,,,6.79800479227531,.654294,.00019077,10.5,
"  336P/McNaught",54677,2.633289599008255,.4528615801704061,18.56210800237945,313.9646698314273,299.239955951781,20060818.3586158,"JPL 30",,8.2,15.6,,,,,10.5586968283263,1.65686,.00063833,19.5,5.
"  337P/WISE",57118,1.653663310132441,.4975165967484829,15.39031464701903,160.7035575377481,106.1981725819368,20160712.7705936,"JPL 16",,16.4,19.6,,,,,5.97030139275234,.645503,.00053647,15.25,5.
"  338P/McNaught",56438,2.296141504598595,.4112505912419175,25.37380804311178,4.654850786318901,9.85332975616058,20161121.6466393,"JPL 47",,14.9,,,,,,7.70212299472356,1.2983,.00026488,4.5,
"  339P/Gibbs",55339,1.324236749629378,.6397897657997217,5.748418408832962,27.16268162359282,172.7758445445358,20090625.9857549,"JPL 20",,12.3,17.7,,,,,7.04892005022582,.326654,.00048804,38.25,5.
"  340P/Boattini",55510,3.047158369428296,.2808730505586415,2.082087301359618,36.01921657331351,291.8275498777022,20080227.0216580,"JPL 26",,15.2,,,,,,8.7225284617851,2.03483,.0039581,4.5,
"  341P/Gibbs",55975,2.509349939261454,.4151641728422423,3.799810954401878,312.4334333868314,30.05218599100893,20160525.7051638,"JPL 25",,15.7,,,,,,8.8878986211194,1.50189,.00071272,4.5,
"  342P/SOHO",57600,.05294199024248015,.9826020621617956,13.2747864590719,58.70418485035059,43.40094149131597,20160701.6359336,"JPL 5",Y,,,,,,,5.30837916030891,.131668,.032419,,
"  343P/NEAT-LONEOS",56521,2.276513060508589,.5841947908023399,5.583919576473624,137.5787903031286,257.2671794686393,20170127.1408424,"JPL 33",,5.9,15.4,,,,,12.8108673057056,1.28737,.00022441,28.25,5.
"  344P/Read",55525,2.825090210303863,.4219536899598873,3.483121626937129,140.3699667993773,273.2924389437579,20060110.6605534,"JPL 29",,6.2,14.9,,,,,10.8047004935936,1.83724,.0002895,24.,5.
"  345P/LINEAR",56648,3.154577884488305,.2195792138176453,2.72462435377573,196.8155819356357,154.5404352363199,20160716.9862467,"JPL 9",,12.4,15.2,,,,,8.12693603517104,2.14939,.0014378,10.,5.
"  346P/Catalina",55727,2.223659955357284,.5038752908747568,22.1672881614802,335.7515323220631,102.5659337991469,20070820.4778205,"JPL 38",,13.9,,,,,,9.48908810641604,1.25767,.00025349,8.25,
"  347P/PANSTARRS",57215,2.223549614810664,.3842966079017909,11.74547661076537,98.48627704627287,261.0543307651388,20160911.5132617,"JPL 8",,10.5,17.0,,,,,6.86311252619332,1.25615,.00039721,23.,5.
"  348P/PANSTARRS",57431,2.212142414597842,.3010530248191214,17.58442957498175,133.7440264164089,313.7484974369559,20160622.1152945,"JPL 8",,16.5,,,,,,5.6306882382766,1.26417,.00063738,6.75,
"  349P/Lemmon",57280,2.495856979333786,.3005112592505526,5.498796986118399,256.2606881629515,331.8155945621371,20170827.8656161,"JPL 12",,7.5,15.7,2.983,,0.104,,6.74010485219692,1.49229,.0010129,24.5,5.
"  350P/McNaught",55791,3.748218958302997,.08691048633866826,7.356478065100585,150.0569129867963,65.66931688813983,20091104.2155749,"JPL 24",,11.2,,,,,,8.31717039390302,2.74469,.00079962,10.,
"  351P/Wiegert-PANSTARRS",57042,3.12143380625182,.2951335925359842,12.78929865177876,352.3653929538377,283.5017617968096,20151116.7607846,"JPL 7",,12.3,15.4,,,,,9.31921167930387,2.10359,.0079977,11.25,5.
"  352P/Skiff",56220,2.522529416263848,.6176894336693551,21.06501099725994,309.3533817828186,28.14328649195175,20170621.0169523,"JPL 38",,10.5,14.3,,,,,16.9487670069526,1.5733,.00032561,12.5,5.
"  353P/McNaught",56186,2.209270140219064,.4694333888509383,28.4235564666671,230.505218297864,121.6049127009113,20090623.1374989,"JPL 15",,8.5,16.8,,,,,8.49711629670103,1.29266,.00066693,25.25,5.
"  354P/LINEAR",56669,2.003559656290488,.1249710695668899,5.255932309081645,132.742467311955,320.2352108028575,20130522.0028469,"JPL 27",,15.5,,,,,,3.46479864960111,1.02428,.023676,10.,
"  355P/LINEAR-NEAT",55660,1.707729820256,.5081262313809466,11.04416092713477,336.4021646301523,51.44170395054608,20110424.6050290,"JPL 36",,12.0,16.2,,,,,6.46928749664465,.718221,.0036552,20.75,5.
"  356P/WISE",57814,2.689443378084532,.3539852674872025,9.630260344618494,226.2031743285461,160.8099339335319,20171217.2394656,"JPL 14",,7.4,15.3,,,,,8.49450696612174,1.70277,.0017385,23.,5.
"  357P/Hill",55170,2.511840467967793,.4354856329732328,6.325985088819189,1.288453302995562,44.67502958150783,20081224.0482299,"JPL 24",,5.1,15.4,,,,,9.38606987152752,1.52114,.0019777,29.75,5.
"  358P/PANSTARRS",56372,2.410377778150387,.2361237460677253,11.05782895256222,300.5768964841654,85.77652768264377,20120910.9261958,"JPL 20",,15.7,,,,,,5.60533225004582,1.4378,.00022716,8.5,
"  359P/LONEOS",57128,3.137798637648915,.3224832004715696,10.26282731228599,200.2484583897169,149.8064288698475,20170821.1837458,"JPL 10",,14.8,,,,,,9.96702861095392,2.13212,.00075758,4.5,
"  360P/WISE",56907,1.861836923620755,.4972523594894721,24.0812450410374,354.1968182838924,2.237000769796814,20170819.1284906,"JPL 16",,18.1,,,,,,7.1268168650414,.85912,.00015616,4.5,
"  361P/Spacewatch",58011,2.78002850372292,.4378875708883224,13.8828328494577,219.2428622431537,203.2779391977445,20180702.6161480,"JPL 17",,4.6,14.0,,,,,10.9988503481888,1.8081,.00028898,23.5,5.
"  363P/Lemmon",56838,1.506151365354722,.5576537197362881,3.973321509202721,315.2169700065098,169.9482831878728,20111209.0629506,"JPL 16",,18.1,,,,,,6.28300727552108,.523385,.00032368,8.75,
"  364P/PANSTARRS",57841,.798211583824524,.722553602232346,12.15527656758273,211.9245792177221,46.22766424977064,20180624.4122640,"JPL 50",Y,16.6,19.2,,,,,4.87996385867314,.0866859,3.1229E-5,11.,5.
"  365P/PANSTARRS",58101,1.359121264461774,.5733436376357244,9.836430713134988,66.39747998490796,87.44249536007237,20180210.7566364,"JPL 25",,17.0,18.6,,,,,5.68562450073181,.410962,.00035831,11.,5.
"  366P/Spacewatch",55320,2.284924356434458,.3473644791588395,8.853746156142739,153.5815622754661,70.79708468237243,20120105.4479882,"JPL 21",,13.1,17.6,,,,,6.55103442960807,1.27975,.00059481,17.25,5.
"  367P/Catalina",56029,2.528308873812593,.2798824248601016,8.459532595604296,173.4791311550049,58.74147703845682,20111129.8397356,"JPL 17",,14.3,,,,,,6.57882418140582,1.5177,.0021059,4.5,
"  368P/NEAT",56083,2.044313093057686,.6285467045900236,15.44794848524289,118.8083462346649,258.1659980645665,20180909.0348780,"JPL 28",,14.6,,,,,,12.9113898356457,1.09858,.00012557,8.25,
"  369P/Hill",57084,1.952852210875451,.5546407065751461,10.31844087977482,13.33280621318603,47.36950656054896,20181014.7516836,"JPL 23",,15.9,,,,,,9.18219454355858,.967217,.00032674,4.5,
"  370P/NEAT",54038,2.504422532578896,.6122488927561334,19.36593280127702,356.8300238270115,55.2685131955288,20020124.3648912,"JPL 29",,7.2,15.5,,,,,16.4149678360918,1.5155,.00067107,23.,5.
"  371P/LINEAR-Skiff",54648,2.173642097059735,.4779866418705997,17.41329042151219,308.6436379933611,67.4106384296656,20100326.8958130,"JPL 26",,4.3,17.5,,,,,8.49704331499331,1.221,.00042101,41.,5.
"  372P/McNaught",54936,3.803758788568596,.1535045617296577,9.518531668090596,27.45514073504603,325.8600836013929,20090421.5409408,"JPL 35",,7.1,13.1,,,,,9.52556450651029,2.80187,.00045562,15.5,5.
"  373P/Rinner",56703,2.305421596287522,.3936830537329658,13.77059519301746,221.2177506253234,232.0189217886973,20111106.6266767,"JPL 27",,6.0,15.3,,,,,7.41453940984169,1.3413,.00048711,29.,5.
"  374P/Larson",55703,2.670591884665248,.4625052221538856,10.79085192025232,51.42024371949419,8.161322072131073,20071209.7503630,"JPL 22",,7.4,15.6,,,,,11.0753667404628,1.69957,.00032217,23.75,5.
"  375P/Hill",57232,1.89251923753035,.6600393954020469,17.36983896201343,119.4342902433378,359.9740294683485,20181220.7774369,"JPL 14",,16.7,,,,,,13.1348696459318,.972765,.00016837,6.,
"  376P/LONEOS",55276,2.840257664715232,.5151083317171239,1.188832248659147,285.5154545077365,315.1471419350767,20050815.9930028,"JPL 29",,9.1,14.2,,,,,14.1767842549005,1.82833,.00010859,15.5,5.
"  377P/Scotti",56793,5.036582330583629,.2514244571504051,9.017074784255609,354.4877933217804,226.0303970976461,20200710.5246328,"JPL 19",,7.1,13.0,,,,,17.452540628982,4.02906,.00039607,13.5,5.
"  378P/McNaught",55754,3.375338598861937,.4655135037239012,19.14946809480028,194.9358650033617,94.61119687756359,20041226.4070074,"JPL 38",,12.8,,,,,,15.8700799655202,2.36325,.00038757,4.5,
"  379P/Spacewatch",56168,2.34181801522741,.3364887570941738,12.37945389611489,31.06869571974887,184.0618493077165,20121213.5111041,"JPL 15",,10.8,17.0,,,,,6.63079325350845,1.34725,.00038229,20.,5.
"  380P/PANSTARRS",58401,3.049713771666439,.3264277990694471,8.234045792772614,90.06069160702059,133.11427754,20190606.9580826,"JPL 12",,7.8,14.3,,,,,9.63430943897475,2.05507,.0050847,19.75,5.
"  381P/LINEAR-Spacewatch",57213,2.283195467786864,.6794504542615868,28.46230995052726,172.5442166411624,174.1084520861971,20190929.7370787,"JPL 20",,13.6,17.5,,,,,19.0099114611211,1.27858,.00012923,14.5,5.
"  382P/Larson",55695,4.360566261686233,.2783403621040358,7.874269146409609,175.551333601104,181.6312768351295,20070826.3870104,"JPL 33",,4.2,13.3,,,,,14.8533328579751,3.35736,.00046925,18.25,5.
"  383P/Christensen",54414,1.359039678148607,.6114021247640627,11.86781854671371,128.0592784630152,213.6402424343411,20060830.2264546,"JPL 19",,18.5,,,,,,6.54042205690504,.394733,.00019816,7.75,
"  384P/Kowalski",58250,1.119695891306997,.6151793174030972,7.295751659441884,37.05522132761418,354.6259151877326,20191011.1555514,"JPL 22",Y,19.9,,,,,,4.9633022214389,.14151,3.8071E-5,4.5,
"  385P/Hill",56253,2.555233148905366,.4022688344123367,16.85565066377397,44.32879177775369,357.1573447659554,20101109.4248038,"JPL 28",,7.4,15.8,,,,,8.8388375280741,1.59163,.00030216,25.,5.
"  386P/PANSTARRS",57295,2.359299432738824,.4177656004943728,15.24430739254676,353.3509394959233,134.9791163246206,20120621.1730269,"JPL 18",,13.5,16.6,,,,,8.1571041231679,1.37605,.00022777,12.75,5.
"  387P/Boattini",57120,1.267166267803022,.7359514686105834,8.899824379396648,162.7768627464939,259.3559979133116,20190905.3664931,"JPL 22",Y,14.2,17.8,,,,,10.5131527103872,.285502,.00014543,20.,5.
"  388P/Gibbs",56779,1.996561056605904,.6189268717743939,23.88301069967183,42.46213859414702,37.16270525905605,20190722.2228363,"JPL 18",,11.3,16.7,,,,,11.9927728605099,1.06565,.00019069,17.25,5.
"  389P/Siding Spring",56402,1.661198274815768,.7044262709613491,160.0744329013651,249.5241844860697,218.8325111743075,20060907.4410474,"JPL 15",,14.4,19.3,,,,,13.3242159607486,.767596,.0001689,19.,5.
"  390P/Gibbs",57360,1.708105785065362,.7059318619835893,18.52272079076572,231.7473446761955,152.7247899664719,20200324.0214881,"JPL 28",,12.1,15.3,,,,,13.9993667151612,.771496,.00023268,10.25,5.
"  391P/Kowalski",54714,4.119480773613295,.1198231170077837,21.27462597328817,186.8848491704026,124.76216051,20080219.9747461,"JPL 30",,9.9,12.5,,,,,10.1255118344774,3.10513,.0011859,10.,5.
"  392P/LINEAR",54304,1.954181356929891,.6825308876884056,4.936927870446732,71.99831359914873,25.10700528041635,20050110.4258833,"JPL 29",,16.4,,,,,,15.2722591354831,.977757,.00021314,6.25,
"  393P/Spacewatch-Hill",55867,4.202100815022827,.1196916028166549,16.80709420544185,328.5781186034325,36.41113597114986,20090526.3549699,"JPL 21",,7.6,14.7,,,,,10.4293114462908,3.21395,.00030778,16.75,5.
"  394P/PANSTARRS",57815,2.736487468010466,.3692683747221871,8.527306508609817,54.47988476361219,98.15085618497059,20191129.9324887,"JPL 4",,16.9,,,,,,9.03714991305392,1.75866,.00028897,4.5,
"  395P/Catalina-NEAT",55051,4.034521432506036,.3756925250346585,3.272554819508117,90.63515518056266,224.2792281507074,20050812.5646192,"JPL 45",,9.9,13.0,,,,,16.4285199817469,3.02262,.00023766,10.0,5.0
"  396P/Leonard",58023,3.983293551656207,.418092867594897,5.433619317785896,8.641936963933841,136.6726743368532,20190828.8677461,"JPL 9",,15.7,,,,,,17.9098171348932,2.99568,.00089849,4.5,
"  397P/Lemmon",58084,2.305726966680045,.4019370237949207,11.00101736279599,12.70622299070431,8.884976330896354,20200618.7065176,"JPL 12",,15.0,,,,,,7.57006561788743,1.30908,.0010989,5.75,
"  398P/Boattini",59200,1.305693408461483,.5825681722228075,11.01527053681131,320.2347116481228,127.4629671897791,20201226.7444252,"JPL K202/1",,15.3,17.1,,,,,5.53212112720176,.346357,.016875,10.5,5.
"  399P/PANSTARRS",57559,2.137647495513987,.4400723008786158,13.3358953703351,213.4877475501945,207.5566681985809,20131215.8468793,"JPL 42",,16.3,,,,,,7.45958057657493,1.16419,.00048874,4.5,
"  400P/PANSTARRS",58897,2.104179224580856,.4090168531307191,10.92612289031077,238.7053139469214,176.4065698196552,20210209.9318186,"JPL 12",,13.6,17.4,,,,,6.71845867828632,1.13821,.00017452,12.75,5.
"  401P/McNaught",54715,2.379538610313375,.5819983446360179,12.86508719799468,310.2400956165613,.0971764374945428,20060507.6943963,"JPL 34",,11.8,15.2,,,,,13.5825193941701,1.3894,.00083325,12.25,5.
"  402P/LINEAR",54224,3.946846022151939,.4365299452203195,30.84167360337931,327.2024223765632,123.2184349909977,20030628.2134461,"JPL 69",,4.2,11.6,,,,,18.5386120676406,3.00649,.00025335,17.,5.
"  403P/CATALINA",57066,2.684425664693023,.5036577646966457,12.3233204714248,277.851227128973,163.8513401056338,20200915.3612691,"JPL 20",,7.1,15.5,,,,,12.5780532010944,1.73498,.00038892,23.5,5.
"  404P/Bressi",56941,4.795464864794348,.0841604110949206,9.721286367720035,146.4706533034723,266.2077828529092,20120104.8206804,"JPL 42",,4.4,12.9,,,,,11.9818851689082,3.81175,.0012223,18.25,5.
"  405P/Lemmon",58091,1.121216987176543,.6891469970464021,9.365069228129025,112.2928210086565,3.311168170951252,20201224.5919007,"JPL 56",Y,18.8,,,,,,6.85030810308857,.204449,2.4624E-5,4.5,
"  406P/Gibbs",54965,1.465341361436844,.5740435193969321,1.433949808422999,353.0703673613406,8.807181648580237,20070826.8231448,"JPL 21",,16.7,19.5,,,,,6.38070358105484,.462716,.0020702,17.75,5.
"  407P/PANSTARRS-Fuls",58778,2.124832122192855,.3849651394660045,4.896248372190219,92.33960594781557,80.83593088140245,20200131.8237120,"JPL 18",,7.3,16.0,,,,,6.42163383522306,1.13683,.0013168,29.,5.
"  408P/Novichonok-Gerke",56595,3.555077104285259,.2637404383771021,19.22540259755599,224.7964730379759,190.4149212129165,20120330.2816836,"JPL 53",,10.0,13.5,,,,,10.6104869839946,2.59798,.00032532,11.,5.
"  409P/LONEOS-Hill",56797,1.751304186307347,.7106824016430022,17.14393798283152,15.04347605769611,143.7809552179703,20210125.7112808,"JPL 39",,14.3,,,,,,14.8932096813281,.767513,2.7203E-5,8.5,
"  410P/NEAT-LINEAR",57737,3.236957941419217,.5099192042070836,9.404358613622922,313.3551769055152,139.9993464856422,20210624.0703814,"JPL 11",,12.4,,,,,,16.9750968220923,2.26334,.00042462,10.25,
"  411P/Christensen",56565,2.427633770641995,.5819651795568538,12.39395486076224,46.66631046258232,77.81817962078357,20070122.8918806,"JPL 19",,14.7,16.4,,,,,13.9947218325171,1.46193,.00032423,10.,5.
"  412P/WISE",56599,1.612615476552486,.4809020234534285,8.937369174251629,155.9628736319457,.8566169438432921,20150614.0011418,"JPL 14",,15.2,19.1,,,,,5.47558384505708,.625139,7.756E-5,20.,5.
"  413P/Larson",58106,2.139841639341538,.4238393787925511,15.98413586092662,185.8976181245499,39.06317573305311,20140522.9581953,"JPL 39",,14.9,,,,,,7.15756490984591,1.13053,.00010954,6.5,
"  414P/STEREO",59228,.5263641976783546,.8116914310170916,23.38406036151275,210.7364768797551,257.7886052560743,20210125.3862242,"JPL 10",Y,16.0,,,,,,4.67339608337548,.320065,.0019519,22.,
"  415P/Tenagra",58368,3.311600462030002,.1952043956675326,31.79026491604662,346.4771923917076,160.3278148456461,20210216.2805622,"JPL 23",,7.3,15.2,,,,,8.34712102770841,2.32706,.00081,19.,5.
"  416P/Scotti",57335,2.180024726543318,.4557207646603724,3.365406679577974,134.6689528403834,355.8025950332922,20130207.5361663,"JPL 21",,16.1,,,,,,8.01618409912089,1.19551,.00010376,10.,
"  417P/NEOWISE",58503,1.492300236088155,.5545916222916786,8.129058995780104,129.3965574011194,111.3574484154366,20210421.9070774,"JPL 20",,17.5,,,,,,6.13274548825636,.498312,.00012882,6.75,
"  418P/LINEAR",55755,1.713861779635024,.6640905736704693,5.781603192513869,306.815589588219,277.9031960584049,20100419.3145565,"JPL 42",,14.2,,,,,,11.5249382228596,.712947,.00062595,9.,
"  419P/PANSTARRS",57595,2.541874891927367,.2784322698650771,2.804406736192134,187.2104989544908,40.42505187153775,20150315.2336004,"JPL 27",,7.2,14.5,,,,,6.61186237836876,1.53288,.0013873,23.5,5.
"  420P/Hill",56076,2.790988933255844,.4946030924007834,14.44462833867949,157.7927798850512,174.0921184361857,20090702.8761827,"JPL 25",,14.1,,,,,,12.9776633349169,1.78751,.008318,7.25,
"  421P/McNaught",55645,1.649419084552493,.6752753046142818,10.09431547815688,259.897969764257,55.6830877565936,20090908.9488807,"JPL 12",,13.9,17.1,,,,,11.4480560749815,.673513,.0070448,12.5,5.
"  422P/Christensen",54921,3.068050538545159,.5086579407850199,39.60787635364338,305.7743325091381,36.10736545950109,20060602.0480117,"JPL 16",,11.7,14.7,,,,,15.6036447354554,2.22239,.0040654,8.,5.
"  423P/Lemmon",54926,5.432321148982474,.1192563239505804,8.349965845427144,81.87788853097082,33.45591115292817,20060628.5374700,"JPL 12",,13.6,,,,,,15.3183524279156,4.46119,.061746,4.5,
"  424P/La Sagra",56895,1.364809653969506,.6911005827292001,8.579408986687902,312.0042385475934,52.43357750153842,20120818.8431817,"JPL 18",,17.6,,,,,,9.28732615412494,.384478,.00080755,4.5,
"  425P/Kowalski",54783,3.000823571070346,.5305358415906163,16.79838610060629,199.094753909988,211.4898325351637,20050822.8055925,"JPL 17",,4.8,14.9,,,,,16.1608885026479,2.01646,.0026489,25.25,5.
"     C/-146 P1",-732091,0.43,1.0,71,261,330,-1460628.0000000,SAO_2008,,,,,,,,,,,,
"     C/-43 K1",-694504,0.22,1.0,110,17,170," -430525.0000000",SAO_2008,,,,,,,,,,,,
"     C/240 V1",-590969,0.37,1.0,44,82,214," 2401110.0000000",SAO_2008,,,,,,,,,,,,
"     C/390 Q1",-536248,0.92,1.0,36,23,356," 3900905.0000000",SAO_2008,,,,,,,,,,,,
"     C/400 F1",-532788,0.21,1.0,32,47,38," 4000225.0000000",SAO_2008,,,,,,,,,,,,
"     C/418 M1",-525991,0.35,1.0,110,240,310," 4181005.0000000",SAO_2008,,,,,,,,,,,,
"     C/442 V1",-517154,1.53,1.0,106,178,271," 4421215.0000000",SAO_2008,,,,,,,,,,,,
"     C/539 W1",-481764,0.16,1.0,19,246,33," 5391106.0000000",SAO_2008,,,,,,,,,,,,
"     C/565 O1",-472381,0.83,1.0,121,79,180," 5650715.0000000",SAO_2008,,,,,,,,,,,,
"     C/568 O1",-471241.3,0.870,1.0,4.0,34.9,301.8," 5680827.7000000",SAO_2008,,,,,,,,,,,,
"     C/574 G1",-469206,0.73,1.0,54,342,155," 5740325.0000000",SAO_2008,,,,,,,,,,,,
"     C/770 K1",-397544.2,0.580,1.0,117.0,88.0,110.7," 7700605.8000000",SAO_2008,,,,,,,,,,,,
"     C/817 C1",-380472,1.10,1.0,120,202,315," 8170303.0000000",SAO_2008,,,,,,,,,,,,
"     C/868 B1",-361843,0.42,1.0,65,277,321," 8680304.0000000",SAO_2008,,,,,,,,,,,,
"     C/905 K1",-348276,0.20,1.0,140,50,70," 9050426.0000000",SAO_2008,,,,,,,,,,,,
"     C/962 B1",-327576,0.63,1.0,119,85,2," 9611228.0000000",SAO_2008,,,,,,,,,,,,
"     C/1014 C1",-308484,0.56,1.0,117,84,174,10140406.0000000,SAO_2008,,,,,,,,,,,,
"     C/1018 P1",-306880,0.62,1.0,35,197,185,10180827.0000000,SAO_2008,,,,,,,,,,,,
"     C/1080 P1",-284219.1,0.681,1.0,6.9,73.6,322.9,10800910.9000000,SAO_2008,,,,,,,,,,,,
"     C/1092 A1",-280038,0.77,1.0,124,62,114,10920222.0000000,SAO_2008,,,,,,,,,,,,
"     C/1097 T1",-277999,0.30,1.0,41,298,352,10970922.0000000,SAO_2008,,,,,,,,,,,,
"     C/1110 K1",-273378,0.83,1.0,137,358,321,11100518.0000000,SAO_2008,,,,,,,,,,,,
"     C/1132 T1",-265237.3,0.736,1.0,106.3,114.2,213.2,11320830.7000000,SAO_2008,,,,,,,,,,,,
"     C/1147 A1",-259974,0.12,1.0,110,300,282,11470128.0000000,SAO_2008,,,,,,,,,,,,
"     C/1230 X1",-229323.2,0.860,1.0,16.0,181.0,303.7,12301228.8000000,SAO_2008,,,,,,,,,,,,
"     C/1240 B1",-226012.4,0.668,1.0,75.3,331.4,135.1,12400121.6000000,SAO_2008,,,,,,,,,,,,
"     C/1245 D1",-224116,0.50,1.0,20,87,180,12450401.0000000,SAO_2008,,,,,,,,,,,,
"     C/1264 N1",-217065.71,0.8249,1.0,16.40,159.71,151.04,12640720.2900000,SAO_2008,,,,,,,,,,,,
"     C/1293 V1",-206374,0.78,1.0,30,313,89,12931028.0000000,SAO_2008,,,,,,,,,,,,
"     C/1299 B1",-204393.19,0.3179,1.0,111.00,103.89,116.94,12990331.8100000,SAO_2008,,,,,,,,,,,,
"     C/1304 C1",-202621.5,0.840,1.0,65.0,25.0,88.7,13040205.5000000,SAO_2008,,,,,,,,,,,,
"     C/1304 Y1",-202273,0.65,1.0,99,56,106,13050119.0000000,SAO_2008,,,,,,,,,,,,
"     C/1315 U1",-198351.9,1.650,1.0,125.3,27.3,176.3,13151015.1000000,SAO_2008,,,,,,,,,,,,
"     C/1337 M1",-190438.15,0.7490,1.0,143.60,79.61,97.61,13370614.8500000,SAO_2008,,,,,,,,,,,,
"     C/1340 F1",-189374.38,1.1362,1.0,176.48,32.44,187.63,13400513.6200000,SAO_2008,,,,,,,,,,,,
"     C/1345 O1",-187447,0.89,1.0,23,210,150,13450823.0000000,SAO_2008,,,,,,,,,,,,
"     C/1351 W1",-185168,1.01,1.0,7,165,264,13511119.0000000,SAO_2008,,,,,,,,,,,,
"     C/1362 E1",-181417,0.30,1.0,155,348,291,13620225.0000000,SAO_2008,,,,,,,,,,,,
"     C/1368 E1",-179156,0.48,1.0,131,90,217,13680505.0000000,SAO_2008,,,,,,,,,,,,
"     C/1376 M1",-176146.3,0.550,1.0,76.0,81.0,300.7,13760731.7000000,SAO_2008,,,,,,,,,,,,
"     C/1385 U1",-172775,0.79,1.0,103,182,289,13851024.0000000,SAO_2008,,,,,,,,,,,,
"     C/1402 D1",-166783,0.38,1.0,55,91,126,14020321.0000000,SAO_2008,,,,,,,,,,,,
"     C/1433 R1",-155227.73,0.49277,1.0,103.979,189.392,104.255,14331108.2700000,SAO_2008,,,,,,,,,,,,
"     C/1439 F1",-153220,0.12,1.0,81,140,192,14390509.0000000,SAO_2008,,,,,,,,,,,,
"     C/1449 Y1",-149352.132,0.32742,1.0,155.679,356.691,268.809,14491209.8680000,SAO_2008,,,,,,,,,,,,
"     C/1457 A1",-146755.521,0.70336,1.0,13.251,194.597,257.529,14570118.4790000,SAO_2008,,,,,,,,,,,,
"     C/1457 L1",-146553.895,0.76991,1.0,7.335,183.281,187.551,14570808.1050000,SAO_2008,,,,,,,,,,,,
"     C/1458 Y1",-146098,0.49,1.0,69,258,117,14581107.0000000,SAO_2008,,,,,,,,,,,,
"     C/1462 M1",-144732,0.25,1.0,130,137,316,14620804.0000000,SAO_2008,,,,,,,,,,,,
"     C/1468 S1",-142475.7,0.850,1.0,138.0,91.0,106.7,14681007.3000000,SAO_2008,,,,,,,,,,,,
"     C/1471 Y1",-141234.561,0.48589,1.0,170.866,245.728,292.873,14720301.4390000,SAO_2008,,,,,,,,,,,,
"     C/1490 Y1",-134362.03,0.7376,1.0,51.65,129.84,295.89,14901224.9700000,SAO_2008,,,,,,,,,,,,
"     C/1499 Q1",-131182,0.95,1.0,16,42,329,14990909.0000000,SAO_2008,,,,,,,,,,,,
"     C/1500 H1",-130948,1.11,1.0,99,352,305,15000430.0000000,SAO_2008,,,,,,,,,,,,
"     C/1506 O1",-128636.5,0.840,1.0,115.0,200.0,155.7,15060828.5000000,SAO_2008,,,,,,,,,,,,
"     C/1532 R1",-119088.168,0.51922,1.0,32.592,24.529,93.807,15321018.8320000,SAO_2008,,,,,,,,,,,,
"     C/1533 M1",-118848.583,0.25480,1.0,149.592,21.398,125.424,15330615.4170000,SAO_2008,,,,,,,,,,,,
"     C/1538 A1",-117189.68,0.1477,1.0,42.46,287.70,356.20,15371230.3200000,SAO_2008,,,,,,,,,,,,
"     C/1539 H1",-116691.4,0.961,1.0,18.6,174.5,55.1,15390512.6000000,SAO_2008,,,,,,,,,,,,
"     C/1556 D1",-110501.315,0.49082,1.0,32.370,100.866,181.436,15560422.6850000,SAO_2008,,,,,,,,,,,,
"     C/1557 T1",-109984,0.50,1.0,42,94,212,15570922.0000000,SAO_2008,,,,,,,,,,,,
"     C/1558 P1",-109626.96,0.2805,1.0,110.94,119.60,341.21,15580914.0400000,SAO_2008,,,,,,,,,,,,
"     C/1577 V1",-102643.552,0.17750,1.0,104.883,255.673,31.237,15771027.4480000,SAO_2008,,,,,,,,,,,,
"     C/1580 T1",-101549,0.60237,1.0,64.612,89.367,24.948,15801128.9930000,SAO_2008,,,,,,,,,,,,
"     C/1582 J1",-100991.087,0.16872,1.0,118.539,331.895,233.034,15820506.9130000,SAO_2008,,,,,,,,,,,,
"     C/1585 T1",-99718,1.09485,1.0,6.135,331.778,43.144,15851008.5260000,SAO_2008,,,,,,,,,,,,
"     C/1590 E1",-98166.473,0.56773,1.0,150.451,307.671,171.342,15900208.5270000,SAO_2008,,,,,,,,,,,,
"     C/1593 O1",-96909.931,0.08911,1.0,87.914,12.072,169.921,15930719.0690000,SAO_2008,,,,,,,,,,,,
"     C/1596 N1",-95807.286,0.56716,1.0,128.080,59.414,335.962,15960725.7140000,SAO_2008,,,,,,,,,,,,
"     C/1618 Q1",-87749.373,0.51298,1.0,21.494,24.802,298.844,16180817.6270000,SAO_2008,,,,,,,,,,,,
"     C/1618 V1",-87678.1,0.744,1.0,8.4,155.9,229.5,16181027.9000000,SAO_2008,,,,,,,,,,,,
"     C/1618 W1",-87666.149,0.38954,1.0,37.196,287.436,81.001,16181108.8510000,SAO_2008,,,,,,,,,,,,
"     C/1639 U1",-79975.6,0.816,1.0,61.7,237.4,219.7,16391129.4000000,SAO_2008,,,,,,,,,,,,
"     C/1652 Y1",-75242.847,0.84750,1.0,79.461,300.190,93.001,16521113.1530000,SAO_2008,,,,,,,,,,,,
"     C/1661 C1",-72245.619,0.44272,1,33.015,33.450,86.562,16610127.3810000,SAO_2001,,,,,,,,,,,,
"     C/1664 W1",-70838.017,1.02553,1.0,158.697,310.675,86.053,16641204.9830000,SAO_2008,,,,,,,,,,,,
"     C/1665 F1",-70697.281,0.10649,1.0,103.893,156.087,232.696,16650424.7190000,SAO_2008,,,,,,,,,,,,
"     C/1668 E1",-69657.92,0.06660,1.0,144.381,109.813,3.215,16680228.0800000,SAO_2008,,,,,,,,,,,,
"     C/1672 E1",-68194.053,0.69546,1.0,82.972,109.524,302.691,16720301.9470000,SAO_2008,,,,,,,,,,,,
"     C/1677 H1",-66302.474,0.28059,1.0,100.928,99.162,241.316,16770506.5260000,SAO_2008,,,,,,,,,,,,
"     C/1680 V1",-65000,0.006222,0.999986,60.6784,350.6128,276.6339,16801218.4876000,SAO_2008,,,,,,,,,,,,
"     C/1683 O1",-64043.409,0.55958,1.0,96.738,87.810,177.835,16830713.5910000,SAO_2008,,,,,,,,,,,,
"     C/1684 N1",-63712.237,0.95827,1.0,65.424,330.300,272.598,16840608.7630000,SAO_2008,,,,,,,,,,,,
"     C/1686 R1",-62882.675,0.33602,1.0,34.969,81.913,358.443,16860916.3250000,SAO_2008,,,,,,,,,,,,
"     C/1689 X1",-61711.341,0.06443,1.0,63.204,78.134,283.754,16891130.6590000,SAO_2008,,,,,,,,,,,,
"     C/1695 U1",-59558.232,0.04230,1.0,93.589,59.117,286.018,16951023.7680000,SAO_2008,,,,,,,,,,,,
"     C/1698 R1",-58468.485,0.72865,1.0,169.094,151.384,70.282,16981017.5150000,SAO_2008,,,,,,,,,,,,
"     C/1699 D1",-58380.1,0.74862,1.0,109.424,109.524,325.886,16990113.9000000,SAO_2008,,,,,,,,,,,,
"     C/1701 U1",-57373.09,0.5926,1.0,138.37,164.95,302.81,17011017.9100000,SAO_2008,,,,,,,,,,,,
"     C/1702 H1",-57225.893,0.64683,1.0,4.375,309.637,193.294,17020314.1070000,SAO_2008,,,,,,,,,,,,
"     C/1706 F1",-55807.294,0.42686,1.0,55.270,59.434,17.281,17060130.7060000,SAO_2008,,,,,,,,,,,,
"     C/1707 W1",-55126.512,0.85904,1.0,88.646,27.161,56.916,17071212.4880000,SAO_2008,,,,,,,,,,,,
"     C/1718 B1",-51439.594,1.02543,1.0,148.838,6.309,131.903,17180115.4060000,SAO_2008,,,,,,,,,,,,
"     C/1723 T1",-49357.872,0.99879,1.0,130.028,331.380,18.102,17230928.1280000,SAO_2008,,,,,,,,,,,,
"     C/1729 P1",-47269.352,4.05054,1.0,77.095,10.403,314.393,17290616.6480000,SAO_2008,,,,,,,,,,,,
"     C/1733 K1",-45849.841,0.10297,1.0,23.792,187.891,271.052,17330506.1590000,SAO_2008,,,,,,,,,,,,
"     C/1737 C1",-44484.153,0.22282,1.0,18.326,99.461,230.120,17370130.8470000,SAO_2008,,,,,,,,,,,,
"     C/1739 K1",-43616.084,0.67358,1.0,124.260,104.752,211.044,17390617.9160000,SAO_2008,,,,,,,,,,,,
"     C/1742 C1",-42649.304,0.76577,1.0,112.948,328.043,189.201,17420208.6960000,SAO_2008,,,,,,,,,,,,
"     C/1743 C1",-42312.653,0.83818,1.0,2.280,26.250,70.302,17430111.3470000,SAO_2008,,,,,,,,,,,,
"     C/1743 Q1",-42059.853,0.52299,1.0,134.415,119.047,9.633,17430921.1470000,SAO_2008,,,,,,,,,,,,
"     C/1743 X1",-41897.1602,0.222209,1.0,47.1417,151.4855,49.2966,17440301.8398000,SAO_2008,,,,,,,,,,,,
"     C/1746 P1",-40800.085,2.19859,1.0,100.857,230.291,150.849,17470303.9150000,SAO_2008,,,,,,,,,,,,
"     C/1748 H1",-40377.691,0.84067,1.0,94.535,17.828,236.381,17480429.3090000,SAO_2008,,,,,,,,,,,,
"     C/1748 K1",-40326.612,0.62536,1.0,67.083,245.668,36.644,17480619.3880000,SAO_2008,,,,,,,,,,,,
"     C/1750 C1",-39713,0.20,1.0,132,285,303,17500223.0000000,SAO_2008,,,,,,,,,,,,
"     C/1757 R1",-36915.174,0.33738,1.0,12.828,268.690,217.677,17571021.8260000,SAO_2008,,,,,,,,,,,,
"     C/1758 K1",-36682.363,0.21535,1.0,68.300,36.771,234.213,17580611.6370000,SAO_2008,,,,,,,,,,,,
"     C/1760 A1 (Great comet)",-36128.659,0.96576,1.0,175.126,301.727,83.553,17591217.3410000,SAO_2008,,,,,,,,,,,,
"     C/1760 B1 (Messier)",-36148.498,0.80139,1.0,79.084,273.928,143.007,17591127.5020000,SAO_2008,,,,,,,,,,,,
"     C/1762 K1 (Klinkenberg)",-35235.165,1.00905,1.0,85.668,115.480,351.868,17620528.8350000,SAO_2008,,,,,,,,,,,,
"     C/1763 S1 (Messier)",-34712.626,0.49818,1.0,72.497,88.571,359.747,17631102.3740000,SAO_2008,,,,,,,,,,,,
"     C/1764 A1 (Messier)",-34609.929,0.55522,1.0,127.089,104.859,123.388,17640213.0710000,SAO_2008,,,,,,,,,,,,
"     C/1766 E1 (Messier)",-33874.138,0.50532,1.0,139.152,100.879,247.411,17660217.8620000,SAO_2008,,,,,,,,,,,,
"     C/1769 P1 (Messier)",-32545.8796,0.122755,0.999249,40.7338,329.1226,178.2930,17691008.1204000,SAO_2008,,,,,,,,,,,,
"     C/1771 A1 (Great comet)",-32135.265,0.52824,1.0,148.555,260.375,111.944,17701122.7350000,SAO_2008,,,,,,,,,,,,
"     C/1771 G1 (Messier)",-31987,0.901835,1.0,11.2891,76.2251,30.9963,17710419.6349000,SAO_2008,,,,,,,,,,,,
"     C/1773 T1 (Messier)",-31116.893,1.12689,1.0,61.220,314.117,124.236,17730906.1070000,SAO_2008,,,,,,,,,,,,
"     C/1774 P1 (Montaigne)",-30773.051,1.42858,1.0,82.978,136.533,183.974,17740815.9490000,SAO_2008,,,,,,,,,,,,
"     C/1779 A1 (Bode)",-29114,0.713178,1.0,32.4406,62.1743,28.1368,17790104.5807000,SAO_2008,,,,,,,,,,,,
"     C/1780 U1 (Montaigne-Olbers)",-28475.652,0.51528,1.0,107.917,255.165,145.082,17801129.3480000,SAO_2008,,,,,,,,,,,,
"     C/1780 U2 (Messier)",-28534.748,0.09926,1.0,126.177,237.827,127.231,17801001.2520000,SAO_2008,,,,,,,,,,,,
"     C/1781 M1 (Mechain)",-28255.311,0.77586,1.0,81.724,156.209,86.057,17810707.6890000,SAO_2008,,,,,,,,,,,,
"     C/1781 T1 (Mechain)",-28109.977,0.96100,1.0,152.801,61.392,80.482,17811130.0230000,SAO_2008,,,,,,,,,,,,
"     C/1783 X1 (Great comet)",-27327.3,0.70786,1.0,128.859,336.115,59.856,17840121.7000000,SAO_2008,,,,,,,,,,,,
"     C/1785 A1 (Messier-Mechain)",-26955.175,1.14340,1.0,70.238,205.632,267.214,17850127.8250000,SAO_2008,,,,,,,,,,,,
"     C/1785 E1 (Mechain)",-26884.086,0.42724,0.99646,92.639,127.203,67.688,17850408.9140000,SAO_2008,,,,,,,,,,,,
"     C/1786 P1 (Herschel)",-26426,0.410712,1.0,50.8921,325.0517,197.4005,17860708.3797000,SAO_2008,,,,,,,,,,,,
"     C/1787 G1 (Mechain)",-26121.675,0.34891,1.0,131.724,99.158,109.852,17870511.3250000,SAO_2008,,,,,,,,,,,,
"     C/1788 W1 (Messier)",-25572.191,1.06301,1.0,167.512,57.844,159.926,17881110.8090000,SAO_2008,,,,,,,,,,,,
"     C/1790 A1 (Herschel)",-25141.288,0.75810,1.0,148.068,115.951,179.125,17900115.7120000,SAO_2008,,,,,,,,,,,,
"     C/1790 H1 (Herschel)",-25015.259,0.79796,1.0,116.147,119.480,36.118,17900521.7410000,SAO_2008,,,,,,,,,,,,
"     C/1791 X1 (Herschel)",-24412.965,1.29258,1.0,140.211,154.347,193.596,17920114.0350000,SAO_2008,,,,,,,,,,,,
"     C/1793 A1 (Gregory)",-24064.302,0.96581,1.0,131.003,147.167,286.160,17921227.6980000,SAO_2008,,,,,,,,,,,,
"     C/1793 S1 (Perny)",-23737.0017,1.504546,1.0,51.9362,69.3361,5.1750,17931119.9983000,SAO_2008,,,,,,,,,,,,
"     C/1793 S2 (Messier)",-23751.659,0.40344,1.0,119.642,239.810,111.383,17931105.3410000,SAO_2008,,,,,,,,,,,,
"     C/1796 F1 (Olbers)",-22871.7263,1.579636,1.0,115.1716,184.2970,19.8977,17960403.2737000,SAO_2008,,,,,,,,,,,,
"     C/1797 P1 (Bouvard-Herschel)",-22409.386,0.52545,1.0,129.427,279.683,332.094,17970709.6140000,SAO_2008,,,,,,,,,,,,
"     C/1798 G1 (Messier)",-22139.992,0.48503,1.0,43.783,343.002,124.922,17980405.0080000,SAO_2008,,,,,,,,,,,,
"     C/1798 X1 (Bouvard)",-21868.586,0.77479,1.0,137.746,215.878,252.280,17990101.4140000,SAO_2008,,,,,,,,,,,,
"     C/1799 P1 (Mechain)",-21619.309,0.83986,1.0,129.062,95.828,102.326,17990907.6910000,SAO_2008,,,,,,,,,,,,
"     C/1799 Y1 (Mechain)",-21509.604,0.62580,1.0,102.996,136.471,329.609,17991226.3960000,SAO_2008,,,,,,,,,,,,
"     C/1801 N1 (Pons)",-20918.943,0.25641,1.0,159.267,219.840,45.313,18010809.0570000,SAO_2008,,,,,,,,,,,,
"     C/1802 Q1 (Pons)",-20521.6446,1.094249,1.0,57.0108,21.8478,313.0142,18020910.3554000,SAO_2008,,,,,,,,,,,,
"     C/1804 E1 (Pons)",-19999.9119,1.071168,1.0,56.4522,331.9459,179.5344,18040214.0881000,SAO_2008,,,,,,,,,,,,
"     C/1806 V1 (Pons)",-18950.5882,1.081927,1.0,144.9537,225.2131,324.9868,18061229.4118000,SAO_2008,,,,,,,,,,,,
"     C/1807 R1 (Great comet)",-18686.7611,0.646124,0.995488,63.1762,4.0970,269.4837,18070919.2389000,SAO_2008,,,,,,,,,,,,
"     C/1808 F1 (Pons)",-18449.547,0.38986,1.0,134.303,253.743,325.642,18080513.4530000,SAO_2008,,,,,,,,,,,,
"     C/1808 M1 (Pons)",-18389.3323,0.607953,1.0,140.7050,131.5607,26.8770,18080712.6677000,SAO_2008,,,,,,,,,,,,
"     C/1810 Q1 (Pons)",-17573.2621,0.969623,1.0,62.9454,114.9175,311.5035,18101006.7379000,SAO_2008,,,,,,,,,,,,
"     C/1811 F1 (Great comet)",-17240,1.035412,0.995125,106.9342,65.4097,143.0497,18110912.7562000,SAO_2008,,,,,,,,,,,,
"     C/1811 W1 (Pons)",-17172.4573,1.581701,0.980916,31.2554,314.5022,95.6306,18111111.5427000,SAO_2008,,,,,,,,755,,,,
"     C/1813 C1 (Pons)",-16692.978,0.699314,1.0,158.8486,170.5629,243.1457,18130305.0220000,SAO_2008,,,,,,,,,,,,
"     C/1813 G1 (Pons)",-16616.9128,1.214703,1.0,99.0577,205.1622,45.2750,18130520.0872000,SAO_2008,,,,,,,,,,,,
"     C/1816 B1 (Pons)",-15600.154,0.04850,1.0,43.111,304.326,325.829,18160301.8460000,SAO_2008,,,,,,,,,,,,
"     C/1817 Y1 (Pons)",-14838,1.197821,1.0,89.7518,112.3619,72.9950,18180226.4690000,SAO_2008,,,,,,,,,,,,
"     C/1818 W2 (Pons)",-14591.5653,0.855096,1.0,116.9058,348.1071,92.5372,18181205.4347000,SAO_2008,,,,,,,,,,,,
"     C/1819 N1 (Great comet)",-14387,0.341514,1.0,80.7517,13.4158,276.2349,18190628.2181000,SAO_2008,,,,,,,,,,,,
"     C/1821 B1 (Nicollet-Pons)",-13753.9634,0.091823,1.0,106.4613,169.2121,51.1843,18210322.0366000,SAO_2008,,,,,,,,,,,,
"     C/1822 J1 (Gambart)",-13343.9207,0.504429,1.0,126.3969,344.6905,179.9345,18220506.0793000,SAO_2008,,,,,,,,,,,,
"     C/1822 K1 (Pons)",-13272.6663,0.847130,1.0,143.6913,237.7758,100.2415,18220716.3337000,SAO_2008,,,,,,,,,,,,
"     C/1822 N1 (Pons)",-13160,1.145099,0.996316,127.3429,181.1055,95.2425,18221024.2657000,SAO_2008,,,,,,,,,,,,
"     C/1823 Y1 (Great comet)",-12694,0.226742,1.0,103.8194,28.4867,305.5054,18231209.9340000,SAO_2008,,,,,,,,,,,,
"     C/1824 N1 (Rumker)",-12545.9812,0.591671,1.0,125.4324,334.0800,236.7952,18240712.0188000,SAO_2008,,,,,,,,,,,,
"     C/1824 O1 (Scheithauer)",-12466.4336,1.049835,1.0,54.5985,85.2292,281.7415,18240929.5664000,SAO_2008,,,,,,,,,,,,
"     C/1825 K1 (Gambart)",-12240,0.889011,0.996395,123.3414,106.1910,22.5831,18250531.0226000,SAO_2008,,,,,,,,,,,,
"     C/1825 N1 (Pons)",-12040,1.240846,0.995431,146.4353,256.9174,218.1296,18251211.1850000,SAO_2008,,,,,,,,,,,,
"     C/1825 P1 (Pons)",-12142.7889,0.883471,1.0,89.6749,177.2965,195.3795,18250819.2111000,SAO_2008,,,,,,,,,,,,
"     C/1825 V1 (Pons)",-11896.5419,2.007734,1.0,39.9903,279.3841,200.0590,18260422.4581000,SAO_2008,,,,,,,,,,,,
"     C/1826 P1 (Pons)",-11720,0.852878,0.997492,25.9496,13.8101,46.4025,18261009.4761000,SAO_2008,,,,,,,,,,,,
"     C/1826 U1 (Pons)",-11686.0926,0.026904,1.0,90.6234,279.5835,237.5505,18261118.9074000,SAO_2008,,,,,,,,,,,,
"     C/1826 Y1 (Pons)",-11607.589,0.506166,1.0,102.3898,151.0340,186.9924,18270205.4110000,SAO_2008,,,,,,,,,,,,
"     C/1827 P1 (Pons)",-11388.833,0.137758,1.0,125.8788,258.7039,152.1007,18270912.1670000,SAO_2008,,,,,,,,,,,,
"     C/1830 F1 (Great comet)",-10426,0.921424,1.0,21.2570,5.7962,208.7642,18300409.7951000,SAO_2008,,,,,,,,,,,,
"     C/1831 A1 (Great comet)",-10185.8396,0.125887,1.0,135.2630,26.8884,340.2392,18301228.1604000,SAO_2008,,,,,,,,,,,,
"     C/1832 O1 (Gambart)",-9613,1.183005,1.0,136.6727,204.6342,74.8269,18320926.0735000,SAO_2008,,,,,,,,,,,,
"     C/1833 S1 (Dunlop)",-9198.3088,0.458122,1.0,7.3488,259.5795,325.5873,18330910.6912000,SAO_2008,,,,,,,,,,,,
"     C/1834 E1 (Gambart)",-8993.7074,0.513106,1.0,5.9759,49.9876,229.0377,18340403.2926000,SAO_2008,,,,,,,,,,,,
"     C/1835 H1 (Boguslawski)",-8635.2948,2.040153,1.0,170.8846,210.5630,60.7681,18350327.7052000,SAO_2008,,,,,,,,,,,,
"     C/1839 X1 (Galle)",-6891.0248,0.618434,1.0,53.0716,72.2671,122.1788,18400104.9752000,SAO_2008,,,,,,,,,,,,
"     C/1840 B1 (Galle)",-6840,1.220451,0.993250,120.7807,156.6198,239.0658,18400313.6212000,SAO_2008,,,,,,,,,,,,
"     C/1840 E1 (Galle)",-6802.0622,0.748504,1.0,79.8512,138.0440,188.2715,18400402.9378000,SAO_2008,,,,,,,,,,,,
"     C/1840 U1 (Bremiker)",-6560,1.479951,0.965941,57.9043,133.5127,251.2145,18401114.0652000,SAO_2008,,,,,,,,286,,,,
"     C/1842 U1 (Laugier)",-5814.5447,0.504685,1.0,106.4213,240.4937,210.0089,18421216.4553000,SAO_2008,,,,,,,,,,,,
"     C/1843 D1 (Great March comet)",-5741.089,0.005527,0.999914,144.3548,82.6390,3.5272,18430227.9110000,SAO_2008,,,,,,,,513,,,,
"     C/1843 J1 (Mauvais)",-5673.4441,1.616305,1.0,52.7241,124.2527,159.4411,18430506.5559000,SAO_2008,,,,,,,,,,,,
"     C/1844 N1 (Mauvais)",-5160,0.855401,0.999757,131.4092,211.2748,33.8483,18441017.8460000,SAO_2008,,,,,,,,,,,,
"     C/1844 Y1 (Great comet)",-5080,0.250537,0.999302,45.5651,177.5055,120.5910,18441214.1914000,SAO_2008,,,,,,,,,,,,
"     C/1844 Y2 (d'Arrest)",-5060.3421,0.905204,1.0,46.8605,114.5819,338.9135,18450108.6579000,SAO_2008,,,,,,,,,,,,
"     C/1845 D1 (de Vico)",-4961,1.254549,1.0,56.4038,205.4516,349.2811,18450421.5404000,SAO_2008,,,,,,,,,,,,
"     C/1845 L1 (Great June comet)",-4911.8168,0.401077,1.0,131.0985,75.7977,339.9729,18450606.1832000,SAO_2008,,,,,,,,,,,,
"     C/1846 B1 (de Vico)",-4681.4061,1.480703,0.992403,47.4257,337.9898,113.2746,18460122.5939000,SAO_2008,,,,,,,,,,,,
"     C/1846 J1 (Brorsen)",-4547.029,0.633760,0.990414,150.6809,99.7253,263.9889,18460605.9710000,SAO_2008,,,,,,,,538,,,,
"     C/1846 O1 (de Vico-Hind)",-4555.6042,1.375992,1.0,122.3771,78.7517,163.4642,18460528.3958000,SAO_2008,,,,,,,,,,,,
"     C/1846 S1 (de Vico)",-4400.7228,0.830669,1.0,49.7196,93.9763,6.8369,18461030.2772000,SAO_2008,,,,,,,,,,,,
"     C/1847 C1 (Hind)",-4240,0.042593,0.999910,48.6636,254.3565,23.8240,18470330.7844000,SAO_2008,,,,,,,,,,,,
"     C/1847 J1 (Colla)",-4200,2.115749,1.000723,100.4185,32.3587,176.0849,18470605.2298000,SAO_2008,,,,,,,,,,,,
"     C/1847 N1 (Mauvais)",-4120,1.766058,0.998589,96.5817,91.5248,340.4045,18470809.8386000,SAO_2008,,,,,,,,,,,,
"     C/1847 Q1 (Schweizer)",-4117.1549,1.484824,1.0,147.3551,55.4717,78.8836,18470809.8451000,SAO_2008,,,,,,,,,,,,
"     C/1847 T1 (Mitchell)",-4040,0.329025,1.000172,108.1326,276.6090,192.9665,18471114.8999000,SAO_2008,,,,,,,,,,,,
"     C/1848 P1 (Petersen)",-3721.4547,0.319947,1.0,95.5938,260.9477,213.6499,18480908.5453000,SAO_2008,,,,,,,,,,,,
"     C/1848 U1 (Petersen)",-3588.1466,0.959782,1.0,85.0400,208.0066,217.3332,18490119.8534000,SAO_2008,,,,,,,,,,,,
"     C/1849 G1 (Schweizer)",-3440,0.894360,0.998427,66.9587,236.5868,32.6350,18490608.7122000,SAO_2008,,,,,,,,,,,,
"     C/1849 G2 (Goujon)",-3480,1.159406,1.000940,67.1526,33.1621,204.6602,18490526.9923000,SAO_2008,,,,,,,,,,,,
"     C/1850 J1 (Petersen)",-3040,1.081429,0.998599,68.1848,180.5495,94.9833,18500724.0286000,SAO_2008,,,,,,,,,,,,
"     C/1850 Q1 (Bond)",-2950.1626,0.565586,1.0,40.0621,243.2029,208.1112,18501019.8374000,SAO_2008,,,,,,,,,,,,
"     C/1851 P1 (Brorsen)",-2639.2542,0.984753,1.0,38.2035,87.2603,225.7722,18510826.7458000,SAO_2008,,,,,,,,,,,,
"     C/1851 U1 (Brorsen)",-2603.7038,0.142053,1.0,73.9862,294.4471,46.4289,18511001.2962000,SAO_2008,,,,,,,,,,,,
"     C/1852 K1 (Chacornac)",-2401.9127,0.905406,1.0,131.1243,37.2061,319.2712,18520420.0873000,SAO_2008,,,,,,,,,,,,
"     C/1853 E1 (Secchi)",-2091.4787,1.092195,1.0,159.7566,275.9051,71.6574,18530224.5213000,SAO_2008,,,,,,,,,,,,
"     C/1853 G1 (Schweizer)",-2000,0.908693,0.989286,122.1955,199.2335,43.0218,18530510.3263000,SAO_2008,,,,,,,,781,,,,
"     C/1853 L1 (Klinkerfues)",-1920,0.306834,1.000250,61.5008,170.4413,142.5664,18530902.2069000,SAO_2008,,,,,,,,,,,,
"     C/1853 R1 (Bruhns)",-1840,0.172863,1.000664,118.9963,277.8407,222.1161,18531017.1244000,SAO_2008,,,,,,,,,,,,
"     C/1853 W1 (van Arsdale)",-1777.5649,2.044645,1.0,113.8757,170.9202,229.0785,18540104.4351000,SAO_2008,,,,,,,,,,,,
"     C/1854 F1 (Great comet)",-1698.4868,0.277064,1.0,97.4867,101.6255,317.4960,18540324.5132000,SAO_2008,,,,,,,,,,,,
"     C/1854 L1 (Klinkerfues)",-1608.503,0.648092,1.0,108.7032,74.5689,349.6985,18540622.4970000,SAO_2008,,,,,,,,,,,,
"     C/1854 R1 (Klinkerfues)",-1480,0.798762,0.993246,40.9201,129.8988,326.5162,18541028.0085000,SAO_2008,,,,,,,,,,,,
"     C/1854 Y1 (Winnecke-Dien)",-1431.6908,1.359463,0.991309,14.1520,287.0725,240.2563,18541216.3092000,SAO_2008,,,,,,,,,,,,
"     C/1855 G1 (Schweizer)",-1380.4526,2.193526,0.965185,128.5764,323.0929,191.7463,18550205.5474000,SAO_2008,,,,,,,,500,,,,
"     C/1855 L1 (Donati)",-1280,0.567564,0.985780,156.8707,22.4883,262.2306,18550530.6540000,SAO_2008,,,,,,,,252,,,,
"     C/1855 V1 (Bruhns)",-1087.1128,1.230983,1.0,169.8240,325.6152,53.6616,18551125.8872000,SAO_2008,,,,,,,,,,,,
"     C/1857 D1 (d'Arrest)",-605.1309,0.772493,1.0,87.9479,121.5663,315.1526,18570321.8691000,SAO_2008,,,,,,,,,,,,
"     C/1857 M1 (Klinkerfues)",-486.5257,0.367535,1.0,121.0332,134.0658,25.6944,18570718.4743000,SAO_2008,,,,,,,,,,,,
"     C/1857 O1 (Peters)",-440,0.746843,0.980414,32.7565,180.9440,202.8313,18570824.4964000,SAO_2008,,,,,,,,235,,,,
"     C/1857 Q1 (Klinkerfues)",-411.6201,0.562898,0.996913,123.9614,124.8444,16.9550,18571001.3799000,SAO_2008,,,,,,,,,,,,
"     C/1857 V1 (Donati-van Arsdale)",-362.4359,1.009088,1.0,142.1557,95.1021,141.3074,18571119.5641000,SAO_2008,,,,,,,,,,,,
"     C/1858 K1 (Bruhns)",-164.2044,0.544261,1.0,99.9713,98.8587,326.9503,18580605.7956000,SAO_2008,,,,,,,,,,,,
"     C/1858 L1 (Donati)",-40,0.578469,0.996295,116.9512,129.1144,167.3044,18580930.4645000,SAO_2008,,,,,,,,,,,,
"     C/1858 R1 (Tuttle)",-34.6898,1.427002,1.0,158.7051,155.5411,161.7449,18581013.3102000,SAO_2008,,,,,,,,,,,,
"     C/1859 G1 (Tempel)",193.7261,0.201032,1.0,95.4894,282.0049,359.3146,18590529.7261000,SAO_2008,,,,,,,,,,,,
"     C/1860 D1-A (Liais)",457.1249,1.198875,1.0,79.6819,209.7599,326.0179,18600217.1249000,SAO_2008,,,,,,,,,,,,
"     C/1860 D1-B (Liais)",457.1697,1.198174,1.0,79.6193,209.6880,326.0119,18600217.1697000,SAO_2008,,,,,,,,,,,,
"     C/1860 H1 (Rumker)",475.0655,1.306664,1.0,48.2360,41.2172,10.8261,18600306.0655000,SAO_2008,,,,,,,,,,,,
"     C/1860 M1 (Great comet)",632,0.292885,1.0,79.3233,76.8841,86.6271,18600616.5610000,SAO_2008,,,,,,,,,,,,
"     C/1860 U1 (Tempel)",675.8119,0.682653,1.0,32.2097,311.9767,46.7744,18600922.8119000,SAO_2008,,,,,,,,,,,,
"     C/1861 G1 (Thatcher)",920,0.920700,0.983465,79.7733,213.4496,31.8674,18610603.8899000,SAO_2008,,,,,,,,415,,,,
"     C/1861 J1 (Great comet)",920,0.822384,0.985070,85.4424,330.0841,280.9099,18610612.0068000,SAO_2008,,,,,,,,409,,,,
"     C/1861 Y1 (Tuttle)",1116.6744,0.839027,1.0,138.0019,331.5973,147.0373,18611207.6744000,SAO_2008,,,,,,,,,,,,
"     C/1862 N1 (Schmidt)",1325,0.981328,1.0,172.1091,27.1664,328.4371,18620622.5296000,SAO_2008,,,,,,,,,,,,
"     C/1862 W1 (Respighi)",1502.6741,0.803238,1.0,137.5412,230.5764,357.6952,18621228.6741000,SAO_2008,,,,,,,,,,,,
"     C/1862 X1 (Bruhns)",1520,0.794764,1.000049,85.3553,74.4657,118.8387,18630203.9902000,SAO_2008,,,,,,,,,,,,
"     C/1863 G1 (Klinkerfues)",1600,1.068038,0.999159,112.6209,3.9669,253.1661,18630405.3961000,SAO_2008,,,,,,,,,,,,
"     C/1863 G2 (Respighi)",1600,0.628781,0.999079,85.4961,55.5925,252.0825,18630421.3646000,SAO_2008,,,,,,,,,,,,
"     C/1863 T1 (Baeker)",1880,1.313114,1.000665,83.3151,78.1166,106.9346,18631229.6677000,SAO_2008,,,,,,,,,,,,
"     C/1863 V1 (Tempel)",1800,0.706413,0.998879,78.0817,357.2129,99.3940,18631109.9718000,SAO_2008,,,,,,,,,,,,
"     C/1863 Y1 (Respighi)",1899,0.771492,1.0,64.4906,115.6692,306.6287,18631228.2627000,SAO_2008,,,,,,,,,,,,
"     C/1864 N1 (Tempel)",2080,0.909290,0.996351,178.1269,151.5802,97.6742,18640816.0767000,SAO_2008,,,,,,,,,,,,
"     C/1864 O1 (Donati-Toussaint)",2160,0.931212,0.999358,109.7124,232.4593,33.6662,18641011.8921000,SAO_2008,,,,,,,,,,,,
"     C/1864 R1 (Donati)",2080.3118,0.626106,1.0,134.9822,346.0949,176.8808,18640728.3118000,SAO_2008,,,,,,,,,,,,
"     C/1864 X1 (Baeker)",2227.9511,0.770731,1.0,48.8623,118.4522,205.1126,18641222.9511000,SAO_2008,,,,,,,,,,,,
"     C/1864 Y1 (Bruhns)",2252,1.114634,1.0,162.8931,178.4993,342.7789,18641228.2188000,SAO_2008,,,,,,,,,,,,
"     C/1865 B1 (Great southern comet)",2250.8253,0.025844,1.0,92.4945,111.7175,254.8252,18650114.8253000,SAO_2008,,,,,,,,,,,,
"     C/1867 S1 (Baeker-Winnecke)",3277.4608,0.330359,1.0,96.5735,148.6408,66.8417,18671107.4608000,SAO_2008,,,,,,,,,,,,
"     C/1868 L1 (Winnecke)",3509.9763,0.578577,1.0,131.5581,126.6431,54.1124,18680626.9763000,SAO_2008,,,,,,,,,,,,
"     C/1869 T1 (Tempel)",3980.3496,1.230731,1.0,111.6853,188.1940,313.3277,18691010.3496000,SAO_2008,,,,,,,,,,,,
"     C/1870 K1 (Winnecke)",4227,1.00869200,1.0,121.7835,198.2279000000001,143.5674,18700714.5822000,"JPL 2",,,,,,,,,.0221548,,,
"     C/1870 Q1 (Coggia)",4351,1.816685859329131,1.0,99.36214761560637,354.9492518700789,14.75418550258754,18700902.6833519,"JPL 2",,,,,,,,,.820173,,,
"     C/1870 W1 (Winnecke)",4395,.3896906978268747,1.000245808898984,147.289297922724,90.55311000051665,96.59127742382887,18701220.3706655,"JPL 2",,,,,,,,,.0945084,,,
"     C/1871 G1 (Winnecke)",4535,.6483953905582305,.9915215052835441,87.61329418116014,223.0625589434013,281.2249953385017,18710611.1248284,"JPL 2",,,,,,,,668.790275504152,.220955,30445.,,
"     C/1871 L1 (Tempel)",4590,1.083363,1.0,101.9782,96.3220,213.7030,18710727.5344000,SAO_2008,,,,,,,,,,,,
"     C/1871 V1 (Tempel)",4800,0.691268,0.995714,98.2992,242.8935,148.9291,18711220.8722000,SAO_2008,,,,,,,,,,,,
"     C/1873 Q1 (Borrelly)",5400,0.794061,0.996482,95.9662,193.7729,232.3621,18730911.2837000,SAO_2008,,,,,,,,,,,,
"     C/1873 Q2 (Henry)",5440,0.384913,0.999730,121.4625,233.7544,178.4959,18731002.2672000,SAO_2008,,,,,,,,,,,,
"     C/1874 D1 (Winnecke)",5592.4346,0.044568,1.0,58.8932,269.5098,32.0541,18740310.4346000,SAO_2008,,,,,,,,,,,,
"     C/1874 G1 (Winnecke)",5657,0.885773,1.0,148.4122,331.7167,275.8486,18740314.4355000,SAO_2008,,,,,,,,,,,,
"     C/1874 H1 (Coggia)",5720,0.675782,0.998820,66.3439,152.3804,120.4950,18740709.3583000,SAO_2008,,,,,,,,,,,,
"     C/1874 O1 (Borrelly)",5762.3436,0.982649,0.998831,41.8266,92.6123,253.2797,18740827.3436000,SAO_2008,,,,,,,,,,,,
"     C/1874 Q1 (Coggia)",5720,1.687985,0.962822,34.1267,149.5850,217.6274,18740718.2016000,SAO_2008,,,,,,,,306,,,,
"     C/1874 X1 (Borrelly)",5815.4428,0.508226,1.0,99.2205,16.2682,283.7164,18741019.4428000,SAO_2008,,,,,,,,,,,,
"     C/1877 C1 (Borrelly)",6638.6786,0.807441,1.0,152.8948,347.1611,188.9608,18770119.6786000,SAO_2008,,,,,,,,,,,,
"     C/1877 G1 (Winnecke)",6750,.9502083279986584,1.001265749129333,121.1372164015604,63.16422290138486,318.3387819755255,18770418.1906028,"JPL 2",,,,,,,,,.235424,,,
"     C/1877 G2 (Swift)",6739,1.010286103079961,1.008610334967269,77.15596870193163,116.7668302726082,347.7282815378458,18770427.3285546,"JPL 2",,,,,,,,,.332809,,,
"     C/1877 R1 (Coggia)",6873.7182,1.575904,1.0,102.2274,143.2049,252.7106,18770911.7182000,SAO_2008,,,,,,,,,,,,
"     C/1877 T1 (Tempel)",6902,1.072884384919119,.9919370379326136,115.665829340426,103.1743884553672,185.9907547752636,18770627.1009415,"JPL 2",,,,,,,,1534.95505711199,.530957,1.0826E7,,
"     C/1878 N1 (Swift)",7186.1907,1.391967,1.0,78.1761,177.5898,103.9645,18780721.1907000,SAO_2008,,,,,,,,,,,,
"     C/1879 M1 (Swift)",7545,.8963644122870428,1.0,107.0446361700477,3.742746339649675,47.45264108264573,18790427.9251776,"JPL 2",,6.1,,,,,,,.0938926,,17.75,
"     C/1879 Q1 (Palisa)",7617,.9895343081316492,1.0,77.12428429305984,115.4802616807405,88.87514664388902,18791005.1459722,"JPL 2",,,,,,,,,.302072,,,
"     C/1879 Q2 (Hartwig)",7601,.9914800000000004,1.0,107.7629,84.26339999999999,34.11869999999999,18790829.7787000,"JPL 2",,,,,,,,,.546778,,,
"     C/1880 C1 (Great southern comet)",7759,.005370127520055275,1.000010309186499,144.7588460199094,86.68525923739548,8.447535368311504,18800128.1254420,"JPL 2",,,,,,,,,.554057,,,
"     C/1880 G1 (Schaeberle)",7855,1.814414311844558,1.000827189464856,123.0564901084186,145.1668733257798,258.9244023134012,18800702.2027183,"JPL 2",,,,,,,,,.934564,,,
"     C/1880 S1 (Hartwig)",7965.4351,0.354634,1.0,141.9119,323.1288,47.0065,18800907.4351000,SAO_2008,,,,,,,,,,,,
"     C/1880 Y1 (Pechule)",8089,0.6597360,1.0,60.70069999999998,11.68770000000003,251.0495,18801109.9200000,"JPL 2",,,,,,,,,.344549,,,
"     C/1881 J1 (Swift)",8220.9409,0.591090,1.0,77.9336,173.8057,128.1073,18810520.9409000,SAO_2008,,,,,,,,,,,,
"     C/1881 K1 (Great comet)",8312,.7345447641812679,.9960689692549698,63.42743664154463,354.23530147,272.6308507943245,18810616.9404390,"JPL 7",,,,,,,,2554.32375723425,.279725,14817.,,
"     C/1881 N1 (Schaeberle)",8316,0.633542,1.0,140.2281,122.1455,98.7236,18810822.8060000,SAO_2008,,,,,,,,,,,,
"     C/1881 S1 (Barnard)",8337.8653,0.449200,1.0,112.8160,6.2860,275.8195,18810914.8653000,SAO_2008,,,,,,,,,,,,
"     C/1881 W1 (Swift)",8404.2418,1.924973,0.990169,144.8016,117.9488,183.0394,18811120.2418000,SAO_2008,,,,,,,,,,,,
"     C/1882 F1 (Wells)",8616,.06076319271541739,.9999928686793312,73.79692477335327,208.9846271441497,206.589399931938,18820611.0296893,"JPL 2",,,,,,,,786527.898408204,.00844853,1.8638E8,,
"     C/1882 R1-A (Great September comet)",8709,0.007750,0.999899,142.0112,69.5843,347.6563,18820917.7241000,SAO_2008,,,,,,,,669,,,,
"     C/1882 R1-B (Great September comet)",8798,.007752632654693733,.9999069978685318,142.0206977584303,69.60913377721184,347.6858552595434,18820917.7239853,"JPL 5",,,,,,,,761.101641196213,.516376,9572.5,,
"     C/1882 R1-C (Great September comet)",8709,0.007751,0.999915,142.0105,69.5840,347.6545,18820917.7241000,SAO_2008,,,,,,,,874,,,,
"     C/1882 R1-D (Great September comet)",8709,0.007749,0.999920,142.0093,69.5808,347.6510,18820917.7241000,SAO_2008,,,,,,,,952,,,,
"     C/1882 R2 (Barnard)",8785,.9555670000000066,1.0,96.14660000000002,254.288300000002,250.7703,18821113.4754000,"JPL 3",,,,,,,,,.396486,,,
"     C/1883 D1 (Brooks-Swift)",8881,.7600366016484127,1.000077396988954,78.06626043567613,110.8881117270746,279.772779265489,18830219.4509174,"JPL 2",,,,,,,,,.110335,,,
"     C/1884 A1 (Ross)",9169.7926,0.309607,1.0,114.9770,138.5968,265.9925,18831225.7926000,SAO_2008,,,,,,,,,,,,
"     C/1885 N1 (Barnard)",9751,2.506483148733141,1.0,80.6119893689344,178.6095687564193,93.90132872280208,18850806.4477504,"JPL 2",,,,,,,,,1.49038,,,
"     C/1885 R1 (Brooks)",9760,0.749149,0.982264,59.0970,42.8501,206.3675,18850810.6573000,SAO_2008,,,,,,,,275,,,,
"     C/1885 X1 (Fabry)",9924,.642382938451641,1.000387113881838,82.62977642782661,126.5889757158978,37.96246203477163,18860406.4556112,"JPL 3",,,,,,,,,.181171,,,
"     C/1885 X2 (Barnard)",9938,.4792547375146268,1.000200158025937,84.44081160481933,119.6245146670319,69.90999452293423,18860503.7870376,"JPL 4",,,,,,,,,.331995,,,
"     C/1885 Y1 (Brooks)",9920,1.079406810563923,1.000008804227581,42.44237071788757,35.57422387075344,263.812522043317,18851125.9957248,"JPL 2",,,,,,,,,.157961,,,
"     C/1886 H1 (Brooks)",10034,.2695128789642098,.9951434029568824,87.62919010353608,201.3222045639203,194.1673891157011,18860607.8841095,"JPL 2",,,,,,,,413.408479691372,.68446,35946.,,
"     C/1886 J1 (Brooks)",10035,.8420066307344243,1.000114948720622,100.2092855719016,38.59290936053706,289.3613231815893,18860504.9696961,"JPL 2",,,,,,,,,.0672098,,,
"     C/1886 T1 (Barnard-Hartwig)",10240,0.663317,1.000408,101.6154,86.3484,138.9713,18861216.9968000,SAO_2008,,,,,,,,,,,,
"     C/1887 B1 (Great southern comet)",10282.934,0.00483,1.0,144.383,83.513,4.585,18870111.9340000,SAO_2008,,,,,,,,,,,,
"     C/1887 B2 (Brooks)",10360,1.630145,0.983694,104.2738,159.4231,281.5113,18870317.8907000,SAO_2008,,,,,,,,,,,,
"     C/1887 B3 (Barnard)",10373,1.480714,1.0,85.5867,31.9115,259.7963,18861128.9056000,SAO_2008,,,,,,,,,,,,
"     C/1887 D1 (Barnard)",10326,1.006455,1.0,139.7763,36.5539,137.0419,18870328.9359000,SAO_2008,,,,,,,,,,,,
"     C/1887 J1 (Barnard)",10440,1.393813,0.996093,17.5479,15.0876,246.8451,18870617.1630000,SAO_2008,,,,,,,,,,,,
"     C/1888 D1 (Sawerthal)",10720,0.698772,0.995874,42.2482,359.9049,246.9623,18880317.5021000,SAO_2008,,,,,,,,,,,,
"     C/1888 P1 (Brooks)",10849.6364,0.902226,0.999908,74.1904,59.2168,103.0576,18880731.6364000,SAO_2008,,,,,,,,,,,,
"     C/1888 R1 (Barnard)",11040,1.814916,1.001230,166.3842,340.4642,358.9751,18890131.6682000,SAO_2008,,,,,,,,,,,,
"     C/1888 U1 (Barnard)",10880,1.527853,0.991488,56.3425,290.8087,139.0896,18880913.2824000,SAO_2008,,,,,,,,,,,,
"     C/1889 G1 (Barnard)",11160,2.255596,0.999818,163.8517,236.0618,312.2212,18890611.3139000,SAO_2008,,,,,,,,,,,,
"     C/1889 O1 (Davidson)",11200,1.039721,0.997611,65.9916,345.8619,287.7115,18890719.7840000,SAO_2008,,,,,,,,,,,,
"     C/1889 X1 (Borrelly)",11393.9764,0.269796,1.0,56.7537,199.8551,10.0183,18900126.9764000,SAO_2008,,,,,,,,,,,,
"     C/1890 F1 (Brooks)",11627,1.907604596070814,1.000335595667974,120.569048957471,68.93145745055558,321.87681376,18900602.0456482,"JPL 3",,,,,,,,,1.30132,,,
"     C/1890 O1 (Coggia)",11578,0.764087,1.0,63.3509,85.6608,15.8347,18900709.0373000,SAO_2008,,,,,,,,,,,,
"     C/1890 O2 (Denning)",11640,1.260223,0.999187,98.9373,163.0523,101.6590,18900925.0078000,SAO_2008,,,,,,,,,,,,
"     C/1890 V1 (Zona)",11586.3827,2.046694,0.995872,154.3070,331.2842,86.9342,18900807.3827000,SAO_2008,,,,,,,,,,,,
"     C/1891 F1 (Barnard-Denning)",11850,0.397896,1.0,120.5116,178.7501,195.4535,18910428.0210000,SAO_2008,,,,,,,,,,,,
"     C/1891 T1 (Barnard)",12050.0427,0.971089,1.0,77.9880,269.5671,219.5276,18911114.0427000,SAO_2008,,,,,,,,,,,,
"     C/1892 E1 (Swift)",12304,1.026893921338093,.9988211875793108,38.70075877159881,24.50419864062064,242.4287433898049,18920407.1558922,"JPL 2",,,,,,,,25711.6248066835,.0584993,542800.,,
"     C/1892 F1 (Denning)",12369,1.97416293362398,1.003127944436282,89.71979292346985,129.4777527140113,254.9565648603249,18920511.9508323,"JPL 2",,,,,,,,,1.24219,,,
"     C/1892 Q1 (Brooks)",12524,.9760042938800123,1.000311334012426,24.79967393448009,252.6522032525985,266.0331771322552,18921228.5867208,"JPL 2",,,,,,,,,.262291,,,
"     C/1892 W1 (Brooks)",12471,1.19510868331441,1.0,143.8494904026969,85.21229178210901,187.1418514928383,18930106.9933567,"JPL 2",,,,,,,,,.613919,,,
"     C/1893 N1 (Rordame-Quenisset)",12662,.669945319291662,1.082336131373789,159.7684080869098,48.00905072481105,339.6596234667114,18930707.8405680,"JPL 2",,,,,,,,,.109829,,,
"     C/1893 U1 (Brooks)",12725.7223,0.811991,0.996489,129.8233,347.4515,176.4141,18930919.7223000,SAO_2008,,,,,,,,,,,,
"     C/1894 G1 (Gale)",12981,.9829752463017718,.9887412795693989,86.95594002471043,324.1715950635059,207.8909857964986,18940413.8745714,"JPL 2",,,,,,,,815.809055383316,.0767146,33480.,,
"     C/1895 W1 (Perrine)",13579,.1919769668034313,1.000051677678226,141.6263413348372,272.66638966,321.955441419108,18951218.8292362,"JPL 4",,,,,,,,,.326444,,,
"     C/1895 W2 (Brooks)",13487.5527,0.843034,1.0,76.2461,298.7831,84.5467,18951021.5527000,SAO_2008,,,,,,,,,,,,
"     C/1896 C1 (Perrine-Lamp)",13614,.587285710501154,1.000010578361868,155.7386669957718,358.3158875052158,210.2798864210515,18960201.2764255,"JPL 4",,,,,,,,,.374264,,,
"     C/1896 G1 (Swift)",13688,.5664891973569736,.9987186693696041,55.51836214214099,1.714974127473563,179.7270145833555,18960418.1380090,"JPL 2",,,,,,,,9296.16532762552,.42911,5122900.,,
"     C/1896 R1 (Sperra)",13751.4428,1.142895,1.0,88.4215,41.0582,152.4400,18960711.4428000,SAO_2008,,,,,,,,,,,,
"     C/1896 V1 (Perrine)",13962,1.062626054191984,1.000247728717743,146.1404661586535,172.3201414744736,87.92592285646931,18970208.5853784,"JPL 3",,,,,,,,,.0503408,,,
"     C/1897 U1 (Perrine)",14224,1.356288966093011,1.000002907397001,69.6147738698636,65.95081160250072,33.48932222451661,18971209.1833816,"JPL 3",,,,,,,,,.732714,,,
"     C/1898 F1 (Perrine)",14408,1.095261706888033,.9803682077450354,72.52926260157666,47.30806118604104,263.8673255461873,18980317.6320485,"JPL 2",,6.3,,,,,,416.720757252389,.259069,1270.8,10.5,
"     C/1898 L1 (Coddington-Pauly)",14514,1.701589738191413,1.000976725993895,69.93525395980194,233.2683319264698,75.4082689497607,18980914.5423836,"JPL 2",,,,,,,,,.948374,,,
"     C/1898 L2 (Perrine)",14473,.6261121427832639,1.0,70.0313724013062,205.6405328238878,260.5224609801065,18980816.7021308,"JPL 2",,,,,,,,,.31673,,,
"     C/1898 M1 (Giacobini)",14470,1.502238044501262,1.008888662013334,166.8684893785824,22.23308941522592,279.6648918130843,18980725.7975666,"JPL 2",,,,,,,,,.49629,,,
"     C/1898 R1 (Perrine-Chofardet)",14553,.4204812042222061,1.000034068376416,28.85833308632357,162.3636923834316,36.29147474380338,18981021.0390284,"JPL 2",,7.5,,,,,,,.437379,,4.5,
"     C/1898 U1 (Brooks)",14598,.7560175599554874,1.0,140.3447593232786,123.5483879652746,97.74114440961939,18981123.6517713,"JPL 2",,,,,,,,,.0320818,,,
"     C/1898 V1 (Chase)",14689,2.284705659577893,.9992494914144879,22.50277188242595,4.656095255169309,97.24067983917647,18980920.6432537,"JPL 2",,,,,,,,167965.501662107,1.3023,2.823E7,,
"     C/1899 E1 (Swift)",14778,.3265623474498203,1.000325246952994,146.2704268576312,8.7056963417172,26.40589260512413,18990413.4770845,"JPL 5",,,,,,,,,.506217,,,
"     C/1899 S1 (Giacobini)",14956,1.785615847511348,1.0,76.94895461743268,10.75176034629743,273.6274116363764,18990915.3675911,"JPL 2",,,,,,,,,.779923,,,
"     C/1900 B1 (Giacobini)",15165,1.331565091234682,1.00117948931858,146.4480634118015,24.41155896030505,41.79320264923345,19000429.4148727,"JPL 2",,,,,,,,,.374382,,,
"     C/1900 O1 (Borrelly-Brooks)",15247,1.014833970792062,1.000298892153415,62.53267369667099,12.42288981442381,329.4123405415896,19000803.7009446,"JPL 6",,7.9,,,,,,,.0154042,,14.,
"     C/1901 G1 (Great comet)",15523,.244803668724958,1.0,131.0768926124766,203.0505491550859,111.0377511865552,19010424.7512178,"JPL 2",,,,,,,,,.452268,,,
"     C/1902 G1 (Brooks)",15876.796,0.44392,1.0,65.201,229.621,54.033,19020507.7960000,SAO_2008,,,,,,,,,,,,
"     C/1902 R1 (Perrine)",16017,.4008873036762582,.9997524770166885,156.3544421436719,153.0046292464486,50.73500360041685,19021124.3595464,"JPL 3",,,,,,,,65180.6008019858,.317996,2.4376E7,,
"     C/1902 X1 (Giacobini)",16121,2.77333226252424,1.000033194950607,43.89346648823357,5.836346792348269,118.8115484758322,19030323.9940338,"JPL 3",,,,,,,,,1.79177,,,
"     C/1903 A1 (Giacobini)",16183,.4106786361156054,1.008084004128638,30.95202186109105,133.5845857725409,3.609246353070683,19030316.4698224,"JPL 2",,,,,,,,,.28094,,,
"     C/1903 H1 (Grigg)",16198.9203,0.499420,1.0,66.4835,184.9416,214.4924,19030325.9203000,SAO_2008,,,,,,,,,,,,
"     C/1903 M1 (Borrelly)",16307,.3303793568005197,1.000784637212254,85.03733316303682,127.2172295380418,294.9153202797928,19030828.1020311,"JPL 2",,,,,,,,,.262543,,,
"     C/1904 H1 (Brooks)",16643,2.70779479248792,1.001911728254438,125.1313983666228,53.52327297602607,277.1264476281299,19040307.6231377,"JPL 3",,,,,,,,,1.94134,,,
"     C/1904 Y1 (Giacobini)",16800,1.882049,1.000678,99.5989,40.7407,219.7891,19041103.8048000,SAO_2008,,,,,,,,,,,,
"     C/1905 F1 (Giacobini)",16952,1.010981155826608,.200898046179858,27.06106503642781,353.2275364284115,173.3170967022772,19050330.6782021,"JPL 10",Y,,,,,,,1.42304785309728,.0179711,116.02,,
"     C/1905 W1 (Schaer)",17184,1.051022930485175,.9860064070018348,140.527470516073,132.4666475209946,224.3013521049954,19051025.9762218,"JPL 3",,,,,,,,650.927517797555,.217231,235610.,,
"     C/1905 X1 (Giacobini)",17223,.2158987537599882,1.0,43.65192870743951,199.2150997199441,93.37421975983912,19060122.8564378,"JPL 2",,,,,,,,,.412947,,,
"     C/1906 B1 (Brooks)",17263,1.296230084228027,.9998477167552965,126.4424038686241,89.8433591241922,287.7080821514433,19051222.7854888,"JPL 10",,7.0,,,,,,785331.766252713,.877642,1.0186E9,16.75,
"     C/1906 E1 (Kopff)",17314,3.340249010417319,1.001876057431552,4.282707063071523,158.6139309428439,343.6238932022266,19051018.3228078,"JPL 7",,,,,,,,,2.35417,,,
"     C/1906 F1 (Ross)",17262.4333,0.722913,1.0,83.4615,276.4641,73.3526,19060221.4333000,SAO_2008,,,,,,,,,,,,
"     C/1906 V1 (Thiele)",17553,1.212454605237822,.9807740840795207,56.36867471236297,8.628454286750996,86.08668635904176,19061121.7166681,"JPL 14",,,,,,,,500.813324812518,.234332,20876.,,
"     C/1907 E1 (Giacobini)",17657,2.052202145179986,1.004529396497969,141.6593124637497,317.0534659132864,98.47073360086446,19070319.4820351,"JPL 3",,,,,,,,,1.18123,,,
"     C/1907 G1 (Grigg-Mellish)",17683,.9235889029809398,.9852053828199393,109.9510342350281,328.6038760569633,190.4689962001989,19070327.8809426,EXT2023,,,,,,,,493.254054201402,.00312818,1.1384E9,,
"     C/1907 L2 (Daniel)",17845,.5121775063729215,.9987674834806792,8.957993146358199,294.4704562151533,144.2671341687653,19070904.4620670,"JPL 3",,,,,,,,8471.29549647456,.0584076,14563.,,
"     C/1907 T1 (Mellish)",17890,.9829779311326142,1.000085768807846,119.6373599813533,294.3827959026776,55.89617731378309,19070914.8599899,"JPL 3",,,,,,,,,.317134,,,
"     C/1908 R1 (Morehouse)",18245,.9454066236048493,1.000924115992193,140.173814691244,171.582509785895,104.4585989844672,19081226.2480495,"JPL 6",,,,,,,,,.066516,,,
"     C/1909 L1 (Borrelly-Daniel)",18496,.8429691300598464,.9960359046147049,52.08429755444244,5.011053046223141,306.8968917037795,19090605.7681258,"JPL 3",,,,,,,,3101.05568201019,.170532,2.01E5,,
"     C/1910 A1 (Great January comet)",18705,.1289573715780392,.9997876729912113,138.7782734030015,320.8922106543539,90.02958416052161,19100117.5873808,"JPL 3",,,,,,,,14968.2007435576,.0294625,3339500.,,
"     C/1910 P1 (Metcalf)",18927,1.947239457311715,.9980649853188225,121.0420062978368,50.99523434771459,290.7755984281294,19100916.8716806,"JPL 2",,,,,,,,31923.5255312116,1.16104,4.9961E7,,
"     C/1911 N1 (Kiess)",19247,.6838291180040257,.9962766200566044,148.4199271055019,110.3699109001606,158.6654472656687,19110630.6755744,"JPL 6",,,,,,,,2488.99230497607,.00276612,45774.,,
"     C/1911 O1 (Brooks)",19320,0.489429,0.997005,33.8095,153.0045,294.2071,19111028.2368000,SAO_2008,,,,,,,,,,,,
"     C/1911 S2 (Quenisset)",19336,.787270906938746,.9967526874692062,108.099581199479,122.0886131701733,36.42656724785779,19111112.8820453,"JPL 1",,,,,,,,3774.92540133483,.017476,400480.,,
"     C/1911 S3 (Beljawsky)",19320,0.303424,1.000147,96.4659,71.7112,89.8969,19111010.7638000,SAO_2008,,,,,,,,,,,,
"     C/1912 R1 (Gale)",19728,.716086101250363,1.000447937434098,79.81033536834836,25.62319981278395,298.2467122345323,19121005.4536085,"JPL 1",,,,,,,,,.256235,,,
"     C/1912 V1 (Borrelly)",19696.4584,1.107108,1.0,124.6351,99.6836,145.0159,19121021.4584000,SAO_2008,,,,,,,,,,,,
"     C/1913 J1 (Schaumasse)",19920,1.456997218861739,.997226087186018,152.3640873296251,52.97903423480147,316.2674750577254,19130515.6236450,"JPL 1",,,,,,,,12038.0758738666,.578017,1.4299E7,,
"     C/1913 R1 (Metcalf)",20024.5538,1.356120,0.997560,143.3547,117.7060,158.6396,19130914.5538000,SAO_2008,,,,,,,,,,,,
"     C/1913 Y1 (Delavan)",20215,1.104414044073785,1.000140466736294,68.04270989906651,97.4691083358437,60.39740680212475,19141026.7690929,"JPL 3",,4.8,,,,,,,.638037,,4.25,
"     C/1914 F1 (Kritzinger)",20274,1.198605855721825,1.000624130044193,23.91960458473324,72.22133849961196,200.121660924461,19140604.6905534,"JPL 3",,11.2,,,,,,,.415666,,4.5,
"     C/1914 J1 (Zlatinsky)",20281,.5431886349620859,1.000133303871513,112.979407530138,116.4160351787003,33.85391359303172,19140508.8780078,"JPL 3",,9.0,,,,,,,.214231,,8.,
"     C/1914 M1 (Neujmin)",20350,3.747063814596675,1.003245755808669,71.04626241988259,13.98330356676752,271.5141975237893,19140730.4039214,"JPL 2",,,,,,,,,2.75302,,,
"     C/1914 S1 (Campbell)",20452,.6782753705417023,.9038339728957765,76.85692474452995,265.279484921001,2.401352524231942,19140803.1332726,"JPL 2",Y,,,,,,,18.7320264146255,.150829,7498.2,,
"     C/1915 C1 (Mellish)",20684,1.005323568678039,1.000275632729316,54.79149015521837,247.7822263793256,73.45306750729253,19150717.6506433,"JPL 3",,7.6,,,,,,,.333921,,4.5,
"     C/1915 R1 (Mellish)",20762,.4633460187787822,1.000943446906301,52.41415443034447,116.3618061774701,77.63965477203922,19151013.6197741,"JPL 3",,,,,,,,,.273275,,,
"     C/1916 G1 (Wolf)",21379,1.686430803053937,.9994218325612461,25.65872680056235,120.6211112127107,184.4573408438843,19170617.0740551,"JPL 2",,5.9,,,,,,157536.265956784,.811277,2520500.,15.75,
"     C/1917 F1 (Mellish)",21318,.1901937074766215,.993058227782871,32.68731667605889,121.3136763048433,88.67459867129705,19170411.1754210,"JPL 2",Y,11.0,,,,,,143.41576053818,.061778,424.68,16.,
"     C/1917 H1 (Schaumasse)",21373,.76416988084517,1.000064710793971,158.7392670349381,119.1480654730817,10.82961778574444,19170518.7068449,"JPL 2",,12.0,,,,,,,.0146305,,31.25,
"     C/1918 L1 (Reid)",21750.3794,1.101641,1.0,69.7093,194.9062,18.8382,19180606.3794000,SAO_2008,,,,,,,,,,,,
"     C/1919 Q2 (Metcalf)",22219,1.115203618002338,.9997785887492251,46.38315800414978,185.7644451488193,122.097279220887,19191207.8174810,"JPL 2",,5.1,,,,,,357470.270437184,.102294,8.3866E8,11.5,
"     C/1919 Y1 (Skjellerup)",22326.174,0.29769,1.0,123.175,276.576,316.713,19200103.1740000,SAO_2008,,,,,,,,,,,,
"     C/1920 X1 (Skjellerup)",22700,1.147895223452719,.9940707014676405,22.03030292340758,340.8884108700807,108.8323735283503,19201211.5080160,"JPL 2",,,,,,,,2693.74573435494,.184047,167560.,,
"     C/1921 E1 (Reid)",22789,1.008453601302055,1.000575704857689,132.1887837042348,64.4930538932303,269.4412032265895,19210510.4498654,"JPL 2",,,,,,,,,.294856,,,
"     C/1921 H1 (Dubiago)",22830,1.11612246632461,.9347381639360419,22.3454025246227,97.48133618992105,67.12734511237147,19210505.3810490,"JPL 10",Y,,,,,,,70.727294485283,.3835,887.78,,
"     C/1922 B1 (Reid)",22990.7661,1.629083,0.986968,32.4456,183.6812,275.5991,19211028.7661000,SAO_2008,,,,,,,,,,,,
"     C/1922 U1 (Baade)",23398,2.258762586914108,1.000770579038652,51.45652986346222,118.2960595537001,221.5784093330086,19221026.5254524,"JPL 3",,,,,,,,,1.55885,,,
"     C/1922 W1 (Skjellerup)",23423.2232,0.923590,0.993735,23.3659,264.4827,263.0567,19230104.2232000,SAO_2008,,,,,,,,,,,,
"     C/1923 T1 (Dubiago-Bernard)",23741.3481,0.777832,1.0,113.7920,255.3244,227.7378,19231118.3481000,SAO_2008,,,,,,,,,,,,
"     C/1924 F1 (Reid)",23840,1.755695,0.998598,72.3273,271.4401,115.0738,19240313.9493000,SAO_2008,,,,,,,,,,,,
"     C/1924 R1 (Finsler)",24056,.405911300403473,.9985300363658632,120.1138179934646,66.50189267036946,81.14838786335652,19240904.8233629,"JPL 2",,,,,,,,4588.75667492215,.15559,4031100.,,
"     C/1925 F1 (Shajn-Comas Sola)",24400,4.180785,1.002432,146.7131,205.7601,358.5393,19250906.9464000,SAO_2008,,,,,,,,,,,,
"     C/1925 F2 (Reid)",24360,1.633299,0.995116,26.9797,259.2776,7.0401,19250729.8669000,SAO_2008,,,,,,,,,,,,
"     C/1925 G1 (Orkisz)",24240,1.109477,1.000605,100.0224,36.1814,319.1096,19250401.5065000,SAO_2008,,,,,,,,,,,,
"     C/1925 V1 (Wilk-Peltier)",24491.2674,0.763569,1.000505,144.5980,126.1298,141.7818,19251207.2674000,SAO_2008,,,,,,,,,,,,
"     C/1925 W1 (Van Biesbroeck)",24440,1.566243,1.000382,49.3307,106.3992,335.6130,19251002.9730000,SAO_2008,,,,,,,,,,,,
"     C/1925 X1 (Ensor)",24557.9728,0.322588,1.0,123.0003,354.8856,283.4568,19260211.9728000,SAO_2008,,,,,,,,,,,,
"     C/1926 B1 (Blathwayt)",24520,1.345477,0.992384,128.2986,328.2585,137.1264,19260102.8042000,SAO_2008,,,,,,,,,,,,
"     C/1927 A1 (Blathwayt)",24918,1.035782378393369,1.0,92.35652197611765,231.8577544770197,19.82348253220643,19270214.5018449,"JPL 2",,,,,,,,,.247904,,,
"     C/1927 B1 (Reid)",24913,.7500311316040593,1.001186340333735,83.66961501635866,224.1636808472455,109.5994127561856,19261230.3201338,"JPL 2",,,,,,,,,.134898,,,
"     C/1927 E1 (Stearns)",24998,3.685078806240951,1.001265119258339,87.68954297443118,11.06840562974076,215.6616738211999,19270322.4020830,"JPL 2",,,7.5,,,,,,2.69339,,,5.
"     C/1927 X1 (Skjellerup-Maristany)",25240,0.176157,0.999840,85.1126,47.1588,78.2436,19271218.1809000,SAO_2008,,,,,,,,,,,,
"     C/1929 Y1 (Wilk)",25998.3098,0.672235,0.999028,124.5103,157.4943,179.9721,19300122.3098000,SAO_2008,,,,,,,,,,,,
"     C/1930 D1 (Peltier-Schwassmann-Wachmann)",25991.6099,1.087114,0.998131,99.8830,325.0835,148.5325,19300115.6099000,SAO_2008,,,,,,,,,,,,
"     C/1930 E1 (Beyer)",26080,2.078632,1.000524,71.9693,24.6270,117.3671,19300418.1185000,SAO_2008,,,,,,,,,,,,
"     C/1930 F1 (Wilk)",26080,0.481810,0.992194,67.1409,46.9599,91.2366,19300328.7997000,SAO_2008,,,,,,,,485,,,,
"     C/1930 L1 (Forbes)",26133,1.152800,1.0,97.0912,320.9657,279.2646,19300510.4376000,SAO_2008,,,,,,,,,,,,
"     C/1931 O1 (Nagata)",26619,1.046194951708566,.9784511602778915,42.30241346735011,320.0911351137149,192.2526215310513,19310611.7492036,"JPL 2",,5.7,,,,,,338.291663755563,.162143,5810.8,4.75,
"     C/1931 P1 (Ryves)",26560,0.074924,0.999326,169.2881,168.1455,102.2776,19310825.9125000,SAO_2008,,,,,,,,,,,,
"     C/1932 G1 (Houghton-Ensor)",26760,1.254431,0.972127,74.2776,303.5157,213.4835,19320228.9281000,SAO_2008,,,,,,,,302,,,,
"     C/1932 H1 (Carrasco)",26825,2.327918134507478,1.0,58.02806812279763,110.280913898853,18.81986133200381,19311130.7590565,"JPL 2",,,,,,,,,1.74449,,,
"     C/1932 M1 (Newman)",26929,1.647380424084103,1.000476015936488,78.38840133680441,69.78882531994272,246.0899286693843,19320924.5546320,"JPL 2",,11.1,,,,,,,1.08806,,4.5,
"     C/1932 M2 (Geddes)",27167,2.312627165741982,.9992944636212685,124.9768975087974,329.6306776787413,216.0801156304305,19320920.8848035,"JPL 2",,6.1,,,,,,187666.830402567,1.38551,2.5359E8,4.5,
"     C/1932 P1 (Peltier-Whipple)",26951,1.037228224314793,.9768126124217033,71.72295785400152,38.4667487984554,345.4661714561323,19320901.8534019,"JPL 2",,8.1,,,,,,299.18647656171,.144785,2060.4,38.25,
"     C/1932 Y1 (Dodwell-Forbes)",27093,1.130648625402238,.9713983413277945,24.50089486855943,327.3476577868852,78.5966211073891,19321230.5154033,"JPL 2",,8.6,,,,,,248.549481542526,.203861,3974.7,19.5,
"     C/1933 D1 (Peltier)",27132,1.000678651794773,.9999987288461322,86.68037351127141,135.9842118215669,312.4667769514201,19330206.6968030,"JPL 2",,11.3,,,,,,698478382.542947,.164492,8.2861E14,12.,
"     C/1935 A1 (Johnson)",27861,.8111434802480518,.9913280376097711,65.42415645741448,18.3990618113684,92.44415295541788,19350226.4695703,"JPL 2",,11.2,,,,,,904.645956614087,.149008,4815.8,21.,
"     C/1935 M1 (Jackson)",27686.9205,3.485700,1.0,141.9494,124.3132,74.2111,19340906.9205000,SAO_2008,,,,,,,,,,,,
"     C/1935 Q1 (Van Biesbroeck)",28280,4.043409,1.002045,66.1122,44.8957,300.5614,19360511.6361000,SAO_2008,,,,,,,,,,,,
"     C/1936 K1 (Peltier)",28352,1.099895301523295,.9921364159620218,78.55015947746368,148.4802278771078,134.9407561710285,19360708.9614467,"JPL 2",,6.6,,,,,,1654.26249587338,.166011,12517.,19.25,
"     C/1936 O1 (Kaho-Kozik-Lis)",28360,0.518403,0.994389,121.9417,45.8496,265.0062,19360715.8203000,SAO_2008,,,,,,,,888,,,,
"     C/1937 C1 (Whipple)",28675,1.733768736550646,1.000162332837115,41.55172146702436,107.7360328192498,128.6080620478326,19370620.0641700,"JPL 2",,4.3,10.9,,,,,,1.05154,,16.25,5.
"     C/1937 D1 (Wilk)",28609,.618889639487996,.9806430298112813,26.01401934793873,31.45794263948982,58.27004195970664,19370221.5266443,"JPL 2",Y,,,,,,,180.78897776042,.257303,3038.6,,
"     C/1937 N1 (Finsler)",28741,.8627481875975224,1.000378456983414,146.4133559259673,114.8324639851016,59.41986948826872,19370815.6633564,"JPL 2",,6.3,,,,,,,.132362,,13.25,
"     C/1937 P1 (Hubble)",28480,1.953657,0.972499,11.5806,147.4924,97.7957,19361114.2456000,SAO_2008,,,,,,,,599,,,,
"     C/1939 B1 (Kozik-Peltier)",29302,.7164845262786019,.9954512374866702,63.5263889552737,169.0243755212348,289.6090516894953,19390206.8543789,"JPL 2",,9.6,,,,,,1976.87191052686,.258804,107660.,10.,
"     C/1939 H1 (Jurlof-Achmarof-Hassel)",29390,.5282550690622948,.991503163590178,138.1678518210673,89.15172135965713,312.3489890332002,19390410.1139136,"JPL 2",,6.0,,,,,,490.216389235612,.0128099,58776.,4.5,
"     C/1939 V1 (Friend)",29600,0.945209,0.997192,92.9520,126.7769,197.1118,19391105.6260000,SAO_2008,,,,,,,,,,,,
"     C/1940 O1 (Whipple-Paraskevopoulos)",29920,1.082228,0.980843,54.6906,235.7368,135.0616,19401008.2491000,SAO_2008,,,,,,,,425,,,,
"     C/1940 R2 (Cunningham)",30000,0.367751,1.000485,49.8942,199.5690,296.5905,19410116.2340000,SAO_2008,,,,,,,,,,,,
"     C/1940 S1 (Okabayasi-Honda)",29840,1.061768,1.001459,133.1141,329.6782,128.0685,19400815.7592000,SAO_2008,,,,,,,,,,,,
"     C/1941 B1 (Friend-Reese-Honda)",30014.3778,0.941864,0.981221,26.2756,132.7319,329.7897,19410120.3778000,SAO_2008,,,,,,,,355,,,,
"     C/1941 B2 (de Kock-Paraskevopoulos)",30040,0.790033,0.999102,168.2039,268.6997,43.1069,19410127.6577000,SAO_2008,,,,,,,,,,,,
"     C/1941 K1 (van Gent)",30240,0.874789,1.000243,94.5165,85.3219,257.5598,19410903.1842000,SAO_2008,,,,,,,,,,,,
"     C/1942 C1 (Whipple-Bernasconi-Kulin)",30447,1.445344078269943,1.001018733305793,79.45403386166006,223.411735768982,340.9344566451295,19420430.8281039,"JPL 2",,,,,,,,,.62195,,,
"     C/1942 C2 (Oterma)",30503,4.113405017886291,1.00118200911091,172.5143202415896,163.6380002725105,281.039707539875,19420927.3977473,"JPL 2",,,,,,,,,3.13038,,,
"     C/1942 EA (Vaisala)",30405.8195,1.287079,0.933639,37.9961,335.2229,172.2906,19420215.8195000,SAO_2008,Y,,,,,,,85.4,,,,
"     C/1942 X1 (Whipple-Fedtke-Tevzadze)",30760,1.353647,0.992196,19.7127,39.8432,100.7990,19430206.7211000,SAO_2008,,,,,,,,,,,,
"     C/1943 R1 (Daimaca)",30957.5465,0.758300,1.0,161.3186,36.4129,83.3863,19430821.5465000,SAO_2008,,,,,,,,,,,,
"     C/1943 W1 (van Gent-Peltier-Daimaca)",31061,.8742522971463439,.9995129968874485,136.1832972015461,33.09160174415769,58.63012169930024,19440112.2633932,"JPL 2",,,,,,,,76061.6548665958,.033499,4.8571E10,,
"     C/1944 H1 (Vaisala)",31201,2.411170700921862,.9932232818359586,17.30490046005432,238.9362869619083,29.07017414903822,19450104.0024145,"JPL 2",,,,,,,,6711.52175919521,1.44959,1.3377E10,,
"     C/1944 K2 (van Gent)",31280,2.225933,1.002085,95.0056,336.9741,203.5003,19440717.6133000,SAO_2008,,,,,,,,,,,,
"     C/1945 L1 (du Toit)",31592.1456,0.998063,1.0,156.5080,280.1236,255.0453,19450517.1456000,SAO_2008,,,,,,,,,,,,
"     C/1945 W1 (Friend-Peltier)",31806.281,0.19435,1.0,49.480,216.712,326.204,19451217.2810000,SAO_2008,,,,,,,,,,,,
"     C/1945 X1 (du Toit)",31816.9652,0.007516,1.0,141.8734,72.0619,351.2006,19451227.9652000,SAO_2008,,,,,,,,,,,,
"     C/1946 C1 (Timmers)",31920,1.724129,1.001169,72.8427,54.3280,129.6650,19460413.2632000,SAO_2008,,,,,,,,,,,,
"     C/1946 K1 (Pajdusakova-Rotbart-Weber)",31981,1.018412419910921,.9994347400867233,169.5598101545441,22.22664831190326,301.9490739963463,19460511.4452918,"JPL 2",,,,,,,,76475.3461715512,.0303089,1.406E10,,
"     C/1946 P1 (Jones)",32262,1.135979295928624,1.000978423487424,56.96488091901994,320.4102178557673,238.3354723480336,19461026.7693161,"JPL 3",,,,,,,,,.24804,,,
"     C/1946 U1 (Bester)",32197,2.407675371650016,1.000611887328799,108.1758067235658,348.6218750724823,35.5574306140407,19470207.3583365,"JPL 2",,,,,,,,,1.42864,,,
"     C/1947 F1 (Rondanina-Bester)",32293,.559812431842614,.9972769110028241,39.29159034209429,303.7582450169273,353.903996296481,19470520.9648438,"JPL 5",,,,,,,,2947.67268651697,.217941,7.981E6,,
"     C/1947 F2 (Becvar)",32289,.961893288300247,1.0,129.1719029445965,182.120597737964,323.0606035780939,19470503.9133219,"JPL 2",,,,,,,,,.0246442,,,
"     C/1947 K1 (Bester)",32329,1.40304624265441,1.000000894631009,111.4294374206732,357.3076674072241,233.0580509394141,19470531.0196580,"JPL 3",,,,,,,,,.392874,,,
"     C/1947 O1 (Wirtanen)",32639,2.807880769807742,1.016751581500223,97.32480222740433,8.848564974232602,311.7643789607762,19470716.8400187,"JPL 2",,,,,,,,,1.80275,,,
"     C/1947 S1 (Bester)",32557,.7481298302601674,1.00034321036687,140.5686763019341,350.2135428095505,271.4387533597961,19480216.4224631,"JPL 2",,,,,,,,,.26121,,,
"     C/1947 V1 (Honda)",32528,.7530447530400145,1.001358053405969,106.2853996315008,221.2220109809361,312.6340157071041,19471117.9084787,"JPL 3",,,,,,,,,.118115,,,
"     C/1947 X1-A (Southern comet)",32538,.1100047057237862,.9998429159440214,138.5113764924656,196.1820569251745,337.3115285050371,19471202.5864688,"JPL 4",,,,,,,,18532.1982732008,.255238,4.8949E7,,
"     C/1947 X1-B (Southern comet)",32520,0.110023,0.999629,138.5332,196.1504,337.3059,19471202.5847000,SAO_2008,,,,,,,,,,,,
"     C/1947 Y1 (Mrkos)",32836,1.499709899604585,1.000412323925902,77.51234854308005,61.9134579847376,199.3104138181241,19480216.6259829,"JPL 2",,,,,,,,,.843599,,,
"     C/1948 E1 (Pajdusakova-Mrkos)",32981,2.107136377436629,1.000930127030383,92.91766091339318,66.90694028343158,247.655063958686,19480516.6378597,"JPL 2",,5.3,,,,,,,1.54895,,12.25,
"     C/1948 L1 (Honda-Bernasconi)",32727,.206576729407629,1.001030099346672,23.19008415625071,317.1535200778355,203.66199097,19480515.9605338,"JPL 2",,,,,,,,,.0770317,,,
"     C/1948 N1 (Wirtanen)",33356,2.517468047046625,.9994596478027757,130.2676031364743,229.9683508655174,120.6048724212804,19490501.1647555,"JPL 2",,11.3,,,,,,318008.530568633,1.69935,1.4125E7,4.75,
"     C/1948 R1 (Johnson)",32649.9538,4.708380,1.0,53.2325,191.8392,140.4113,19480408.9538000,SAO_2008,,,,,,,,,,,,
"     C/1948 T1 (Wirtanen)",33246,3.268165417882285,1.000697151956921,155.0784260245054,73.54940657778002,122.1254364062252,19470903.8752518,"JPL 2",,6.0,,,,,,,2.39509,,8.25,
"     C/1948 V1 (Eclipse comet)",32926,.1354393386439452,.9999139951476825,23.11627214557107,107.2493616652052,211.0427185232496,19481027.4267712,"JPL 2",,,,,,,,62494.3862466885,.188259,1.1923E7,,
"     C/1948 W1 (Bester)",32840,1.273428,0.997499,87.6054,274.2092,67.6685,19481022.8660000,SAO_2008,,,,,,,,,,,,
"     C/1949 K1 (Johnson)",33565,2.553078949130271,1.00071558624422,131.3516576039044,40.08878280139344,222.3349612647997,19500119.2942207,"JPL 2",,,,,,,,,1.67507,,,
"     C/1949 N1 (Bappu-Bok-Newkirk)",33411,2.058249976986783,.9987821828125909,105.7677854995071,89.52573809507459,309.7098491002305,19491026.5450695,"JPL 2",,,,,,,,69483.5873572231,1.79606,1671500.,,
"     C/1950 K1 (Minkowski)",33689,2.572331975014417,1.001217461389366,144.1552994448178,192.4678449779201,38.89041971639874,19510115.0416944,"JPL 2",,,,,,,,,1.57638,,,
"     C/1951 C1 (Pajdusakova)",33722,.7190609507128092,1.0,87.89674413505469,68.60174015167068,311.2196546800369,19510130.4261442,"JPL 2",,,,,,,,,.0326829,,,
"     C/1951 P1 (Wilson-Harrington)",33902,.7403988330927667,.9997751384857462,152.5313394318703,269.6221262975872,76.89464095893662,19520112.9474090,"JPL 2",,9.7,,,,,,188944.430274217,.188105,1.2518E7,14.5,
"     C/1952 H1 (Mrkos)",34195,1.282807246682241,.9834479881008624,112.0345427662276,144.90003841,122.3561893113288,19520608.7229117,"JPL 2",,5.5,,,,,,682.298041090008,.371201,15805.,37.25,
"     C/1952 M1 (Peltier)",34232,1.201936503230722,.99975207619408,45.55273790640106,96.58408183176527,188.6437430647338,19520715.2544409,"JPL 2",,9.1,,,,,,337561.683792697,.667002,8.2496E7,23.,
"     C/1952 Q1 (Harrington)",34343,1.664987269250483,.9959529216343146,59.11667343400153,191.6295954283134,221.391260611637,19530105.4236243,"JPL 2",,,,,,,,8344.72745963291,.685288,314180.,,
"     C/1952 W1 (Mrkos)",34501,.7777579139271542,1.000191238331412,97.17662202501099,253.8194953695679,343.5785854071632,19530124.8593366,"JPL 2",,,,,,,,,.176595,,,
"     C/1953 G1 (Mrkos-Honda)",34567,1.022127349845494,.9974650942515167,93.85697605916248,85.74226923617714,275.8854796691933,19530526.4371333,"JPL 2",,,,,,,,8096.97860381997,.602069,87482.,,
"     C/1953 T1 (Abell)",34830,.9701847900581597,1.000811949946325,53.22829065415169,194.3820849286085,3.03069678162364,19540707.3505452,"JPL 4",,,,,,,,,.0111003,,,
"     C/1953 X1 (Pajdusakova)",34723,.07230584172946862,.9999966978142102,13.57093059135179,94.07294346079385,115.2462503023451,19540124.6697979,"JPL 2",,,,,,,,3240156.78427168,.187929,1.0499E12,,
"     C/1954 M1 (Harrington)",34948,2.060901701859182,.9993577649332214,136.6439364344292,1.416346282577272,292.7301385617851,19540118.0468606,"JPL 2",,,,,,,,181782.929007621,1.04464,3.8508E8,,
"     C/1954 M2 (Kresak-Peltier)",34957,.7463691020080301,1.000226169430101,88.53955010387051,254.728143876066,75.56645192789053,19540829.6668258,"JPL 2",,,,,,,,,.130233,,,
"     C/1954 O1 (Vozarova)",35055,.7811835877776417,1.073650629426197,115.1835908358986,5.108239675189743,123.9857528570272,19540601.9180098,"JPL 2",,,,,,,,,.200543,,,
"     C/1954 O2 (Baade)",35369,3.869943951048865,1.000558520047794,100.3877359130542,144.6748900107839,265.3406987574852,19550813.3273379,"JPL 2",,,,,,,,,3.02944,,,
"     C/1954 Y1 (Haro-Chavira)",35699,4.076983995782628,1.004602918507734,79.60083698060514,57.3095776793831,72.8750120533708,19560126.7338034,"JPL 2",,,,,,,,,3.46373,,,
"     C/1955 G1 (Abell)",35336,4.496225959274523,1.001767775017505,123.931312011867,73.7569483965666,321.3434971766297,19540324.0257612,"JPL 2",,,,,,,,,3.92295,,,
"     C/1955 L1 (Mrkos)",35302,.5343685807239261,.9892134956255171,86.50300987451639,32.50623865086751,48.94154652798637,19550604.1646899,"JPL 2",,,,,,,,348.697223126689,.398973,2599.5,,
"     C/1955 N1 (Bakharev-Macfarlane-Krienke)",35335,1.427451643787483,.9942486177853214,50.03395733633639,13.21623933044397,303.4661331737803,19550711.5414560,"JPL 2",,,,,,,,3910.13691538116,.426127,51544.,,
"     C/1955 O1 (Honda)",35359,.8846152852414721,1.001111040009518,107.523426624421,348.1957489356888,339.4221847418518,19550804.0621530,"JPL 2",,,,,,,,,.1143,,,
"     C/1956 E1 (Mrkos)",35568,.8422399999999999,1.0,147.4519,81.00149999999999,226.7159000000001,19560413.6092000,"JPL 2",,,,,,,,,.235851,,,
"     C/1956 F1-A (Wirtanen)",36080,4.447262,1.002745,33.2017,13.2594,233.6563,19570902.4137000,SAO_2008,,,,,,,,,,,,
"     C/1956 R1 (Arend-Roland)",36028,.3160431518484373,1.000248060637703,119.9443013099645,308.7745425142261,215.8553614905883,19570408.0324108,"JPL 4",,,,,,,,,.238698,,,
"     C/1957 P1 (Mrkos)",36272,.3549360736788535,.9993380057448967,93.9567401962758,40.31851525478392,68.32383959975725,19570801.4348619,"JPL 2",,,12.2,,,,,12415.1531884308,.521004,155020.,,5.
"     C/1957 U1 (Latyshev-Wild-Burnham)",36177.1293,0.539130,1.0,156.7154,277.6138,210.8753,19571205.1293000,SAO_2008,,,,,,,,,,,,
"     C/1958 D1 (Burnham)",36319,1.322687360751788,.9999161058372807,15.7879397491576,16.46584094625548,151.1944618167017,19580416.3034046,"JPL 2",,,15.6,,,,,1979686.36323209,.339129,8.1974E8,,5.
"     C/1958 R1 (Burnham-Slaughter)",36679,1.628201741765237,.9998449207706639,61.25735988157741,100.7366243661841,323.7782446207922,19590311.5202508,"JPL 2",,,13.7,,,,,1075821.13903101,1.15786,7.0526E7,,5.
"     C/1959 O1 (Bester-Hoffmeister)",36760,1.250534,1.002679,12.8322,186.5069,105.7350,19590717.5556000,SAO_2008,,,,,,,,,,,,
"     C/1959 Q1 (Alcock)",36832,1.150410166905681,1.001309059245038,48.25893988626557,124.7130323415302,159.9199351440614,19590817.6131292,"JPL 2",,,18.1,,,,,,.367653,,,5.
"     C/1959 Q2 (Alcock)",36815,.1658080627922902,1.000431207331336,108.0357262988652,300.535111337181,225.8410218730032,19590915.8799586,"JPL 2",,,,,,,,,.161471,,,
"     C/1959 X1 (Mrkos)",37072,1.253241233083492,.9999887707362005,19.6361634078066,84.68895437328581,100.6188119394483,19591113.2290871,"JPL 2",,,13.4,,,,,37284926.252879,.455803,1.1851E11,,5.
"     C/1959 Y1 (Burnham)",37028,.5044107473328405,1.000297762958443,159.600858870359,306.6318546369893,252.642575212902,19600320.9967164,"JPL 2",,,15.9,,,,,,.194728,,,5.
"     C/1960 B1 (Burnham)",36988,1.170776296902189,.9998319871074431,69.4997738088619,273.2443187302628,83.7793288186248,19590927.7147058,"JPL 2",,,,,,,,581708.180084495,.786158,1.2173E9,,
"     C/1960 M1 (Humason)",37245,4.267539644853636,1.000333309647848,125.4739352815224,46.49411598290727,307.2701434187953,19591211.3509121,"JPL 2",,,12.2,,,,,,3.44564,,,5.
"     C/1960 Y1 (Candy)",37308,1.046718649650078,.9303366228665143,151.174695204052,138.7648379699949,177.2932531478493,19610210.9667736,"JPL 2",Y,,16.5,,,,,58.2433516876233,.15216,39961.,,5.
"     C/1961 O1 (Wilson-Hubbard)",37565,.04012543972804614,.999919124121754,24.21215784526208,270.6977439418079,298.9435565933883,19610717.4971242,"JPL 2",,,18.4,,,,,11051.1988834938,.367285,4451500.,,5.
"     C/1961 R1 (Humason)",38161,2.133469730848697,.9896140999299063,153.277926348577,233.5620381202127,155.4395411119972,19621210.2196045,"JPL 2",,,10.1,,,,,2944.22991579822,1.2247,965.8,,5.
"     C/1961 T1 (Seki)",37615,.6812019176544553,.9921500249394626,155.7128581168566,126.5924812762265,247.3571983107417,19611010.6491873,"JPL 2",,,16.7,,,,,808.387481654346,.0841273,26922.,,5.
"     C/1962 C1 (Seki-Lines)",37814,.03139768508991173,1.000004460412146,65.01448207761743,11.47329371109639,304.6776920048247,19620401.6629963,"JPL 2",,,14.2,,,,,,.140878,,,5.
"     C/1962 H1 (Honda)",37796,.6530851148458818,1.0,72.8729631396983,72.13952389360348,79.81921433247506,19620420.1983494,"JPL 2",,,17.5,,,,,,.0118501,,,5.
"     C/1963 A1 (Ikeya)",38145,.6321397784270697,.9933842474710545,160.6488370387985,336.3025780327926,53.21949878670794,19630321.4749455,"JPL 2",,,15.0,,,,,934.026084356681,.236427,446.42,,5.
"     C/1963 F1 (Alcock)",38164,1.537080421404611,.9979195023895623,86.21879340953434,146.621136352975,43.46515289944308,19630505.8796676,"JPL 2",,,13.9,,,,,20081.7823790382,.632296,1556100.,,5.
"     C/1963 R1 (Pereyra)",38327,.005020925779721426,.9999449154648058,144.5948157082143,86.23092019351422,8.051859226465496,19630823.9720261,"JPL 2",,,14.3,,,,,870.240660070733,.555616,10211.,,5.
"     C/1964 L1 (Tomita-Gerber-Honda)",38628,.5003606378860337,.995931673140822,161.8322670371411,58.42392337579648,309.8704170723259,19640630.6213689,"JPL 2",,,14.4,,,,,1363.98360969172,.158206,2727.1,,5.
"     C/1964 N1 (Ikeya)",38604,.8217416991326463,.9852990882609369,171.9194374096599,290.7686888799819,269.9479942452973,19640801.2179244,"JPL 2",,,16.0,,,,,417.921568847459,.0406543,8799.2,,5.
"     C/1964 P1 (Everhart)",38682,1.259278567330183,.9964961876654772,67.96901184538898,20.68580966558271,280.445181512015,19640823.1863325,"JPL 2",,,15.6,,,,,6813.64753801476,.278269,52273.,,5.
"     C/1965 S1-A (Ikeya-Seki)",39040,0.007786,0.999915,141.8642,69.0486,346.9947,19651021.1837000,SAO_2008,,,,,,,,880,,,,
"     C/1965 S1-B (Ikeya-Seki)",39040,0.007778,0.999925,141.8610,69.0343,346.9811,19651021.1829000,SAO_2008,,,,,,,,,,,,
"     C/1965 S2 (Alcock)",39044,1.293958774951322,1.000344770029224,65.01079911557514,150.520426189083,175.6194270002863,19651026.1366778,"JPL 2",,,17.2,,,,,,.361573,,,5.
"     C/1966 P1 (Kilston)",39377,2.384768843976003,.9994802490474537,40.26453558158772,154.4856930361624,156.0516008126323,19661028.0783418,"JPL 2",,5.0,,,,,,310802.637162291,1.41655,4.5566E7,8.5,
"     C/1966 P2 (Barbon)",39381,2.018741250374431,.9981100105532956,28.70761554007354,136.1659605826667,167.6893187192733,19660417.7796945,"JPL 2",,5.6,,,,,,34909.2179385613,1.09122,3174300.,11.5,
"     C/1966 R1 (Ikeya-Everhart)",39391,.8818332327890895,1.000046376510125,48.27887562781181,50.04447608982156,107.6589239988931,19660805.3208493,"JPL 2",,,,,,,,,.0770385,,,
"     C/1966 T1 (Rudnicki)",39448,.4192092682853801,1.000390185164211,9.079808142755761,79.78545905017062,75.70846385181407,19670120.8845690,"JPL 2",,10.1,,,,,,,.000624247,,11.,
"     C/1967 C1 (Seki)",39535,.457379768802979,.9999029343881379,106.4684260317953,144.2907385362621,200.5195652115753,19670313.7416353,"JPL 2",,10.6,,,,,,323463.687673613,.476282,2.3383E9,4.5,
"     C/1967 C2 (Wild)",39556,1.327154232154989,1.0,99.10507629044325,173.2628513084895,306.8450937190865,19670302.5306721,"JPL 2",,9.9,,,,,,,.346365,,10.,
"     C/1967 M1 (Mitchell-Jones-Gerber)",39694,.1782497333279935,1.0,56.70804289838751,78.94383671055493,32.29325946652764,19670616.7850974,"JPL 2",,6.4,,,,,,,.358701,,13.,
"     C/1967 Y1 (Ikeya-Seki)",39933,1.696578645190065,.9991563598464096,129.3153394848853,70.86440686815712,255.3213800958732,19680225.7056343,"JPL 2",,6.4,,,,,,90184.7973021558,1.06751,1331700.,4.5,
"     C/1968 H1 (Tago-Honda-Yamamoto)",39993,.6803765567918421,.996216152871532,102.170260827142,50.44671601819015,233.108209359396,19680516.2706917,"JPL 5",,9.8,,,,,,2411.19225883552,.16349,90766.,10.,
"     C/1968 L1 (Whitaker-Thomas)",40039,1.234006210401463,1.0,61.76736765379164,353.9779693165143,254.7161092947406,19680604.5048610,"JPL 2",,11.9,,,,,,,.22212,,4.5,
"     C/1968 N1 (Honda)",40103,1.160438392435118,1.000716341929664,143.2382540575698,88.71582764290039,106.7472654107294,19680807.9240219,"JPL 5",,5.2,,,,,,,.616517,,12.5,
"     C/1968 Q1 (Bally-Clayton)",40118,1.771093642403217,1.0,93.16937674429785,26.86496465885926,319.3953461375088,19680820.8455531,"JPL 2",,8.5,,,,,,,.828435,,6.5,
"     C/1968 Q2 (Honda)",40151,1.099008155660729,1.0,127.9125237981974,282.8039258582713,253.292861146305,19681103.8360001,"JPL 2",,6.6,,,,,,,.522311,,33.5,
"     C/1968 U1 (Wild)",40153,2.603056943720637,.9999357667285169,135.132950073001,101.490598622147,209.2152533936312,19680330.8861981,"JPL 2",,,,,,,,8158186.75231582,1.98457,1.2187E12,,
"     C/1968 Y1 (Thomas)",40266,3.316097536476139,.9953022373666103,45.22934648663867,82.58284568828867,16.11003515528809,19690112.2613265,"JPL 2",,5.8,,,,,,18754.8045473074,2.69991,349630.,10.5,
"     C/1969 O1-A (Kohoutek)",40680,1.719085,0.999125,86.3128,123.4686,301.7583,19700321.6374000,SAO_2008,,,,,,,,,,,,
"     C/1969 P1 (Fujikawa)",40479,.7739190138811818,1.0,8.92520148862098,299.01974539,192.3953063518263,19691012.4477253,"JPL 2",,8.7,,,,,,,.0109357,,8.75,
"     C/1969 T1 (Tago-Sato-Kosaka)",40607,.4726393519736965,.9999261768154586,75.81774999845335,267.8342988527102,101.6597791949219,19691221.2678112,"JPL 5",,6.5,,,,,,512287.614492722,.000573579,1.6738E7,11.75,
"     C/1969 Y1 (Bennett)",40688,.5376201462339973,.9962932802768788,90.03981104585797,354.1490886174603,224.6576831633486,19700320.0454230,"JPL 2",,4.6,,,,,,1746.77465129245,.468979,869.77,12.,
"     C/1970 B1 (Daido-Fujikawa)",40621,.06574581205806093,1.000019131986975,100.1828069273288,266.6487293148169,30.59603398381701,19700215.8050049,"JPL 2",,9.7,,,,,,,.719953,,12.5,
"     C/1970 K1 (White-Ortiz-Bolelli)",40735,.008844058148402313,.9999491097153224,138.952248874754,61.10294632686301,336.8196763619202,19700514.4807739,"JPL 2",,,,,,,,2291.04313395668,.490143,6196900.,,
"     C/1970 N1 (Abe)",40870,1.112540542309455,1.000036917060185,126.7199098159451,96.58336423631219,21.70135809394426,19701020.6991098,"JPL 2",,6.6,,,,,,,.615955,,4.5,
"     C/1970 U1 (Suzuki-Sato-Seki)",40890,.405492588951436,1.0,60.78505008715096,318.5209872425205,293.6808779280132,19701001.7954527,"JPL 2",,9.5,,,,,,,.519232,,18.5,
"     C/1971 E1 (Toba)",41079,1.233346079429477,1.000977557448894,109.6842366415511,152.3618201874447,104.0774770900636,19710417.2492389,"JPL 7",,4.9,,,,,,,.281356,,24.75,
"     C/1972 E1 (Bradfield)",41431,.9272182497077517,.9981407981213753,123.6926884485779,257.6988907490442,160.2990796844016,19720327.7011286,"JPL 2",,9.0,,,,,,11137.5927656929,.358281,919810.,6.75,
"     C/1972 F1 (Gehrels)",41534,3.276470837124134,.9978859870197879,175.6107452139865,128.7027165165696,24.75475190131946,19710106.5137054,"JPL 2",,,11.1,,,,,61017.7498404468,2.26422,5144600.,,5.
"     C/1972 L1 (Sandage)",41601,4.275740751076174,1.00634381107676,79.3680602292075,56.65450403710526,225.486355127969,19721114.7884115,"JPL 2",,5.6,8.0,,,,,,3.63757,,7.25,5.
"     C/1972 U1 (Kojima)",41701,2.147034345453323,1.001042511509785,141.8555582082213,334.3059751309023,43.18826573085385,19730212.2780976,"JPL 2",,6.4,,,,,,,1.20078,,12.5,
"     C/1972 X1 (Araya)",41860,4.860839683910214,.9994972513282409,113.0899588614154,267.2116283658706,314.8861010930655,19721218.9840462,"JPL 2",,,,,,,,950711.508431264,4.54899,4.9749E7,,
"     C/1973 A1 (Heck-Sause)",41743,2.511110188727399,1.000573187341504,138.6301497499886,346.2371796026221,175.8780426110411,19721005.4702956,"JPL 2",,5.5,,,,,,,1.52726,,10.25,
"     C/1973 D1 (Kohoutek)",41792,1.382020849039407,.9987497307459786,121.5980626538528,74.85925524161159,164.8173742021121,19730607.1807398,"JPL 2",,9.7,13.4,,,,,36751.4744502317,.835185,458730.,18.5,5.
"     C/1973 E1 (Kohoutek)",42022,.1424250322974156,1.000007809885518,14.3041449344601,37.79756893411028,258.4894909953879,19731228.4306835,"JPL 2",,5.8,9.5,,,,,,.029043,,9.,5.
"     C/1973 H1 (Huchra)",41832,2.384239652171013,.9729413418634797,48.32962519850134,123.4707667428667,57.84030192868662,19730311.5273821,"JPL 2",,9.3,,,,,,827.129819706872,1.61894,11783.,10.,
"     C/1973 N1 (Sandage)",42105,4.812051393080041,1.000225701128461,137.4036266401655,72.54635023321649,279.2410652715355,19731108.1565937,"JPL 2",,6.2,,,,,,,4.08374,,10.,
"     C/1973 W1 (Gibson)",42129,3.842302627644287,1.000460502403451,108.0646651988348,221.2674685345258,244.5974432406681,19730809.9347958,"JPL 2",,,,,,,,,3.03963,,,
"     C/1974 C1 (Bradfield)",42157,.5031900075045974,.999734032997065,61.28458066033681,333.1332853858808,143.7330563370631,19740318.3563769,"JPL 2",,8.6,,,,,,82293.3184326139,.444052,1610500.,10.,
"     C/1974 F1 (Lovas)",42531,3.011471332646886,.9997729069839915,50.64838923229469,261.3632340653144,12.36805622474352,19750822.1660955,"JPL 2",,8.9,,,,,,1527111.10374156,2.45551,5.5866E7,4.5,
"     C/1974 O1 (Cesco)",42280,1.372893388503958,.9793820502573028,173.158462853305,176.7640653028755,165.7406455694378,19740512.9845849,"JPL 2",,,,,,,,543.3694378659,.366187,25658.,,
"     C/1974 V1 (van den Bergh)",42486,6.019169861633006,1.003665020178786,60.85617054614717,151.7949395265811,226.1035096635567,19740808.1334612,"JPL 2",,6.0,,,,,,,5.10694,,10.,
"     C/1974 V2 (Bennett)",42370,.8646478595532839,.9999102636668419,134.8270076445731,324.9675806031773,51.34825270830658,19741201.5234829,"JPL 2",,10.0,,,,,,945833.363787124,.035567,4.4785E10,10.,
"     C/1975 E1 (Bradfield)",42574,1.21694567481709,1.001406387646928,55.24387883063348,264.1307080487595,157.9088519863783,19750404.5801389,"JPL 5",,,11.7,,,,,,.74345,,,5.
"     C/1975 N1 (Kobayashi-Berger-Milon)",42633,.4255641219754202,1.000091759247564,80.78130071232948,116.9694683844184,296.3520166072005,19750905.3348383,"JPL 2",,7.9,14.7,,,,,,.258689,,11.25,5.
"     C/1975 T1 (Mori-Sato-Fujikawa)",42764,1.603933745728527,.9974574507630243,91.60772120237024,246.2412273297657,278.6784666985382,19751225.8777158,"JPL 5",,6.3,10.9,,,,,15844.6912737779,1.02501,51675.,6.75,5.
"     C/1975 T2 (Suzuki-Saigusa-Mori)",42716,.8380527730324591,.985601400550175,118.232772184739,152.0196970175183,216.8053986902505,19751015.3602910,"JPL 2",,9.7,14.5,,,,,444.053070966377,.0998636,5310.8,10.,5.
"     C/1975 V1-A (West)",42908,.1965949685310734,1.000016087612074,43.07404350452942,358.4317208087168,118.9175346769632,19760225.2219779,"JPL 2",,4.4,,,,,,,.554741,,8.25,
"     C/1975 V2 (Bradfield)",42768,.218720706696388,1.000015384247748,70.62616034845553,358.089865520932,271.3127590095342,19751221.1812154,"JPL 5",,10.4,,,,,,,.796211,,16.5,
"     C/1975 X1 (Sato)",42765,.8639704105182059,1.001508000860778,93.95712190458552,215.4629055168465,281.4954333057659,19760103.9179513,"JPL 2",,11.1,,,,,,,.0294058,,10.,
"     C/1976 D1 (Bradfield)",42845,.8477926204906571,.9934253258175996,46.83093509134207,313.0002583870813,160.7928143394987,19760224.6326942,"JPL 2",,,,,,,,1464.30416223501,.0142453,40608.,,
"     C/1976 D2 (Schuster)",42967,6.879570675889903,1.001119473822938,112.0269064312303,193.3668274277679,22.78599437275252,19750114.7056670,"JPL 2",,7.7,9.1,,,,,,5.89944,,4.,5.
"     C/1976 E1 (Bradfield)",42849,.6782929014758708,.9998706957617283,147.7782128671691,221.7657753131531,70.21344162766987,19760225.0570981,"JPL 2",,11.7,,,,,,379939.957724066,.19019,8.1759E9,10.,
"     C/1976 J1 (Harlan)",42956,1.568851342695225,.9997424038044465,38.80562820444288,193.2655289978896,81.41163371799762,19761103.1514936,"JPL 2",,9.0,13.5,,,,,475304.280995161,.565211,1.2672E8,10.25,5.
"     C/1976 U1 (Lovas)",43192,5.85755929241169,1.003696472548945,86.62859005962051,118.8132784669002,286.0414227218017,19760706.6212333,"JPL 2",,10.1,,,,,,,5.32437,,4.5,
"     C/1977 D1 (Lovas)",43315,5.715153503524003,1.003069825979069,64.52324447820975,146.2930374857571,338.1727758498254,19761101.1541166,"JPL 2",,5.2,,,,,,,4.84861,,10.,
"     C/1977 H1 (Helin)",43255,1.117546916071029,.9999924884560689,43.19493843748117,249.3582191747553,20.13858282094856,19770630.9740411,"JPL 2",,14.6,,,,,,57386935.213673,.442445,7.0731E12,10.,
"     C/1977 R1 (Kohler)",43448,.9905764878202094,.9995493480893816,48.71186547368851,163.4866156159515,182.5226840064215,19771110.5699883,"JPL 5",,7.3,12.3,,,,,103057.214618523,.00879713,1357200.,13.5,5.
"     C/1977 V1 (Tsuchinshan)",43513,3.603188797635113,.9993960687653127,168.5487062776265,318.178421260125,5.287759966069846,19770724.8485965,"JPL 2",,6.1,,,,,,460847.772859442,2.62414,3.6744E7,10.75,
"     C/1978 A1 (West)",43593,5.606238969896822,1.002695108937016,116.9210445079933,343.2738908371412,211.6242262509899,19770721.4488606,"JPL 2",,6.0,,,,,,,4.63017,,8.5,
"     C/1978 C1 (Bradfield)",43562,.4365735880611376,1.0,51.08672373009114,48.70650890825069,260.4979483368995,19780317.6908752,"JPL 2",,6.8,,,,,,,.419826,,9.,
"     C/1978 G2 (McNaught-Tritton)",43748,6.284334363820212,1.004626711956858,153.1809567823259,229.4600976780442,72.2139790827259,19780823.9619369,"JPL 2",,,,,,,,,5.34909,,,
"     C/1978 H1 (Meier)",43855,1.136526267667807,1.000849678502475,43.7613810065378,231.402032823849,349.3447954737863,19781111.4092766,"JPL 2",,5.1,,,,,,,.330389,,7.25,
"     C/1978 R3 (Machholz)",43814,1.771588233052446,1.000281438614087,130.6364263806672,224.7540109869094,290.6778327802344,19780813.6726289,"JPL 2",,8.3,,,,,,,.942073,,4.5,
"     C/1978 T1 (Seargent)",43796,.3698759521919549,.9983332473562874,67.82827521718407,207.75663370,41.77496252637078,19780914.8491777,"JPL 6",,,,,,,,3305.86882929011,.59916,200030.,,
"     C/1978 T3 (Bradfield)",43800,.4317917410740108,.999999211314187,138.2678564281347,240.4392768879012,358.4219841570828,19780929.0846892,"JPL 2",,,,,,,,405101317.920699,.229272,6.9602E14,,
"     C/1979 M1 (Bradfield)",44088,.4132167734883136,1.000032140854782,136.2287207444014,47.65117859994464,164.2170962565416,19790723.2626548,"JPL 2",,14.6,,,,,,,.358649,,35.5,
"     C/1979 M3 (Torres)",44069,4.686874718540132,1.001024344919965,92.17830649943801,10.10277212644916,293.1367644407171,19790715.4159430,"JPL 2",,8.1,,,,,,,3.68339,,10.,
"     C/1979 Q1 (SOLWIND)",44115.949,0.00480,1.0,141.456,67.668,344.997,19790830.9490000,SAO_2008,,,,,,,,,,,,
"     C/1979 S1 (Meier)",44179,1.431958164450982,.9729983601237787,67.07939296523126,112.5648184329985,297.631300380648,19791017.3375888,"JPL 2",,4.8,,,,,,386.205528271811,.829045,959.85,46.5,
"     C/1979 Y1 (Bradfield)",44263,.5453012379815432,.9880381363652363,148.6025329128723,257.6097304634741,103.2155346254692,19791221.6097346,"JPL 9",,8.5,,,,,,307.797194502322,.0671385,2298.8,14.,
"     C/1980 E1 (Bowell)",44972,3.363939864961739,1.057732866190401,1.661741742960259,135.0832940391088,114.557492007681,19820312.2868834,"JPL 6",,5.8,,,,,,,2.35052,,7.25,
"     C/1980 L1 (Torres)",44445,2.58390699001187,1.000179498734231,73.14805939142283,334.9661779789997,279.523105502392,19800419.8623768,"JPL 2",,6.5,15.5,,,,,,1.63388,,18.25,5.
"     C/1980 O1 (Cernis-Petrauskas)",44480,.5228969332008477,1.0,49.06823467734265,337.7836700062299,160.6325329667436,19800622.4468055,"JPL 2",,9.7,,,,,,,.435453,,8.75,
"     C/1980 R1 (Russell)",44525,2.112444991216334,1.001824915619049,128.7065269601819,297.189305596345,232.786556685282,19810306.1584886,"JPL 2",,10.4,,,,,,,1.40873,,10.,
"     C/1980 V1 (Meier)",44618,1.519493664295616,.9945974719402653,100.985508487787,87.96449473966561,25.43687648957034,19801209.6470672,"JPL 7",,7.2,,,,,,4716.94699257883,1.20875,22023.,10.25,
"     C/1980 Y1 (Bradfield)",44630,.259823466168743,.9997253771673678,138.5851793695298,358.2941224507322,115.3515432889278,19801229.5416594,"JPL 2",,,14.6,,,,,29101.863334426,.600661,395450.,,5.
"     C/1980 Y2 (Panther)",44661,1.657186652847665,.9986571433516916,82.64612769436714,105.597962460517,332.0006998504267,19810127.3166633,"JPL 11",,6.8,,,,,,43353.1703226851,1.18025,1842300.,6.25,
"     C/1981 B1 (SOLWIND)",44631.10,0.00792,1.0,140.676,65.428,342.107,19810127.1000000,SAO_2008,,,,,,,,,,,,
"     C/1981 G1 (Elias)",44992,4.74264583726577,1.001402143036618,115.3003461297872,310.2655808886517,176.7133571200175,19810818.3969858,"JPL 2",,,10.2,,,,,,3.99904,,,5.
"     C/1981 H1 (Bus)",44756,2.458093810179234,.9988615388734174,160.6636796929077,189.8516318126032,24.26451718588132,19810730.7752818,"JPL 2",,10.7,,,,,,100329.48271733,1.45931,1.1765E7,10.,
"     C/1981 M1 (Gonzalez)",44823,2.333585346767921,.9993513433653151,107.1448678549008,181.6119223773757,143.9687850172899,19810325.6544363,"JPL 2",,,12.5,,,,,215785.092920353,1.32138,6.4038E7,,5.
"     C/1981 O1 (SOLWIND)",44805.336,0.00612,1.0,141.706,68.428,345.957,19810720.3360000,SAO_2008,,,,,,,,,,,,
"     C/1981 V1 (SOLWIND)",44912.532,0.00450,1.0,143.847,77.680,357.569,19811104.5320000,SAO_2008,,,,,,,,,,,,
"     C/1981 W1 (SOLWIND)",44928.61,0.0048,1.0,135.48,97.36,24.63,19811120.6100000,SAO_2008,,,,,,,,,,,,
"     C/1982 M1 (Austin)",45217,.6478121788309483,.9993961712201157,84.49498334186687,33.82283629024859,326.262541506589,19820824.7293759,"JPL 6",,9.0,14.1,,,,,35140.7601680366,.293237,202060.,15.25,5.
"     C/1983 H1 (IRAS-Araki-Alcock)",45467,.9913409756028386,.9898878208777039,73.25137867780242,192.8506889407098,49.10245750540501,19830521.2545269,"JPL 15",,,,9.2,,0.02,,970.679052688878,.00583558,1166.7,,
"     C/1983 J1 (Sugano-Saigusa-Fujikawa)",45469,.47108414175259,.999901547872362,96.62288425333153,82.17344987598116,83.03946675744868,19830501.3282812,"JPL 19",,12.2,,,,,,330992.589214305,.0485751,1.9612E7,15.5,
"     C/1983 J2 (IRAS)",45484,1.416663151060624,.9947161240391227,152.1734647460445,227.0190777630256,119.6900424950068,19830118.6459801,"JPL 2",,,,,,,,4390.14816473632,.514116,7000800.,,
"     C/1983 N1 (IRAS)",45694,2.418057519618018,.999369618581692,138.832958703017,265.5898253898271,171.8011812298606,19830502.7029145,"JPL 2",,,,,,,,237576.258717028,1.77587,1.7321E7,,
"     C/1983 N2 (SOLWIND)",45522.89,0.0049,1.0,142.23,81.43,359.55,19830707.8900000,SAO_2008,,,,,,,,,,,,
"     C/1983 O1 (Cernis)",45833,3.317948219647231,1.001526423823479,134.6953030232434,186.2085780066948,209.5759054444069,19830721.1866256,"JPL 5",,5.2,9.3,,,,,,2.3266,,6.25,5.
"     C/1983 O2 (IRAS)",45755,2.254796852132014,1.000129774918284,120.7360090973635,333.980547948282,201.2576569158369,19831128.0040687,"JPL 2",,9.4,12.5,,,,,,1.31289,,10.75,5.
"     C/1983 R1 (Shoemaker)",45673,3.344912080584129,1.000199231156927,137.5972577774534,176.0390369091649,164.6838896418293,19831123.7954713,"JPL 2",,5.8,,,,,,,2.33792,,10.,
"     C/1983 S2 (SOLWIND)",45602.188,0.00753,1.0,143.987,78.581,358.679,19830925.1880000,SAO_2008,,,,,,,,,,,,
"     C/1984 A1 (Bradfield 1)",45755,1.357490494767276,.9523151691976423,51.80056575868125,219.1648629554008,356.8583433871945,19831227.7965725,"JPL 6",,,,,,,,151.894842973368,.478614,626.34,,
"     C/1984 K1 (Shoemaker)",46470,2.696507251222518,1.000722750789815,116.6654291977496,235.4696974439075,49.69008508690727,19850904.5929628,"JPL 2",,5.6,10.5,,,,,,1.98437,,8.25,5.
"     C/1984 N1 (Austin)",45956,.2912830513314226,.999848381661095,164.1531608541596,353.1289573719638,171.5778492431416,19840812.1370961,"JPL 2",,10.8,,,,,,84208.0138115888,.236468,582960.,15.75,
"     C/1984 O2 (SOLWIND)",45909.556,0.01541,1.0,136.386,56.666,330.436,19840728.5560000,SAO_2008,,,,,,,,,,,,
"     C/1984 Q1 (SOLWIND)",45935.22,0.0049,1.0,144.14,81.04,355.72,19840823.2200000,SAO_2008,,,,,,,,,,,,
"     C/1984 R1 (SOLWIND)",45960.42,0.1051,1.0,36.92,78.74,152.84,19840917.4200000,SAO_2008,,,,,,,,,,,,
"     C/1984 S1 (Meier)",45966,.856607869347438,.9989803221394051,145.6144830890252,128.0766014893854,11.71148206264962,19841013.9902449,"JPL 2",,,,,,,,24349.3183067473,.0439605,3.751E7,,
"     C/1984 U1 (Shoemaker)",46231,5.489110683048431,.9944083726612495,179.2123013434819,182.8198315205217,238.2984571030637,19840903.4522939,"JPL 2",,8.1,11.2,,,,,30757.6998779594,4.49915,155010.,7.,5.
"     C/1984 U2 (Shoemaker)",46068,1.21451321305621,.970910096789837,13.88136719631063,229.2129037059981,223.4755267042373,19850103.8874891,"JPL 2",,10.1,,,,,,269.772796485431,.290986,122.73,20.75,
"     C/1984 V1 (Levy-Rudenko)",46071,.91794830991163,.9992110366975072,65.71461397108934,82.73686491377913,331.1677391271719,19841214.2556478,"JPL 7",,9.5,,,,,,39687.1888254126,.423998,401470.,23.75,
"     C/1984 W2 (Hartley)",46479,4.000284584723119,.9994729519918752,89.32693896201644,255.2718720610787,250.2040762328178,19850928.3953683,"JPL 2",,,,,,,,661255.459468932,3.64613,2.6333E7,,
"     C/1985 K1 (Machholz)",46235,.1062503320789703,1.0,16.2764792831799,274.5011327141104,195.4342744544957,19850628.7385834,"JPL 2",,,,,,,,,.2078,,,
"     C/1985 R1 (Hartley-Good)",46371,.6945805292340071,.9998872234733124,79.92954402939705,87.0325122072075,358.3958786394755,19851209.1162481,"JPL 6",,8.5,,,,,,483352.575502623,.221129,3.3602E7,17.75,
"     C/1985 T1 (Thiele)",46415,1.317140970666608,.983282486979934,139.0692832678015,53.00022959012806,53.01281185898722,19851219.2113713,"JPL 2",,9.9,,,,,,699.357256767011,.514308,204.12,13.5,
"     C/1986 E1 (Shoemaker)",46598,3.593858358810529,.9468403243579109,159.8084469070837,123.5679981714554,294.8436002886923,19860311.2760423,"JPL 2",,,,,,,,555.873734447764,2.65686,634.69,,
"     C/1986 N1 (Churyumov-Solodovnikov)",46809,2.642129690673336,.9992071124391181,114.918049447395,157.7434494403435,134.6175782528172,19860506.4512992,"JPL 2",,8.3,,,,,,192363.199814034,1.68032,4419900.,10.,
"     C/1986 P1 (Wilson)",46824,1.199647969411932,1.000314965394949,147.1191679685332,238.3084262128502,111.665560720663,19870420.7818384,"JPL 7",,5.3,11.5,,,,,,.391011,,7.75,5.
"     C/1986 P1-A (Wilson)",46920,1.199651,1.000312,147.1191,238.3072,111.6661,19870420.7809000,SAO_2008,,,,,,,,,,,,
"     C/1986 P1-B (Wilson)",46920,1.199345,1.000797,147.1192,238.3135,111.6661,19870420.8853000,SAO_2008,,,,,,,,,,,,
"     C/1986 V1 (Sorrells)",46850,1.721157527143638,.9999259536806998,160.5798246092682,70.23301448342289,74.80244953913423,19870309.6581794,"JPL 2",,5.5,,,,,,3543920.08332238,.82709,1.3209E8,13.5,
"     C/1987 A1 (Levy)",46845,.921480109921712,1.000394410239314,96.58291953229755,95.24509406370815,17.11664330229783,19861217.5290095,"JPL 2",,10.8,,,,,,,.476398,,21.25,
"     C/1987 B1 (Nishikawa-Takamizawa-Tago)",46852,.8695884734222341,.9957982687062689,172.2299851880503,200.4018410309784,176.0105156723943,19870317.3454075,"JPL 5",,7.5,,,,,,2977.39497497212,.0477122,23168.,5.75,
"     C/1987 B2 (Terasako)",46833,.392886751129357,.9952200165169107,40.85689340199738,195.270338748539,97.6992666689594,19861224.8762764,"JPL 2",,,,,,,,745.194574205135,.596775,78661.,,
"     C/1987 F1 (Torres)",47179,3.624286572221827,1.001208939868476,124.0787132105054,329.0709917479567,194.4874304259229,19870410.1962510,"JPL 2",,7.6,,,,,,,2.70866,,10.,
"     C/1987 H1 (Shoemaker)",47102,5.457290495540165,1.003211651514714,132.4851563650379,16.99216175602985,268.3366185975219,19861117.0262008,"JPL 2",,5.2,,,,,,,4.46681,,9.75,
"     C/1987 P1 (Bradfield)",47128,.8689564396071634,.9947371258513271,34.08806680570367,73.89961063595888,268.0929240765895,19871107.2741139,"JPL 10",,6.0,,,,,,2121.63530680672,.202735,1137.8,8.5,
"     C/1987 Q1 (Rudenko)",47065,.6026024363277476,1.00044313308015,114.8752757183371,143.8335322150886,298.5696835394938,19871009.5281756,"JPL 2",,8.4,,,,,,,.301297,,10.75,
"     C/1987 T1 (Levy)",47092,.5152613981717605,.9999904334395117,62.53265896386944,13.19123396316576,143.7301882851091,19870909.1697712,"JPL 2",,9.2,,,,,,12500168.8944651,.462617,1.2289E12,31.75,
"     C/1987 T2 (SMM)",47074.069,0.00538,1.0,144.256,80.591,1.159,19871006.0690000,SAO_2008,,,,,,,,,,,,
"     C/1987 U3 (McNaught)",47168,.8411667057302886,.9985580735770365,97.12648071037728,17.40914219226905,261.3417854412032,19871211.9394020,"JPL 7",,6.1,,,,,,14090.1839736183,.151911,440100.,17.25,
"     C/1987 U4 (SMM)",47086.027,0.00627,1.0,144.466,82.632,3.660,19871018.0270000,SAO_2008,,,,,,,,,,,,
"     C/1987 W1 (Ichimura)",47127,.1995184647105148,.9999993915312224,41.62050035038317,329.2926318715498,226.5279010208567,19880110.1041523,"JPL 5",,8.9,,,,,,187769649.863765,.251203,1.683E14,10.,
"     C/1987 W2 (Furuyama)",47172,1.679521743225016,1.000230074467561,117.7819673357609,233.6268154792242,250.7525594925971,19880303.0686228,"JPL 2",,9.4,,,,,,,.940597,,4.5,
"     C/1987 W3 (Jensen-Shoemaker)",47346,3.33274485451239,1.0036030577622,76.70040669090791,194.7131585434836,198.3377132707716,19880118.6819692,"JPL 2",,9.2,,,,,,,2.35982,,10.,
"     C/1988 A1 (Liller)",47277,.8413360057805781,.9965633764274857,73.3223550230319,57.38793426969628,31.51534902334489,19880331.1148829,"JPL 2",,6.6,,,,,,3830.57939543078,.0856922,6462.6,9.,
"     C/1988 B1 (Shoemaker)",47366,5.030938926756805,1.003064789821794,80.56829425460953,124.2237361715944,325.168068955914,19870320.1876719,"JPL 2",,5.6,,,,,,,4.41011,,10.,
"     C/1988 C1 (Maury-Phinney)",47236,1.930675205805696,1.00000052935711,93.15868283813296,346.8394848945424,147.5199272853799,19871226.7897992,"JPL 2",,,18.0,,,,,,.959834,,,5.
"     C/1988 F1 (Levy)",47303,1.174205476295893,.9977148303712777,62.8077422039957,326.514380512196,288.7638618900883,19871129.9409480,"JPL 2",,4.8,,,,,,11647.8746815664,.248818,447350.,19.75,
"     C/1988 J1 (Shoemaker-Holt)",47335,1.174487155633374,.9978077677216638,62.80704966954395,326.5154520849361,288.7650061508437,19880214.2207979,"JPL 2",,5.9,,,,,,12400.8301089842,.249062,180660.,21.5,
"     C/1988 L1 (Shoemaker-Holt-Rodriquez)",47471,2.474297137882745,1.000677161723782,97.68855989990996,232.1459196062082,115.2550653808959,19890612.4648432,"JPL 10",,9.2,12.4,,,,,,1.74747,,4.5,5.
"     C/1988 M1 (SMM)",47339.784,0.00516,1.0,144.706,85.882,7.660,19880627.7840000,SAO_2008,,,,,,,,,,,,
"     C/1988 P1 (Machholz)",47392,.1645515520800235,.9999993863078254,40.19865550657445,349.0379960332967,167.7275578693031,19880917.5680113,"JPL 2",,,,,,,,138846615.680898,.394702,3.4809E13,,
"     C/1988 Q1 (SMM)",47394.819,0.00591,1.0,144.436,82.252,3.200,19880821.8190000,SAO_2008,,,,,,,,,,,,
"     C/1988 T1 (SMM)",47446.072,0.00513,1.0,144.786,88.083,10.351,19881012.0720000,SAO_2008,,,,,,,,,,,,
"     C/1988 U1 (SMM)",47458.864,0.00579,1.0,144.716,86.142,7.981,19881024.8640000,SAO_2008,,,,,,,,,,,,
"     C/1988 W1 (SMM)",47483.369,0.00590,1.0,144.796,91.084,14.021,19881118.3690000,SAO_2008,,,,,,,,,,,,
"     C/1988 Y1 (Yanaka)",47538,.4278137122523382,1.0,71.010955287298,88.12215127690069,315.5230252834693,19881211.6531643,"JPL 2",,12.8,17.7,,,,,,.0693641,,15.5,5.
"     C/1989 A1 (Yanaka)",47561,1.89462089587541,.9986375903448901,52.40972258159897,351.561502029081,157.0886748663685,19881031.8034824,"JPL 6",,5.7,,,,,,51859.7140125998,.910805,1708400.,16.,
"     C/1989 A3 (Bradfield)",47551,.4205173924583054,.9780924999204414,83.05927426289587,194.7699836737965,28.4378141110794,19881205.2444070,"JPL 2",Y,,,,,,,84.0997904197938,.573084,1354.8,,
"     C/1989 A5 (Shoemaker)",47551,2.63963762977597,.9955190584954483,96.55853481837318,19.10418294745768,137.1393021042256,19890226.0757789,"JPL 2",,8.3,12.4,,,,,14297.8506663136,1.69316,118490.,10.,5.
"     C/1989 A6 (Shoemaker)",47567,2.207946223400923,1.0,25.50559647350688,18.8381430368539,74.31445681303993,19881102.0873205,"JPL 2",,13.3,,,,,,,1.23703,,4.5,
"     C/1989 L1 (SMM)",47679.578,0.00557,1.0,144.636,84.722,6.240,19890602.5780000,SAO_2008,,,,,,,,,,,,
"     C/1989 N3 (SMM)",47715.772,0.00462,1.0,144.786,91.804,14.902,19890708.7720000,SAO_2008,,,,,,,,,,,,
"     C/1989 Q1 (Okazaki-Levy-Rudenko)",47807,.6423305102281119,1.000055680059212,90.14594204719145,150.5710892592149,275.5100708685986,19891111.9162487,"JPL 12",,8.6,,,,,,,.288329,,11.5,
"     C/1989 R1 (Helin-Roman)",47789,1.324503842098288,.9999947577582419,128.1332600251004,154.9094259111957,128.609412244025,19890820.2898510,"JPL 2",,,,,,,,127002557.778492,.360937,1.2055E14,,
"     C/1989 S1 (SMM)",47797.855,0.00476,1.0,144.768,87.499,9.636,19890928.8550000,SAO_2008,,,,,,,,,,,,
"     C/1989 T1 (Helin-Roman-Alu)",47847,1.04731853373744,.9906139912840161,46.03653761099656,68.12599292519786,8.519171559224818,19891215.9424340,"JPL 2",,12.5,,,,,,1178.70453936717,.374865,2610.8,13.75,
"     C/1989 W1 (Aarseth-Brewington)",47865,.3006888887045017,1.000064988346867,88.38628146982141,205.2588926965027,345.9168791687965,19891227.8885902,"JPL 5",,8.2,,,,,,,.66777,,13.,
"     C/1989 X1 (Austin)",47998,.3497738959103122,1.000228081863031,58.9563677985423,61.57629376353761,75.92535582935152,19900409.9675749,"JPL 7",,8.4,,,,,,,.138552,,13.,
"     C/1989 Y1 (Skorichenko-George)",47946,1.56916751174884,1.000301347318485,59.36587406151146,137.8332824022838,280.009427352646,19900411.9298562,"JPL 4",,5.3,11.9,,,,,,.734637,,12.25,5.
"     C/1989 Y2 (McKenzie-Russell)",47890,1.975796214980326,.999996489781556,160.3362752621124,191.736136281269,293.8962651393923,19891107.6867705,"JPL 2",,10.0,,,,,,422299152.823889,.996237,1.9879E14,10.,
"     C/1990 E1 (Cernis-Kiuchi-Nakamura)",47982,1.068341053813668,1.0,48.14243049526325,100.6203737449511,348.4449025813774,19900317.3255328,"JPL 2",,7.1,,,,,,,.515787,,39.5,
"     C/1990 K1 (Levy)",48195,.9387377103134091,1.000582180973475,131.5840001816744,242.6663352437772,139.364095694857,19901024.6839577,"JPL 8",,4.6,,,,,,,.209059,,9.5,
"     C/1990 M1 (McNaught-Hughes)",48237,2.682264352211716,1.001289660713232,132.7749598546743,18.16967590845522,233.2063141029763,19910227.6584694,"JPL 2",,10.9,,,,,,,1.69879,,6.75,
"     C/1990 N1 (Tsuchiya-Kiuchi)",48160,1.092440860850179,.9953979037532509,143.7834751310391,180.9205851346244,330.737408706595,19900928.7436481,"JPL 3",,5.7,14.7,,,,,3657.3924183902,.103777,13054.,10.25,5.
"     C/1991 A2 (Arai)",48277,1.434192080577088,.9906638424740422,70.98028030443429,337.6400991636339,115.522769006283,19901210.8890523,"JPL 2",,6.4,,,,,,1903.99992145044,.493839,32930.,32.,
"     C/1991 B1 (Shoemaker-Levy)",48756,2.265069092256138,.9935757016990748,77.28794057014724,74.36878514213619,145.1301585656402,19911231.1908380,"JPL 2",,6.5,,,,,,6620.51594111738,1.81747,1928.,9.5,
"     C/1991 C3 (McNaught-Russell)",48431,4.777706013369888,1.002496025303641,113.4437623321004,320.9297268204805,161.7057958380559,19901018.5562254,"JPL 2",,7.1,,,,,,,3.94905,,10.,
"     C/1991 F2 (Helin-Lawrence)",48612,1.517722704048847,1.000421100018706,95.45655929643364,271.1586496485621,11.83501952991097,19920120.0261964,"JPL 2",,9.1,,,,,,,1.22959,,5.5,
"     C/1991 L3 (Levy)",48619,.982684342770944,.9288584031320765,19.19010771073673,41.47881846837238,329.4315971723207,19910708.1974408,"JPL 10",Y,8.9,14.5,11.6,,,,51.3385789218299,.0753173,1.8745,14.5,5.
"     C/1991 L4 (Helin-Alu)",48783,4.849874884445977,1.000178766384214,49.29251377736286,30.7944749223881,253.6507072216527,19920219.9438420,"JPL 2",,10.1,,,,,,,3.91284,,4.5,
"     C/1991 Q1 (McNaught-Russell)",48846,3.193966599922323,.9944886726982101,90.50620551156364,257.2329686918335,120.4628954674486,19920503.4530454,"JPL 2",,5.0,13.1,,,,,13951.4533990484,2.83261,69656.,15.5,5.
"     C/1991 R1 (McNaught-Russell)",49109,6.981917662293495,.9998516694306198,104.5220918486352,149.1302095316425,150.1147100480936,19901110.9169402,"JPL 2",,4.4,,,,,,10212317.084994,6.09271,4.0044E9,11.,
"     C/1991 T2 (Shoemaker-Levy)",48691,.8362622879634103,.9998609384711999,113.4967463977567,145.2384533503213,49.04916387053873,19920724.5066105,"JPL 20",,7.8,,,,,,466349.45263601,.086484,1.0312E7,10.75,
"     C/1991 X2 (Mueller)",48651,.1987967233397178,1.000201387727965,95.57437028926191,306.985362402392,288.783115284103,19920321.2003730,"JPL 5",,12.1,,,,,,,.00670913,,16.75,
"     C/1991 Y1 (Zanotta-Brewington)",48631,.6439693866566208,1.000056697563823,50.02822548115083,197.8725244864647,254.9082576555254,19920131.9914395,"JPL 5",,10.2,17.0,,,,,,.319982,,14.75,5.
"     C/1992 A1 (Helin-Alu)",48678,3.016596631696579,1.004251691899349,39.2710796128736,239.8430910455528,288.9124043884495,19920708.7170827,"JPL 2",,12.2,13.6,,,,,,2.22595,,4.5,5.
"     C/1992 B1 (Bradfield)",48662,.5001085632978257,.9999257139602512,20.23782970756512,15.34602770633162,275.3470332232948,19920319.5404155,"JPL 2",,,,,,,,552387.483267766,.326537,1.7173E11,,
"     C/1992 F1 (Tanaka-Machholz)",48767,1.261503396385342,.9959770275487871,79.29242271015507,65.47565686925191,300.5083098731384,19920422.6912831,"JPL 2",,5.6,,,,,,5552.9050895403,.615345,13092.,19.,
"     C/1992 J1 (Spacewatch)",49202,3.007011030180084,.9999734913795164,124.3187544758918,83.39944199005573,203.3241326250259,19930905.5419732,"JPL 2",,8.3,14.2,,,,,38205865.5250641,2.54094,3.0006E9,9.25,5.
"     C/1992 J2 (Bradfield)",48761,.5923200502942444,1.0,158.5646251632905,299.7215153797634,160.008049326834,19920525.7938549,"JPL 2",,,,,,,,,.100513,,,
"     C/1992 N1 (Machholz)",48812,.8193623671792718,1.004624882362232,57.56797243985144,162.3078535539666,235.1639902838394,19920710.6496819,"JPL 2",,9.7,,,,,,,.14595,,10.,
"     C/1992 Q2 (Helin-Lawrence)",49033,2.038458110298743,.9654182773859064,106.848256808327,268.8527962613793,194.6671135242811,19930315.1096917,"JPL 2",,6.0,14.2,,,,,452.575411295216,1.75919,55.449,15.,5.
"     C/1992 U1 (Shoemaker)",49043,2.313656020435573,.9994453252919108,65.9855927341999,54.8641532160828,55.29901976123931,19930325.6795627,"JPL 2",,9.2,,,,,,269400.777001167,1.61037,2198100.,11.25,
"     C/1992 W1 (Ohshita)",48974,.6648264472393502,.9930126575513444,115.1378077458037,310.1707792848151,138.4041858816968,19921101.6186114,"JPL 2",,12.3,,,,,,928.11670814495,.160488,28281.,20.75,
"     C/1993 A1 (Mueller)",49219,1.937454603926041,1.001840877206201,124.878071290721,130.6660656711199,144.7205386005745,19940112.9014721,"JPL 4",,8.1,11.1,,,,,,1.13461,,4.75,5.
"     C/1993 F1 (Mueller)",49220,5.901065744875744,1.005403138253239,53.94023541460478,62.03003601665119,77.51646819754367,19920804.8551991,"JPL 2",,6.4,13.6,,,,,,5.22473,,9.5,5.
"     C/1993 K1 (Shoemaker-Levy)",49563,4.849378425317122,1.000113362577726,67.76684518056288,232.4601145555386,30.32873392172302,19940202.0583429,"JPL 4",,10.0,,,,,,,4.13856,,4.5,
"     C/1993 Q1 (Mueller)",49288,.967250878692655,1.000322420292731,105.0264998392923,261.0329608910372,193.7889843579675,19940326.2771629,"JPL 8",,9.8,,,,,,,.477111,,4.5,
"     C/1993 Y1 (McNaught-Russell)",49470,.8676346411697747,.9935569221319066,51.58646888894948,353.4675579575653,166.3590730828903,19940331.0959113,"JPL 16",,12.3,16.9,,,,,1562.69224580473,.121186,1671.3,10.,5.
"     C/1994 E1 (Mueller)",49451,1.751261378238345,.9683518110578635,145.1402995966359,98.92451674227813,5.175424622176501,19931128.4632746,"JPL 2",,11.0,,,,,,411.634117458743,1.05721,3357.3,12.5,
"     C/1994 E2 (Shoemaker-Levy)",49467,1.158819190008642,.997305281918325,131.2545672734788,57.49646312645542,166.5686079739317,19940527.4591310,"JPL 2",,14.3,17.7,,,,,8917.88187079836,.410941,25032.,8.75,5.
"     C/1994 G1-A (Takamizawa-Levy)",49717,1.359270498355184,.9990759700524432,132.8727134762547,61.63254618177406,306.8314031342816,19940522.5343146,"JPL 2",,6.4,,,,,,56420.6348590118,.622765,201180.,13.5,
"     C/1994 G1-B (Takamizawa-Levy)",49825,1.361262498064833,1.008805604574996,132.968447727777,62.06726750648465,306.8108438420461,19940524.6129912,"JPL 2",,,,,,,,,.630675,,,
"     C/1994 J2 (Takamizawa)",49701,1.947739738408806,.9962312696194041,135.9617914106797,192.1161608290362,51.1291920158724,19940629.6143146,"JPL 2",,9.5,13.0,,,,,11749.2998322679,.950932,4030.9,4.5,5.
"     C/1994 N1 (Nakamura-Nishimura-Machholz)",49574,1.14013963293908,1.000004187674279,94.37802413721315,123.0719141970736,158.9122502322911,19940712.9399044,"JPL 2",,11.3,16.8,,,,,,.400879,,12.5,5.
"     C/1994 T1 (Machholz)",49682,1.845392222918178,.999494917340769,101.7376001412728,142.7842780778105,249.9436245123102,19941002.5571574,"JPL 2",,10.4,13.6,,,,,220850.071292976,.992933,7114100.,5.75,5.
"     C/1995 O1 (Hale-Bopp)",54724,.9174143409263262,.9949607008417696,89.21708989130315,130.662020526416,282.9487539423989,19970330.9378483,"JPL J971B/1",,4.0,,60,,0.04,,2456.41238143317,.116025,3126.4,8.,
"     C/1995 Q1 (Bradfield)",50013,.4363869767926454,.9980256711345538,147.3943011124616,331.1618097200952,178.0547286890203,19950831.4185050,"JPL 2",,9.6,,,,,,3286.14431140634,.440174,2397.6,16.5,
"     C/1995 Q2 (Hartley-Drinkwater)",49966,1.889143209749869,.9664928819109674,168.0075125413942,314.0002790358004,300.7507828018295,19950802.7273559,"JPL 2",,9.7,,,,,,423.350337481529,.903727,8608.,22.,
"     C/1995 Y1 (Hyakutake)",50137,1.054617161325053,1.000269470509257,54.46607179238238,46.3487012171129,195.7614780561649,19960224.2874251,"JPL 2",,9.9,15.3,,,,,,.216486,,15.,5.
"     C/1996 A2 (SOHO)",50096.56,0.0054,1.0,141.76,82.03,6.86,19960114.5600000,SAO_2008,,,,,,,,,,,,
"     C/1996 B1 (Szczepanski)",50137,1.448787968066914,.990765429434025,51.91892697435366,151.2833224396429,345.441854951983,19960206.9145388,"JPL 17",,7.1,15.2,,,,,1965.12595459575,.523411,2292.9,31.75,5.
"     C/1996 B2 (Hyakutake)",50157,.2302235310262354,.9998916470450123,124.9220493922234,130.1751209780967,188.045131992156,19960501.3941450,"JPL 73",,7.4,11.1,4.2,,,,97942.5999272653,.100967,539130.,10.75,5.
"     C/1996 B3 (SOHO)",50110.60,0.0069,1.0,144.11,65.71,347.94,19960128.6000000,SAO_2008,,,,,,,,,,,,
"     C/1996 B4 (SOHO)",50103.93,0.0050,1.0,143.34,87.18,8.00,19960121.9300000,SAO_2008,,,,,,,,,,,,
"     C/1996 B5 (SOHO)",50111.92,0.0050,1.0,144.43,75.73,356.60,19960129.9200000,SAO_2008,,,,,,,,,,,,
"     C/1996 D1 (SOHO)",50132.29,0.0069,1.0,143.70,71.66,353.75,19960219.2900000,SAO_2008,,,,,,,,,,,,
"     C/1996 E1 (NEAT)",50220,1.358954134278129,1.000908588123794,114.4753782698956,81.10804171930072,149.8413922565162,19960727.3468974,"JPL 14",,12.5,,,,,,,.909319,,8.75,
"     C/1996 E2 (SOHO)",50153.14,0.0055,1.0,143.84,89.77,6.11,19960311.1400000,SAO_2008,,,,,,,,,,,,
"     C/1996 F2 (SOHO)",50167.60,0.0051,1.0,144.43,83.45,3.57,19960325.6000000,SAO_2008,,,,,,,,,,,,
"     C/1996 H1 (SOHO)",50203.48,0.0052,1.0,144.43,82.80,2.99,19960430.4800000,SAO_2008,,,,,,,,,,,,
"     C/1996 J1-A (Evans-Drinkwater)",50840,1.297705820957689,1.00102832817524,22.51637369847596,14.80107757473941,278.1694364468734,19961230.3763183,"JPL 26",,6.5,,,,,,,.290275,,10.0,
"     C/1996 J1-B (Evans-Drinkwater)",51200,1.2990844093779,1.00059350950148,22.5113875986251,14.85047016863194,278.1791508556548,19961230.2126785,"JPL 19",,9.,10.,,,,,,.292576,,6.5,10.0
"     C/1996 L1 (SOHO)",50245.4,0.0050,1.0,143.84,90.23,12.92,19960611.4000000,SAO_2008,,,,,,,,,,,,
"     C/1996 L2 (SOHO)",50248.35,0.0053,1.0,143.19,57.28,333.67,19960614.3500000,SAO_2008,,,,,,,,,,,,
"     C/1996 M1 (SOHO)",50252.98,0.0054,1.0,144.50,82.69,3.29,19960618.9800000,SAO_2008,,,,,,,,,,,,
"     C/1996 M2 (SOHO)",50261.10,0.0050,1.0,143.42,90.60,12.91,19960627.1000000,SAO_2008,,,,,,,,,,,,
"     C/1996 M3 (SOHO)",50255.15,0.0065,1.0,136.59,79.79,355.33,19960621.1500000,SAO_2008,,,,,,,,,,,,
"     C/1996 N1 (Brewington)",50304,.9258214082604733,1.000564203309467,52.14795009520106,43.96968510776176,234.9003620814501,19960803.4238346,"JPL 16",,11.9,17.8,,,,,,.0581483,,16.5,5.
"     C/1996 N3 (SOHO)",50267.85,0.0351,1.0,72.12,57.17,73.16,19960703.8500000,SAO_2008,,,,,,,,,,,,
"     C/1996 O1 (SOHO)",50286.18,0.0061,1.0,143.96,70.53,351.95,19960722.1800000,SAO_2008,,,,,,,,,,,,
"     C/1996 O2 (SOHO)",50288.46,0.0076,1.0,146.02,68.35,349.92,19960724.4600000,SAO_2008,,,,,,,,,,,,
"     C/1996 O3 (SOHO)",50290.02,0.0067,1.0,146.22,68.34,348.73,19960726.0200000,SAO_2008,,,,,,,,,,,,
"     C/1996 O4 (SOHO)",50292.27,0.0070,1.0,144.43,69.38,350.31,19960728.2700000,SAO_2008,,,,,,,,,,,,
"     C/1996 P2 (Russell-Watson)",50406,2.005853506743677,1.00008353549162,29.0831296309875,188.7995314390275,101.4034778917003,19960301.3294832,"JPL 17",,5.,12.5,,,,,,.992994,,12,5
"     C/1996 Q1 (Tabur)",50341,.8398029304982347,.9986119400862491,73.35563244223592,57.41289219706957,31.3996264875077,19961103.5322773,"JPL 19",,11.0,16.4,,,,,14882.0226962287,.0838441,937430.,10.25,5.
"     C/1996 Q2 (SOHO)",50317.21,0.0052,1.0,144.40,83.94,4.70,19960822.2100000,SAO_2008,,,,,,,,,,,,
"     C/1996 Q3 (SOHO)",50325.93,0.0051,1.0,144.18,84.59,5.11,19960830.9300000,SAO_2008,,,,,,,,,,,,
"     C/1996 R1 (Hergenrother-Spahr)",50354,1.899198446453346,.98558370470141,145.8144427603602,139.4569085008034,149.745053172111,19960828.7395888,"JPL 14",,6.3,,,,,,1512.10941430197,.986423,7279.,24.25,
"     P/1996 R2 (Lagerkvist)",50364,2.60964242199692,.3099907820243109,2.605341982623154,334.0424860095179,40.24056119243135,19970119.1899024,"JPL 21",,6.9,14.7,,,,,7.35524881519949,1.61037,.20132,20.5,5.
"     C/1996 R3 (Lagerkvist)",50351,5.23823656661548,.9870343410568397,39.20139700412212,130.9332380106514,172.7245844786235,19950724.8085723,"JPL 10",,,10.5,,,,,8120.70948293039,4.3601,3111400.,,5.0
"     C/1996 R4 (SOHO)",50341.22,0.0055,1.0,144.11,77.06,356.23,19960915.2200000,SAO_2008,,,,,,,,,,,,
"     C/1996 R5 (SOHO)",50330.48,0.0053,1.0,144.30,78.60,358.52,19960904.4800000,SAO_2008,,,,,,,,,,,,
"     C/1996 S3 (SOHO)",50349.62,0.0059,1.0,143.90,75.07,357.32,19960923.6200000,SAO_2008,,,,,,,,,,,,
"     C/1996 V1 (SOHO)",50395.93,0.0078,1.0,141.98,85.31,12.30,19961108.9300000,SAO_2008,,,,,,,,,,,,
"     C/1996 V2 (SOHO)",50398.78,0.0488,1.0,33.41,11.84,89.36,19961111.7800000,SAO_2008,,,,,,,,,,,,
"     C/1996 X1 (SOHO)",50429.19,0.0060,1.0,144.01,84.87,7.51,19961212.1900000,SAO_2008,,,,,,,,,,,,
"     C/1996 X2 (SOHO)",50429.89,0.0054,1.0,143.39,81.13,1.99,19961212.8900000,SAO_2008,,,,,,,,,,,,
"     C/1996 X3 (SOHO)",50423.17,0.0426,1.0,14.78,63.68,51.00,19961206.1700000,SAO_2008,,,,,,,,,,,,
"     C/1996 X4 (SOHO)",50423.28,0.0492,1.0,13.70,51.86,50.79,19961206.2800000,SAO_2008,,,,,,,,,,,,
"     C/1996 X5 (SOHO)",50423.33,0.0490,1.0,13.78,51.17,51.28,19961206.3300000,SAO_2008,,,,,,,,,,,,
"     C/1996 Y1 (SOHO)",50440.26,0.0055,1.0,144.24,84.42,5.48,19961223.2600000,SAO_2008,,,,,,,,,,,,
"     C/1996 Y2 (SOHO)",50447.66,0.0056,1.0,143.95,83.86,5.34,19961230.6600000,SAO_2008,,,,,,,,,,,,
"     C/1997 A1 (NEAT)",50521,3.157173321926218,1.00212807702585,145.0716924869738,40.01605812453206,135.7666967185156,19970619.6030486,"JPL 29",,9.5,13.,,,,,,2.25504,,10,5
"     P/1997 B1 (Kobayashi)",50506,2.054552042398801,.7607624904202547,12.34950573737732,183.3408991594617,329.0641036974671,19970302.3489046,"JPL 15",,15.6,,,,,,25.167496264617,1.06572,.92509,4.5,
"     C/1997 B2 (SOHO)",50474.95,0.0070,1.0,144.82,70.41,352.68,19970126.9500000,SAO_2008,,,,,,,,,,,,
"     C/1997 B3 (SOHO)",50470.71,0.0071,1.0,145.11,72.67,354.29,19970122.7100000,SAO_2008,,,,,,,,,,,,
"     C/1997 B4 (SOHO)",50469.75,0.0573,1.0,132.78,272.40,56.20,19970121.7500000,SAO_2008,,,,,,,,,,,,
"     C/1997 B5 (SOHO)",50477.51,0.0512,1.0,25.10,23.98,78.00,19970129.5100000,SAO_2008,,,,,,,,,,,,
"     C/1997 B6 (SOHO)",50477.61,0.0501,1.0,24.95,23.13,76.41,19970129.6100000,SAO_2008,,,,,,,,,,,,
"     C/1997 BA6 (Spacewatch)",51665,3.43646286538527,.9988845729283896,72.71704941680038,285.9396076031921,317.6605224286029,19991127.5771979,"JPL 97",,4.3,9.8,,,,,171007.01022108,2.99213,128030.,10.75,5.
"     C/1997 B7 (SOHO)",50477.65,0.0490,1.0,24.78,22.39,74.98,19970129.6500000,SAO_2008,,,,,,,,,,,,
"     C/1997 D1 (Mueller)",50642,2.247621963252406,1.001156661434818,141.8896054677941,184.9625869597518,279.1711538166631,19971011.6166611,"JPL 30",,6.,10.,,,,,,1.26598,,10,5
"     C/1997 E2 (SOHO)",50512.97,0.0050,1.0,143.38,81.36,359.18,19970305.9700000,SAO_2008,,,,,,,,,,,,
"     C/1997 G2 (Montani)",50655,3.08496320203447,.9941632505431036,69.83549825694868,239.8430345388761,55.8025185504454,19980416.3016317,"JPL 29",,6.4,13.2,,,,,12151.4081080367,2.4416,14059.,13.25,5.
"     C/1997 G3 (SOHO)",50542.44,0.0050,1.0,143.18,78.19,359.49,19970404.4400000,SAO_2008,,,,,,,,,,,,
"     C/1997 G4 (SOHO)",50543.79,0.0050,1.0,144.08,79.49,358.58,19970405.7900000,SAO_2008,,,,,,,,,,,,
"     C/1997 G5 (SOHO)",50544.17,0.0049,1.0,143.82,80.43,358.56,19970406.1700000,SAO_2008,,,,,,,,,,,,
"     C/1997 G6 (SOHO)",50549.56,0.0050,1.0,144.27,79.54,358.15,19970411.5600000,SAO_2008,,,,,,,,,,,,
"     C/1997 G7 (SOHO)",50546.97,0.0351,1.0,70.33,55.36,73.94,19970408.9700000,SAO_2008,,,,,,,,,,,,
"     C/1997 H2 (SOHO)",50571.17,0.1361,1.0,18.32,201.47,225.82,19970503.1700000,SAO_2008,,,,,,,,,,,,
"     C/1997 H3 (SOHO)",50564.70,0.0083,1.0,138.71,60.24,335.99,19970426.7000000,SAO_2008,,,,,,,,,,,,
"     C/1997 H4 (SOHO)",50559.36,0.0356,1.0,73.13,57.53,72.33,19970421.3600000,SAO_2008,,,,,,,,,,,,
"     C/1997 H5 (SOHO)",50567.27,0.0371,1.0,79.18,56.95,69.13,19970429.2700000,SAO_2008,,,,,,,,,,,,
"     C/1997 J1 (Mueller)",50668,2.302130868274638,.9909911278901311,122.968328161198,98.95456138653041,277.0760499333405,19970503.8032311,"JPL 22",,8.3,12.0,,,,,4085.05193176174,1.83553,915.9,9.5,5.
"     C/1997 J2 (Meunier-Dupouy)",50835,3.051148655787205,1.000558283645578,91.27339897469163,122.6716789493918,148.8445332095249,19980310.4333875,"JPL 52",,8.4,,,,,,,2.40762,,4.5,
"     C/1997 J3 (SOHO)",50578.75,0.0085,1.0,146.83,60.73,334.41,19970510.7500000,SAO_2008,,,,,,,,,,,,
"     C/1997 J4 (SOHO)",50578.84,0.0094,1.0,138.93,89.37,23.14,19970510.8400000,SAO_2008,,,,,,,,,,,,
"     C/1997 J5 (SOHO)",50571.36,0.0077,1.0,138.67,57.56,331.00,19970503.3600000,SAO_2008,,,,,,,,,,,,
"     C/1997 K1 (SOHO)",50600.58,0.0058,1.0,143.58,80.84,1.54,19970601.5800000,SAO_2008,,,,,,,,,,,,
"     C/1997 K2",50621,1.544700389346878,1.0,127.8581021802522,245.4537366837485,173.7380085330255,19970625.3304747,"JPL 4",,,,,,,,,.869153,,,
"     C/1997 K3 (SOHO)",50594.35,0.0077,1.0,144.45,83.71,4.71,19970526.3500000,SAO_2008,,,,,,,,,,,,
"     C/1997 K4 (SOHO)",50600.24,0.0056,1.0,142.75,89.31,12.54,19970601.2400000,SAO_2008,,,,,,,,,,,,
"     C/1997 K5 (SOHO)",50588.60,0.009,1.0,137.6,67.6,346.2,19970520.6000000,SAO_2008,,,,,,,,,,,,
"     C/1997 K6 (SOHO)",50599.54,0.0057,1.0,143.19,86.63,8.82,19970531.5400000,SAO_2008,,,,,,,,,,,,
"     C/1997 K7 (SOHO)",50600.24,0.0089,1.0,139.41,72.09,356.14,19970601.2400000,SAO_2008,,,,,,,,,,,,
"     C/1997 L1 (Zhu-Balam)",50682,4.8995627760222,.997973768285244,72.99146132053649,346.3646902937194,233.2998337205656,19961122.8675828,"JPL 26",,6.5,8.5,,,,,118907.850638957,3.9127,874300.,10,10
"     C/1997 L2 (SOHO)",50609.87,0.0381,1.0,71.69,57.30,72.62,19970610.8700000,SAO_2008,,,,,,,,,,,,
"     C/1997 L3 (SOHO)",50612.83,0.0082,1.0,138.69,60.48,335.94,19970613.8300000,SAO_2008,,,,,,,,,,,,
"     C/1997 L4 (SOHO)",50614.88,0.0051,1.0,143.96,78.08,358.09,19970615.8800000,SAO_2008,,,,,,,,,,,,
"     C/1997 L5 (SOHO)",50611.55,0.0080,1.0,146.13,76.37,356.96,19970612.5500000,SAO_2008,,,,,,,,,,,,
"     C/1997 M1 (SOHO)",50629.91,0.0086,1.0,138.64,58.50,334.34,19970630.9100000,SAO_2008,,,,,,,,,,,,
"     C/1997 M3 (SOHO)",50627.94,0.0056,1.0,146.10,73.08,354.23,19970628.9400000,SAO_2008,,,,,,,,,,,,
"     C/1997 M4 (SOHO)",50617.07,0.0063,1.0,145.98,51.70,331.22,19970618.0700000,SAO_2008,,,,,,,,,,,,
"     C/1997 M5 (SOHO)",50619,0.0059,1.0,127.42,71.88,351.32,19970620.0000000,SAO_2008,,,,,,,,,,,,
"     C/1997 N1 (Tabur)",50642,.3957227625891588,1.000161684706786,85.96297497437043,344.1818414239403,147.6109769387793,19970815.4786740,"JPL 11",,12.1,,,,,,,.581492,,6.25,
"     C/1997 N3 (SOHO)",50633.94,0.0059,1.0,142.75,80.45,2.61,19970704.9400000,SAO_2008,,,,,,,,,,,,
"     C/1997 O1 (Tilbrook)",50716,1.371813783751212,.984235442090833,115.8023964122071,336.1891989321773,231.2459845166411,19970713.4213622,"JPL 22",,8.,,,,,,811.761128979832,.409229,333.55,10,
"     C/1997 O2 (SOHO)",50654.48,0.0356,1.0,71.92,57.03,73.07,19970725.4800000,SAO_2008,,,,,,,,,,,,
"     C/1997 O3 (SOHO)",50661.5,0.0053,1.0,141.45,97.86,16.19,19970801.5000000,SAO_2008,,,,,,,,,,,,
"     C/1997 P1 (SOHO)",50665.82,0.0055,1.0,144.35,84.44,5.46,19970805.8200000,SAO_2008,,,,,,,,,,,,
"     C/1997 P2 (Spacewatch)",50689,4.262987507598925,1.027944846352167,14.57908844680142,24.50490081464011,302.910063753177,19970831.1377178,"JPL 19",,10.2,,,,,,,3.25785,,10.,
"     C/1997 P3 (SOHO)",50668.43,0.0067,1.0,139.35,67.79,340.57,19970808.4300000,SAO_2008,,,,,,,,,,,,
"     C/1997 P4 (SOHO)",50668.89,0.0096,1.0,145.97,67.33,355.21,19970808.8900000,SAO_2008,,,,,,,,,,,,
"     C/1997 P5 (SOHO)",50669.33,0.0051,1.0,141.36,78.98,352.30,19970809.3300000,SAO_2008,,,,,,,,,,,,
"     C/1997 Q1 (SOHO)",50692.4,0.0078,1.0,144.13,73.48,356.40,19970901.4000000,SAO_2008,,,,,,,,,,,,
"     C/1997 Q2 (SOHO)",50684.12,0.0048,1.0,144.16,88.38,9.41,19970824.1200000,SAO_2008,,,,,,,,,,,,
"     C/1997 R1 (SOHO)",50699.89,0.0063,1.0,144.03,76.18,356.27,19970908.8900000,SAO_2008,,,,,,,,,,,,
"     C/1997 R2 (SOHO)",50706.69,0.0054,1.0,144.01,76.57,358.49,19970915.6900000,SAO_2008,,,,,,,,,,,,
"     C/1997 R3 (SOHO)",50708.03,0.0054,1.0,144.45,81.89,4.00,19970917.0300000,SAO_2008,,,,,,,,,,,,
"     C/1997 S1 (SOHO)",50721.83,0.0074,1.0,144.01,76.06,359.58,19970930.8300000,SAO_2008,,,,,,,,,,,,
"     C/1997 S2 (SOHO)",50717.45,0.0078,1.0,143.81,68.85,358.73,19970926.4500000,SAO_2008,,,,,,,,,,,,
"     C/1997 S3 (SOHO)",50715.75,0.0053,1.0,146.05,85.44,2.78,19970924.7500000,SAO_2008,,,,,,,,,,,,
"     C/1997 S4 (SOHO)",50720.34,0.0260,1.0,154.63,102.54,135.76,19970929.3400000,SAO_2008,,,,,,,,,,,,
"     C/1997 S5 (SOHO)",50711.22,0.0058,1.0,143.79,83.48,6.57,19970920.2200000,SAO_2008,,,,,,,,,,,,
"     C/1997 T1 (Utsunomiya)",50772,1.359108800434929,.9985197374860003,127.9926375756491,95.96514384981542,53.70274839224961,19971210.1447950,"JPL 34",,7.9,12.1,,,,,27821.5567554929,.867884,23347.,18.25,5.
"     C/1997 T2 (SOHO)",50725.32,0.0044,1.0,144.58,84.24,3.76,19971004.3200000,SAO_2008,,,,,,,,,,,,
"     C/1997 T4 (SOHO)",50727.89,0.0058,1.0,144.63,87.64,4.35,19971006.8900000,SAO_2008,,,,,,,,,,,,
"     C/1997 T5 (SOHO)",50728.99,0.0051,1.0,143.67,78.80,359.77,19971007.9900000,SAO_2008,,,,,,,,,,,,
"     C/1997 T6 (SOHO)",50723.3,0.0050,1.0,144.40,85.14,4.75,19971002.3000000,SAO_2008,,,,,,,,,,,,
"     C/1997 T7 (SOHO)",50729.66,0.0051,1.0,144.64,84.40,4.16,19971008.6600000,SAO_2008,,,,,,,,,,,,
"     C/1997 T8 (SOHO)",50730.04,0.0052,1.0,142.27,81.49,3.31,19971009.0400000,SAO_2008,,,,,,,,,,,,
"     C/1997 U1 (SOHO)",50750.05,0.0052,1.0,130.65,48.51,317.55,19971029.0500000,SAO_2008,,,,,,,,,,,,
"     C/1997 U2 (SOHO)",50738.53,0.0051,1.0,143.79,80.59,359.00,19971017.5300000,SAO_2008,,,,,,,,,,,,
"     C/1997 U3 (SOHO)",50741.60,0.0052,1.0,144.43,85.93,7.91,19971020.6000000,SAO_2008,,,,,,,,,,,,
"     C/1997 U4 (SOHO)",50743.29,0.0050,1.0,145.62,81.89,358.73,19971022.2900000,SAO_2008,,,,,,,,,,,,
"     C/1997 U5 (SOHO)",50748.20,0.0051,1.0,142.93,82.31,2.87,19971027.2000000,SAO_2008,,,,,,,,,,,,
"     C/1997 U6 (SOHO)",50748.21,0.0051,1.0,143.65,82.32,2.12,19971027.2100000,SAO_2008,,,,,,,,,,,,
"     C/1997 U7 (SOHO)",50749.02,0.0051,1.0,144.23,84.90,6.94,19971028.0200000,SAO_2008,,,,,,,,,,,,
"     C/1997 U8 (SOHO)",50740.98,0.0310,1.0,71.91,58.10,71.15,19971019.9800000,SAO_2008,,,,,,,,,,,,
"     C/1997 U9 (SOHO)",50744.18,0.0402,1.0,77.41,64.63,68.23,19971023.1800000,SAO_2008,,,,,,,,,,,,
"     C/1997 V2 (SOHO)",50761.56,0.0067,1.0,143.89,83.91,6.11,19971109.5600000,SAO_2008,,,,,,,,,,,,
"     C/1997 V3 (SOHO)",50754.20,0.0075,1.0,136.47,49.66,323.19,19971102.2000000,SAO_2008,,,,,,,,,,,,
"     C/1997 V4 (SOHO)",50755.94,0.0050,1.0,144.10,83.34,3.37,19971103.9400000,SAO_2008,,,,,,,,,,,,
"     C/1997 V5 (SOHO)",50760.9,0.0085,1.0,138.34,65.49,342.67,19971108.9000000,SAO_2008,,,,,,,,,,,,
"     C/1997 V6 (SOHO)",50761.23,0.0054,1.0,144.37,77.78,356.55,19971109.2300000,SAO_2008,,,,,,,,,,,,
"     C/1997 V7 (SOHO)",50755.32,0.0216,1.0,137.40,202.65,158.78,19971103.3200000,SAO_2008,,,,,,,,,,,,
"     C/1997 V8 (SOHO)",50759.08,0.0080,1.0,134.40,56.05,331.90,19971107.0800000,SAO_2008,,,,,,,,,,,,
"     C/1997 V9 (SOHO)",50766.06,0.0611,1.0,93.76,316.92,219.17,19971114.0600000,SAO_2008,,,,,,,,,,,,
"     C/1997 W1 (SOHO)",50775.43,0.0055,1.0,144.52,83.23,4.09,19971123.4300000,SAO_2008,,,,,,,,,,,,
"     C/1997 W2 (SOHO)",50772.05,0.0050,1.0,142.35,92.18,12.75,19971120.0500000,SAO_2008,,,,,,,,,,,,
"     C/1997 W3 (SOHO)",50777.22,0.0073,1.0,138.77,94.71,22.77,19971125.2200000,SAO_2008,,,,,,,,,,,,
"     C/1997 X1 (SOHO)",50784.96,0.0051,1.0,143.91,78.84,359.01,19971202.9600000,SAO_2008,,,,,,,,,,,,
"     C/1997 X3 (SOHO)",50785.4,0.0055,1.0,144.57,79.38,0.23,19971203.4000000,SAO_2008,,,,,,,,,,,,
"     C/1997 X4 (SOHO)",50785.47,0.0054,1.0,142.93,84.87,6.09,19971203.4700000,SAO_2008,,,,,,,,,,,,
"     C/1997 X5 (SOHO)",50788.74,0.0058,1.0,145.46,72.81,355.15,19971206.7400000,SAO_2008,,,,,,,,,,,,
"     C/1997 X6 (SOHO)",50792.77,0.0066,1.0,146.21,71.61,351.41,19971210.7700000,SAO_2008,,,,,,,,,,,,
"     C/1997 X7 (SOHO)",50797.55,0.0346,1.0,72.62,57.11,72.82,19971215.5500000,SAO_2008,,,,,,,,,,,,
"     C/1997 Y1 (SOHO)",50803.20,0.0054,1.0,141.83,82.34,3.55,19971221.2000000,SAO_2008,,,,,,,,,,,,
"     C/1997 Y2 (SOHO)",50803.72,0.0054,1.0,143.32,88.36,9.52,19971221.7200000,SAO_2008,,,,,,,,,,,,
"     C/1997 Y3 (SOHO)",50805.21,0.0066,1.0,146.84,67.17,348.04,19971223.2100000,SAO_2008,,,,,,,,,,,,
"     C/1998 A1 (SOHO)",50826.26,0.0054,1.0,144.12,86.01,7.13,19980113.2600000,SAO_2008,,,,,,,,,,,,
"     C/1998 A2 (SOHO)",50816.74,0.0410,1.0,27.93,26.31,80.78,19980103.7400000,SAO_2008,,,,,,,,,,,,
"     C/1998 A3 (SOHO)",50822.3,0.0419,1.0,27.35,22.97,80.73,19980109.3000000,SAO_2008,,,,,,,,,,,,
"     C/1998 A4 (SOHO)",50823.79,0.0431,1.0,26.87,21.35,81.03,19980110.7900000,SAO_2008,,,,,,,,,,,,
"     C/1998 B2 (SOHO)",50839.15,0.0049,1.0,142.62,83.58,359.53,19980126.1500000,SAO_2008,,,,,,,,,,,,
"     C/1998 E1 (SOHO)",50875.69,0.0053,1.0,142.71,94.92,9.27,19980303.6900000,SAO_2008,,,,,,,,,,,,
"     C/1998 F1 (SOHO)",50894.43,0.0095,1.0,138.61,60.14,339.82,19980322.4300000,SAO_2008,,,,,,,,,,,,
"     C/1998 F2 (SOHO)",50900.19,0.0050,1.0,146.06,71.30,351.17,19980328.1900000,SAO_2008,,,,,,,,,,,,
"     C/1998 G1 (LINEAR)",50924,2.133378612279255,.8236926083121225,109.7147269708957,236.3223182650248,341.3836647836291,19981116.6243356,"JPL 19",,13.8,,,,,,42.0924618377922,1.43133,11.71,4.5,
"     C/1998 G2 (SOHO)",50905.42,0.0049,1.0,146.08,79.41,354.60,19980402.4200000,SAO_2008,,,,,,,,,,,,
"     C/1998 G3 (SOHO)",50915.39,0.0354,1.0,53.86,288.02,322.50,19980412.3900000,SAO_2008,,,,,,,,,,,,
"     C/1998 G4 (SOHO)",50914.46,0.0092,1.0,139.59,62.75,338.58,19980411.4600000,SAO_2008,,,,,,,,,,,,
"     C/1998 G5 (SOHO)",50909.72,0.0050,1.0,144.40,78.29,359.89,19980406.7200000,SAO_2008,,,,,,,,,,,,
"     C/1998 G6 (SOHO)",50910.15,0.0053,1.0,144.82,85.24,7.71,19980407.1500000,SAO_2008,,,,,,,,,,,,
"     C/1998 G7 (SOHO)",50910.89,0.0079,1.0,143.52,76.17,356.63,19980407.8900000,SAO_2008,,,,,,,,,,,,
"     C/1998 G8 (SOHO)",50912.98,0.0050,1.0,144.96,86.48,7.24,19980409.9800000,SAO_2008,,,,,,,,,,,,
"     C/1998 G9 (SOHO)",50915.04,0.0370,1.0,84.26,66.29,67.91,19980412.0400000,SAO_2008,,,,,,,,,,,,
"     C/1998 H1 (Stonehouse)",50946,1.487290817566675,.99794040997194,104.6929600884632,1.325282826220376,222.1090703568467,19980414.4259637,"JPL 18",,10.,14.5,,,,,19405.7698581665,.479584,802050.,9,5
"     C/1998 H2 (SOHO)",50933.78,0.0067,1.0,143.75,85.93,9.67,19980430.7800000,SAO_2008,,,,,,,,,,,,
"     C/1998 H3 (SOHO)",50929.87,0.0054,1.0,144.16,77.47,357.63,19980426.8700000,SAO_2008,,,,,,,,,,,,
"     C/1998 H4 (SOHO)",50931.32,0.0050,1.0,143.82,79.69,359.69,19980428.3200000,SAO_2008,,,,,,,,,,,,
"     C/1998 H5 (SOHO)",50923.58,0.0049,1.0,143.95,86.37,5.76,19980420.5800000,SAO_2008,,,,,,,,,,,,
"     C/1998 H6 (SOHO)",50923.61,0.0050,1.0,142.82,79.40,1.02,19980420.6100000,SAO_2008,,,,,,,,,,,,
"     C/1998 J1 (SOHO)",50973,.1532143985132998,1.000172171663882,62.93183004478351,110.5571894692113,351.6485588070252,19980508.6188377,"JPL 77",,6.5,10.,,,,,,.315681,,7.5,5.0
"     C/1998 J2 (SOHO)",50944.68,0.0055,1.0,144.66,83.49,4.29,19980511.6800000,SAO_2008,,,,,,,,,,,,
"     C/1998 J3 (SOHO)",50938.07,0.0058,1.0,143.30,80.49,3.11,19980505.0700000,SAO_2008,,,,,,,,,,,,
"     C/1998 J4 (SOHO)",50939.65,0.0049,1.0,145.25,82.65,1.54,19980506.6500000,SAO_2008,,,,,,,,,,,,
"     C/1998 J5 (SOHO)",50945.58,0.0052,1.0,145.65,76.60,354.37,19980512.5800000,SAO_2008,,,,,,,,,,,,
"     C/1998 K1 (Mueller)",50969,3.416609965717887,.9451516225859491,35.63603485358318,165.2502459179268,18.25626255935093,19980901.0386703,"JPL 18",,8.0,10.8,,,,,491.649532766599,2.43016,354.11,10.,5.
"     C/1998 K2 (LINEAR)",51087,2.323478268198635,.9992762893002576,64.45667524465281,221.4179119337927,68.78107721354037,19980901.2303036,"JPL 38",,10.3,13.0,,,,,181915.05170577,1.47487,1116900.,5.5,5.
"     C/1998 K3 (LINEAR)",50969,3.546314429598131,.9979819977301114,160.2056072131957,47.82704043702886,307.9476159028873,19980307.1840658,"JPL 18",,10.,,,,,,73670.1553042027,2.57378,1.6506E7,10,
"     C/1998 K5 (LINEAR)",51021,.963546983714058,.9866912757228471,9.927136988567042,99.46027042851681,211.1176675043707,19980717.4462108,"JPL 33",,15.3,18.8,,,,,616.045663893858,.136808,169.7,28.5,5.
"     C/1998 K7 (SOHO)",50950.65,0.0058,1.0,144.18,85.49,7.20,19980517.6500000,SAO_2008,,,,,,,,,,,,
"     C/1998 K8 (SOHO)",50953.22,0.0064,1.0,143.22,87.90,11.73,19980520.2200000,SAO_2008,,,,,,,,,,,,
"     C/1998 K9 (SOHO)",50962.07,0.0056,1.0,144.55,83.49,4.51,19980529.0700000,SAO_2008,,,,,,,,,,,,
"     C/1998 K10 (SOHO)",50965.88,0.0058,1.0,143.96,80.16,0.71,19980601.8800000,SAO_2008,,,,,,,,,,,,
"     C/1998 K11 (SOHO)",50966.06,0.0050,1.0,144.49,83.82,5.18,19980602.0600000,SAO_2008,,,,,,,,,,,,
"     C/1998 K12 (SOHO)",50954.4,0.0063,1.0,141.26,86.47,11.94,19980521.4000000,SAO_2008,,,,,,,,,,,,
"     C/1998 K13 (SOHO)",50955.23,0.0090,1.0,146.44,60.40,334.35,19980522.2300000,SAO_2008,,,,,,,,,,,,
"     C/1998 K14 (SOHO)",50959.83,0.0051,1.0,143.91,79.22,359.45,19980526.8300000,SAO_2008,,,,,,,,,,,,
"     C/1998 K15 (SOHO)",50962.11,0.0078,1.0,143.85,85.71,7.41,19980529.1100000,SAO_2008,,,,,,,,,,,,
"     C/1998 K16 (SOHO)",50962.81,0.0058,1.0,140.86,88.79,13.52,19980529.8100000,SAO_2008,,,,,,,,,,,,
"     C/1998 K17 (SOHO)",50964.55,0.0087,1.0,140.04,83.98,3.12,19980531.5500000,SAO_2008,,,,,,,,,,,,
"     C/1998 L1 (SOHO)",50975.49,0.0075,1.0,133.45,52.34,325.48,19980611.4900000,SAO_2008,,,,,,,,,,,,
"     C/1998 L2 (SOHO)",50968.01,0.0052,1.0,139.09,97.59,22.49,19980604.0100000,SAO_2008,,,,,,,,,,,,
"     C/1998 L3 (SOHO)",50968.54,0.0050,1.0,143.11,85.20,6.05,19980604.5400000,SAO_2008,,,,,,,,,,,,
"     C/1998 L4 (SOHO)",50969.42,0.0052,1.0,144.71,85.37,6.36,19980605.4200000,SAO_2008,,,,,,,,,,,,
"     C/1998 L5 (SOHO)",50969.87,0.0055,1.0,145.89,77.54,357.10,19980605.8700000,SAO_2008,,,,,,,,,,,,
"     C/1998 L6 (SOHO)",50970.28,0.0057,1.0,143.65,87.29,9.30,19980606.2800000,SAO_2008,,,,,,,,,,,,
"     C/1998 L7 (SOHO)",50970.96,0.0084,1.0,132.50,49.14,321.10,19980606.9600000,SAO_2008,,,,,,,,,,,,
"     C/1998 L8 (SOHO)",50972.76,0.0071,1.0,144.44,59.36,337.13,19980608.7600000,SAO_2008,,,,,,,,,,,,
"     C/1998 L9 (SOHO)",50976.69,0.0048,1.0,143.95,81.86,2.97,19980612.6900000,SAO_2008,,,,,,,,,,,,
"     C/1998 L10 (SOHO)",50966.73,0.0079,1.0,139.50,67.21,341.53,19980602.7300000,SAO_2008,,,,,,,,,,,,
"     C/1998 M1 (LINEAR)",51077,3.118124364788787,.9927657771755545,20.38456410965324,19.40341967972074,256.0674643071092,19981028.1120470,"JPL 28",,6.5,13.0,,,,,8948.71195795564,2.11001,19547.,14.,5.
"     C/1998 M2 (LINEAR)",51043,2.725332779603543,.9977564405921836,60.18231357842177,37.2429943880075,260.8801947098152,19980813.1723297,"JPL 21",,8.3,12.4,,,,,42338.0792273756,1.84203,84853.,11.5,5.
"     C/1998 M3 (Larsen)",51054,5.76823158140287,1.002293802409129,113.4228968574624,20.83810027226137,255.5266975257815,19980717.1091478,"JPL 19",,6.5,12.,,,,,,4.8038,,10.0,5.0
"     C/1998 M4 (LINEAR)",50997,2.600017417660438,.9973867690204228,154.5710965247214,106.2863013348337,92.9226691500038,19971210.1168063,"JPL 11",,9.5,,,,,,31383.8262814962,1.72834,6814200.,10,
"     C/1998 M5 (LINEAR)",51144,1.742289098389161,.9960246572623186,82.22888238983614,101.2829430444095,333.3767032180422,19990124.5689093,"JPL 46",,9.5,,,,,,9175.43503384333,1.33089,1333.9,5.25,
"     C/1998 M6 (Montani)",51026,5.978629682102896,.998879495913132,91.53998769919905,9.130636882591007,306.6036734395499,19981006.4006754,"JPL 26",,7.5,14.8,,,,,389753.941512411,4.97431,3.385E7,10.,5.
"     C/1998 M7 (SOHO)",50981.23,0.0054,1.0,144.54,63.51,341.17,19980617.2300000,SAO_2008,,,,,,,,,,,,
"     C/1998 M8 (SOHO)",50983.84,0.0055,1.0,146.26,67.94,347.41,19980619.8400000,SAO_2008,,,,,,,,,,,,
"     C/1998 M9 (SOHO)",50986.08,0.0061,1.0,147.31,69.49,350.68,19980622.0800000,SAO_2008,,,,,,,,,,,,
"     C/1998 M10 (SOHO)",50988.04,0.0064,1.0,144.24,81.47,2.73,19980624.0400000,SAO_2008,,,,,,,,,,,,
"     C/1998 P1 (Williams)",51162,1.146153915263378,.9993594130639354,145.7285193610125,294.4529323278361,156.3730919994927,19981017.8364190,"JPL 69",,7.8,14.0,,,,,75684.2478696378,.410331,667310.,14.75,5.
"     C/1998 Q1 (LINEAR)",51063,1.577876895676178,.9955953964298249,32.30581132638599,134.7322997226561,159.7846501977639,19980629.5088633,"JPL 21",,14.,,,,,,6780.4362651525,.680577,35592.,10,
"     C/1998 T1 (LINEAR)",51303,1.46772774078811,.9991140852305893,170.159948252212,226.3516935918178,153.3578520536524,19990625.2488564,"JPL 80",,12.2,,,,,,67435.4939961594,.474469,154520.,4.5,
"     C/1998 T2 (SOHO)",51101.57,0.0049,1.0,144.22,81.01,359.05,19981015.5700000,SAO_2008,,,,,,,,,,,,
"     C/1998 U1 (LINEAR)",51129,3.975444688770558,1.000438480606483,156.4285052793357,124.6456475589217,210.4570991100919,19980502.5001215,"JPL 18",,9.5,,,,,,,3.05999,,10,
"     C/1998 U5 (LINEAR)",51148,1.236452925017131,.9879794331880046,131.7647501490547,51.13427487380235,66.65060505737807,19981221.7600129,"JPL 43",,11.0,14.6,,,,,1043.24704130354,.440627,198.33,15.5,5.
"     C/1998 U6 (SOHO)",51115.66,0.0054,1.0,143.74,80.63,3.67,19981029.6600000,SAO_2008,,,,,,,,,,,,
"     C/1998 U7 (SOHO)",51113.67,0.0067,1.0,131.34,48.66,316.22,19981027.6700000,SAO_2008,,,,,,,,,,,,
"     C/1998 V1 (SOHO)",51121.92,0.0049,1.0,143.89,80.75,0.80,19981104.9200000,SAO_2008,,,,,,,,,,,,
"     C/1998 V2 (SOHO)",51124.68,0.0053,1.0,144.73,78.92,358.30,19981107.6800000,SAO_2008,,,,,,,,,,,,
"     C/1998 V3 (SOHO)",51124.71,0.0055,1.0,147.39,76.95,351.18,19981107.7100000,SAO_2008,,,,,,,,,,,,
"     C/1998 V4 (SOHO)",51126.53,0.0050,1.0,144.64,86.57,7.78,19981109.5300000,SAO_2008,,,,,,,,,,,,
"     C/1998 V5 (SOHO)",51119.97,0.0067,1.0,143.04,31.07,315.60,19981102.9700000,SAO_2008,,,,,,,,,,,,
"     C/1998 V6 (SOHO)",51120.01,0.0079,1.0,148.56,61.40,347.96,19981103.0100000,SAO_2008,,,,,,,,,,,,
"     C/1998 V7 (SOHO)",51124.56,0.0048,1.0,145.20,71.42,348.36,19981107.5600000,SAO_2008,,,,,,,,,,,,
"     C/1998 V8 (SOHO)",51120.41,0.0363,1.0,72.01,57.46,72.88,19981103.4100000,SAO_2008,,,,,,,,,,,,
"     C/1998 V9 (SOHO)",51125.64,0.0072,1.0,144.90,57.07,327.81,19981108.6400000,SAO_2008,,,,,,,,,,,,
"     P/1998 VS24 (LINEAR)",51149,3.40541202215339,.2439308650441009,5.030990985453479,244.6047567811966,159.1971390377563,19981103.3054422,"JPL 13",,11.3,14.0,,,,,9.55917551680264,2.41824,.26648,10.,5.
"     C/1998 W3 (LINEAR)",51228,4.914591729110549,1.000899592420905,129.1868772943146,6.88677297873199,123.9169810621705,19981006.7186898,"JPL 30",,6.5,12.1,,,,,,3.9344,,10.75,5.
"     C/1998 W4 (SOHO)",51141.59,0.0057,1.0,145.14,80.83,359.98,19981124.5900000,SAO_2008,,,,,,,,,,,,
"     C/1998 W5 (SOHO)",51142.19,0.0082,1.0,142.26,89.63,12.86,19981125.1900000,SAO_2008,,,,,,,,,,,,
"     C/1998 W6 (SOHO)",51143,0.0064,1.0,143.37,86.21,8.43,19981126.0000000,SAO_2008,,,,,,,,,,,,
"     C/1998 W7 (SOHO)",51145.25,0.0362,1.0,72.12,56.89,73.21,19981128.2500000,SAO_2008,,,,,,,,,,,,
"     C/1998 W8 (SOHO)",51147.43,0.0052,1.0,144.11,80.74,1.75,19981130.4300000,SAO_2008,,,,,,,,,,,,
"     C/1998 X3 (SOHO)",51152.96,0.0053,1.0,147.15,75.96,355.68,19981205.9600000,SAO_2008,,,,,,,,,,,,
"     C/1998 X4 (SOHO)",51155.26,0.0057,1.0,142.65,83.14,8.47,19981208.2600000,SAO_2008,,,,,,,,,,,,
"     C/1998 X5 (SOHO)",51156.58,0.0057,1.0,144.99,76.64,356.25,19981209.5800000,SAO_2008,,,,,,,,,,,,
"     C/1998 X6 (SOHO)",51157.10,0.0060,1.0,145.03,70.54,351.42,19981210.1000000,SAO_2008,,,,,,,,,,,,
"     C/1998 X7 (SOHO)",51157.31,0.0058,1.0,143.98,79.14,359.36,19981210.3100000,SAO_2008,,,,,,,,,,,,
"     C/1998 X8 (SOHO)",51159.35,0.0055,1.0,142.86,89.85,13.18,19981212.3500000,SAO_2008,,,,,,,,,,,,
"     C/1998 X9 (SOHO)",51161.64,0.0053,1.0,144.96,75.70,354.66,19981214.6400000,SAO_2008,,,,,,,,,,,,
"     C/1998 X10 (SOHO)",51161.65,0.0050,1.0,145.56,62.62,340.33,19981214.6500000,SAO_2008,,,,,,,,,,,,
"     C/1998 X11 (SOHO)",51156.19,0.0049,1.0,140.90,91.40,13.51,19981209.1900000,SAO_2008,,,,,,,,,,,,
"     C/1998 X12 (SOHO)",51154.41,0.0048,1.0,144.89,74.90,354.81,19981207.4100000,SAO_2008,,,,,,,,,,,,
"     C/1998 Y1 (LINEAR)",51191,1.746989621377203,.9238993762408438,28.10815562674253,339.8436273745078,98.85872325392678,19981121.5816396,"JPL 14",,14.,,,,,,109.992067354842,.782205,16.648,10,
"     C/1999 A1 (Tilbrook)",51198,.7307413961376154,.9958948892732364,89.4817884541915,232.6698624941882,259.1230023961218,19990129.6574267,"JPL 14",,14.3,20.7,,,,,2375.01553383162,.0681534,20201.,10.,5.
"     C/1999 C1 (SOHO)",51216.87,0.0062,1.0,144.81,81.72,3.63,19990207.8700000,SAO_2008,,,,,,,,,,,,
"     C/1999 C2 (SOHO)",51215.74,0.0068,1.0,144.16,72.41,354.19,19990206.7400000,SAO_2008,,,,,,,,,,,,
"     C/1999 E1 (Li)",51434,3.920026178090202,.7601059555951749,46.88123230278046,329.76818734,127.8343456351106,19990131.7801580,"JPL 23",,10.6,,,,,,66.0560276935733,3.00274,1.5924,4.5,
"     C/1999 E2 (SOHO)",51240.72,0.0051,1.0,145.42,82.50,4.27,19990303.7200000,SAO_2008,,,,,,,,,,,,
"     C/1999 F1 (Catalina)",52054,5.787018611359847,.9991295234393676,92.03538807790534,255.157503764398,20.02313274635543,20020213.6440778,"JPL 45",,5.9,9.0,,,,,542069.40869906,5.45342,2484800.,7.5,5.
"     C/1999 F2 (Dalcanton)",51450,4.71807801068003,.9982110454122527,56.42740994860667,352.3526370470284,210.297745539234,19980823.6902467,"JPL 20",,7.8,10.1,,,,,135443.105852724,3.72111,833540.,7.75,5.
"     C/1999 F3 (SOHO)",51254.38,0.0363,1.0,73.31,57.90,72.36,19990317.3800000,SAO_2008,,,,,,,,,,,,
"     C/1999 G1 (LINEAR)",51280,4.048556287902865,.8567729326684609,76.56819680473664,136.1254239225012,23.46205703098434,19980801.6442783,"JPL 6",,8.,12.5,,,,,150.286795939827,3.26265,1303.8,10.0,5.0
"     C/1999 G2 (SOHO)",51281.73,0.0049,1.0,145.01,82.65,358.79,19990413.7300000,SAO_2008,,,,,,,,,,,,
"     C/1999 G3 (SOHO)",51270.41,0.0092,1.0,144.09,73.82,2.98,19990402.4100000,SAO_2008,,,,,,,,,,,,
"     C/1999 G4 (SOHO)",51271.86,0.0073,1.0,145.06,75.85,1.74,19990403.8600000,SAO_2008,,,,,,,,,,,,
"     C/1999 G5 (SOHO)",51279.62,0.0062,1.0,143.42,77.96,2.66,19990411.6200000,SAO_2008,,,,,,,,,,,,
"     C/1999 H1 (Lee)",51407,.7081071290213437,.9997447461967472,149.3529052012608,40.70156746673118,162.6508965827786,19990711.1721534,"JPL 43",,9.4,13.1,,,,,146116.183402224,.150509,134160.,11.,5.
"     C/1999 H2 (SOHO)",51287.63,0.0051,1.0,145.38,83.70,3.33,19990419.6300000,SAO_2008,,,,,,,,,,,,
"     C/1999 H3 (LINEAR)",51582,3.500834467400323,1.0029641547204,115.8373192327786,101.9104269022136,332.7293923999221,19990818.2198139,"JPL 68",,10.3,,,,,,,3.06178,,4.5,
"     C/1999 H4 (SOHO)",51295.87,0.0055,1.0,144.45,85.20,6.35,19990427.8700000,SAO_2008,,,,,,,,,,,,
"     C/1999 H5 (SOHO)",51292.87,0.0051,1.0,144.57,85.47,5.51,19990424.8700000,SAO_2008,,,,,,,,,,,,
"     C/1999 H6 (SOHO)",51297.15,0.0062,1.0,144.92,79.75,1.33,19990429.1500000,SAO_2008,,,,,,,,,,,,
"     C/1999 H7 (SOHO)",51288.85,0.0082,1.0,142.60,79.79,6.99,19990420.8500000,SAO_2008,,,,,,,,,,,,
"     C/1999 H8 (SOHO)",51288.31,0.0050,1.0,145.23,84.26,3.73,19990420.3100000,SAO_2008,,,,,,,,,,,,
"     C/1999 H9 (SOHO)",51294.59,0.0072,1.0,139.46,57.74,330.00,19990426.5900000,SAO_2008,,,,,,,,,,,,
"     C/1999 J1 (SOHO)",51306.5,0.0062,1.0,142.66,83.51,7.70,19990508.5000000,SAO_2008,,,,,,,,,,,,
"     C/1999 J2 (Skiff)",51656,7.109765512033074,1.001099387255943,86.4128157523887,127.1390667758038,50.04243225731285,20000405.9909945,"JPL 46",,6.1,,,,,,,6.45761,,7.,
"     C/1999 J3 (LINEAR)",51429,.976809003451493,.9993863899472998,101.6560362757572,161.9805624642706,228.9789608121327,19990920.1668642,"JPL 44",,11.3,15.8,,,,,63516.123456508,.0106254,915780.,13.5,5.
"     C/1999 J4 (LINEAR)",51318,3.781073689811309,.9997132168774958,118.9091552847187,95.11615280465972,264.479747594831,19991117.4179069,"JPL 10",,8.5,13.0,,,,,1513911.6495357,3.38314,1.6363E10,10.0,5.0
"     P/1999 J6 (SOHO)",54119,.04885808386393634,.9842342020457169,26.62913575934271,21.94708144120514,81.59824796423456,20041108.3072115,"JPL 7",Y,,,,,,,5.45555468444258,.00987452,.1102,,
"     C/1999 J7 (SOHO)",51303.79,0.0070,1.0,143.00,86.23,11.90,19990505.7900000,SAO_2008,,,,,,,,,,,,
"     C/1999 J8 (SOHO)",51306.13,0.0056,1.0,141.95,84.11,7.60,19990508.1300000,SAO_2008,,,,,,,,,,,,
"     C/1999 J9 (SOHO)",51307.61,0.0050,1.0,143.92,79.96,0.53,19990509.6100000,SAO_2008,,,,,,,,,,,,
"     C/1999 J10 (SOHO)",51309.44,0.0072,1.0,142.38,85.40,10.20,19990511.4400000,SAO_2008,,,,,,,,,,,,
"     C/1999 J11 (SOHO)",51312.93,0.0051,1.0,144.48,83.78,4.02,19990514.9300000,SAO_2008,,,,,,,,,,,,
"     C/1999 J12 (SOHO)",51301.48,0.0051,1.0,147.21,79.31,352.92,19990503.4800000,SAO_2008,,,,,,,,,,,,
"     C/1999 J13 (SOHO)",51312.4,0.0052,1.0,146.78,72.50,351.72,19990514.4000000,SAO_2008,,,,,,,,,,,,
"     C/1999 K1 (SOHO)",51319.37,0.0051,1.0,143.78,83.51,5.49,19990521.3700000,SAO_2008,,,,,,,,,,,,
"     C/1999 K2 (Ferris)",51353,5.290256483597464,.9657960272961131,82.19092525194981,4.57039709432164,300.31811825,19990410.5358876,"JPL 21",,7.0,,,,,,1923.57209272456,4.27722,7415.5,10.,
"     C/1999 K3 (LINEAR)",51334,1.928739193726361,.9916666321168841,92.27266704762168,341.1469899208782,266.9125238862315,19990227.5284789,"JPL 21",,12.,,,,,,3521.17515790238,.948501,61095.,10,
"     C/1999 K4 (LINEAR)",51318,1.442436726394941,.9164549465361386,120.7739936443832,8.794388053318583,241.4792759211496,19990516.4553656,"JPL 9",,18.5,,,,,,71.7417964982197,.436603,39593.,10,
"     C/1999 K5 (LINEAR)",51619,3.255393827479367,1.00176294986419,89.47126858827963,241.4854120851708,106.3797544565552,20000704.3852235,"JPL 34",,6.1,10.2,,,,,,2.66796,,10.25,5.
"     C/1999 K6 (LINEAR)",51395,2.246976756958352,.9935205329672524,46.34384451923982,56.76367963722824,245.3720622854073,19990724.6743091,"JPL 24",,14.0,,,,,,6457.98668889327,1.46714,3114.,4.5,
"     C/1999 K7 (LINEAR)",51332,2.322718249770196,.9965215233102258,135.158549674382,104.6600787066905,50.33097809974532,19990224.7769411,"JPL 9",,13.,,,,,,17255.1744569243,1.67376,2343300.,10,
"     C/1999 K8 (LINEAR)",51623,4.200554110646589,1.000712457282209,52.73397508002674,164.6196806794889,195.3942180916349,20000424.2908412,"JPL 48",,9.4,,,,,,,3.22252,,5.5,
"     C/1999 K9 (SOHO)",51322.48,0.0065,1.0,142.66,84.91,8.45,19990524.4800000,SAO_2008,,,,,,,,,,,,
"     C/1999 K10 (SOHO)",51330.35,0.0055,1.0,144.89,84.21,5.29,19990601.3500000,SAO_2008,,,,,,,,,,,,
"     C/1999 K11 (SOHO)",51318.32,0.0050,1.0,143.07,84.85,7.16,19990520.3200000,SAO_2008,,,,,,,,,,,,
"     C/1999 K12 (SOHO)",51321.98,0.0065,1.0,145.92,39.88,311.54,19990523.9800000,SAO_2008,,,,,,,,,,,,
"     C/1999 K13 (SOHO)",51322.68,0.0075,1.0,138.40,52.37,323.08,19990524.6800000,SAO_2008,,,,,,,,,,,,
"     C/1999 K14 (SOHO)",51326.46,0.0064,1.0,143.36,86.73,9.08,19990528.4600000,SAO_2008,,,,,,,,,,,,
"     C/1999 K15 (SOHO)",51327.25,0.0051,1.0,144.79,78.55,358.08,19990529.2500000,SAO_2008,,,,,,,,,,,,
"     C/1999 K16 (SOHO)",51324.65,0.0339,1.0,71.73,56.71,72.64,19990526.6500000,SAO_2008,,,,,,,,,,,,
"     C/1999 K17 (SOHO)",51326.23,0.0062,1.0,141.74,88.28,12.31,19990528.2300000,SAO_2008,,,,,,,,,,,,
"     C/1999 L1 (SOHO)",51334.9,0.0053,1.0,143.91,80.66,1.10,19990605.9000000,SAO_2008,,,,,,,,,,,,
"     C/1999 L2 (LINEAR)",51351,1.904764282945525,.9951456909124067,43.94172645028593,178.7158396771308,94.28981892384346,19990804.8853964,"JPL 17",,13.,,,,,,7772.82557440545,.888425,197960.,10,
"     C/1999 L3 (LINEAR)",51536,1.988917507295074,.9743645303353814,166.0992748759904,353.2978737153575,140.1613168839203,20000104.9083359,"JPL 27",,8.3,13.1,,,,,683.394438914088,1.00215,241.51,15.25,5.
"     C/1999 L4 (SOHO)",51331.02,0.0078,1.0,137.95,70.86,348.49,19990602.0200000,SAO_2008,,,,,,,,,,,,
"     C/1999 L5 (SOHO)",51340.58,0.0077,1.0,144.42,85.28,6.76,19990611.5800000,SAO_2008,,,,,,,,,,,,
"     C/1999 L6 (SOHO)",51330.70,0.0050,1.0,145.65,57.85,332.27,19990601.7000000,SAO_2008,,,,,,,,,,,,
"     C/1999 L7 (SOHO)",51332.68,0.0076,1.0,146.01,79.99,0.20,19990603.6800000,SAO_2008,,,,,,,,,,,,
"     C/1999 L8 (SOHO)",51335.72,0.0054,1.0,145.44,60.79,337.71,19990606.7200000,SAO_2008,,,,,,,,,,,,
"     C/1999 L9 (SOHO)",51338.45,0.0380,1.0,70.73,57.93,70.16,19990609.4500000,SAO_2008,,,,,,,,,,,,
"     C/1999 M1 (SOHO)",51345.93,0.0055,1.0,144.21,86.30,7.64,19990616.9300000,SAO_2008,,,,,,,,,,,,
"     C/1999 M2 (SOHO)",51356.72,0.0049,1.0,144.33,85.74,6.91,19990627.7200000,SAO_2008,,,,,,,,,,,,
"     C/1999 M3 (SOHO)",51359.70,0.0441,1.0,12.35,68.03,36.33,19990630.7000000,SAO_2008,,,,,,,,,,,,
"     C/1999 M4 (SOHO)",51353.65,0.0081,1.0,141.90,67.44,344.88,19990624.6500000,SAO_2008,,,,,,,,,,,,
"     C/1999 N1 (SOHO)",51360.69,0.0052,1.0,142.78,91.95,13.70,19990701.6900000,SAO_2008,,,,,,,,,,,,
"     C/1999 N2 (Lynn)",51397,.7612843547000608,.9974378819089564,111.6558981584972,357.8341958105273,254.6758931952324,19990723.0505739,"JPL 12",,10.2,15.4,,,,,5121.88525350688,.252957,23309.,7.,5.
"     C/1999 N3 (SOHO)",51369.38,0.0055,1.0,144.43,85.58,7.02,19990710.3800000,SAO_2008,,,,,,,,,,,,
"     C/1999 N4 (LINEAR)",51678,5.504749075210731,1.004200278086434,156.9228948302204,90.42903560046291,345.9011668126452,20000523.7359895,"JPL 43",,7.3,11.2,,,,,,4.58859,,8.75,5.
"     C/1999 N5 (SOHO)",51370.24,0.0496,1.0,27.08,27.20,82.49,19990711.2400000,SAO_2008,,,,,,,,,,,,
"     C/1999 N6 (SOHO)",51371.3,0.0435,1.0,12.15,63.97,32.50,19990712.3000000,SAO_2008,,,,,,,,,,,,
"     C/1999 O1 (SOHO)",51391.12,0.0051,1.0,144.42,78.96,359.34,19990801.1200000,SAO_2008,,,,,,,,,,,,
"     C/1999 O2 (SOHO)",51381.56,0.0079,1.0,139.26,62.39,338.37,19990722.5600000,SAO_2008,,,,,,,,,,,,
"     C/1999 O3 (SOHO)",51391.36,0.0052,1.0,143.44,89.76,10.06,19990801.3600000,SAO_2008,,,,,,,,,,,,
"     C/1999 O4 (SOHO)",51377.81,0.0586,1.0,133.32,104.04,107.87,19990718.8100000,SAO_2008,,,,,,,,,,,,
"     C/1999 P2 (SOHO)",51396.18,0.0084,1.0,144.76,82.37,4.43,19990806.1800000,SAO_2008,,,,,,,,,,,,
"     C/1999 P3 (SOHO)",51394.06,0.0063,1.0,144.16,84.02,5.59,19990804.0600000,SAO_2008,,,,,,,,,,,,
"     C/1999 P4 (SOHO)",51400.14,0.0050,1.0,144.33,89.07,10.74,19990810.1400000,SAO_2008,,,,,,,,,,,,
"     C/1999 P5 (SOHO)",51402.99,0.0063,1.0,144.69,72.99,355.21,19990812.9900000,SAO_2008,,,,,,,,,,,,
"     C/1999 P6 (SOHO)",51395.11,0.0494,1.0,26.57,21.49,82.01,19990805.1100000,SAO_2008,,,,,,,,,,,,
"     C/1999 P7 (SOHO)",51403.16,0.0372,1.0,71.32,57.64,73.00,19990813.1600000,SAO_2008,,,,,,,,,,,,
"     C/1999 P8 (SOHO)",51404.99,0.0494,1.0,26.56,21.28,81.85,19990814.9900000,SAO_2008,,,,,,,,,,,,
"     C/1999 P9 (SOHO)",51405.04,0.0493,1.0,26.55,21.51,81.74,19990815.0400000,SAO_2008,,,,,,,,,,,,
"     C/1999 Q1 (SOHO)",51414.47,0.0053,1.0,142.16,96.26,15.74,19990824.4700000,SAO_2008,,,,,,,,,,,,
"     C/1999 Q2 (SOHO)",51415.10,0.0050,1.0,144.55,79.36,0.48,19990825.1000000,SAO_2008,,,,,,,,,,,,
"     C/1999 Q3 (SOHO)",51421.74,0.0052,1.0,144.42,86.52,7.55,19990831.7400000,SAO_2008,,,,,,,,,,,,
"     C/1999 R3 (SOHO)",51427.08,0.0053,1.0,144.37,79.73,1.53,19990906.0800000,SAO_2008,,,,,,,,,,,,
"     C/1999 R4 (SOHO)",51427.62,0.0051,1.0,143.91,83.00,3.17,19990906.6200000,SAO_2008,,,,,,,,,,,,
"     P/1999 RO28 (LONEOS)",51441,1.231758862736674,.6507871024047508,8.191043609852208,219.8588315804995,148.4502985119165,19991002.3433852,"JPL 17",Y,20.7,,,,,,6.6246255160828,.247638,.61231,4.5,
"     C/1999 S1 (SOHO)",51438.87,0.0050,1.0,144.06,80.27,1.11,19990917.8700000,SAO_2008,,,,,,,,,,,,
"     C/1999 S2 (McNaught-Watson)",51620,6.46774323415971,1.005270827128502,65.82021988533864,223.4974138483308,74.46097570107921,19971122.6180469,"JPL 55",,8.0,,,,,,,5.66296,,4.5,
"     C/1999 S3 (LINEAR)",51475,1.894944288842581,.8999627638680425,70.56090888444659,44.12816462432897,11.8781953617595,19991109.0156534,"JPL 36",,4.8,13.3,,,,,82.4442449840483,1.07488,7.5649,29.25,5.
"     C/1999 S4 (LINEAR)",51587,.7650889306889462,1.000108293667131,149.3849284408427,151.0499937079533,83.18058544347436,20000726.1628311,"JPL 100",,9.6,,,,,,,.173605,,6.5,
"     C/1999 S5 (SOHO)",51442.39,0.0050,1.0,144.40,80.68,1.79,19990921.3900000,SAO_2008,,,,,,,,,,,,
"     C/1999 S6 (SOHO)",51442.82,0.0065,1.0,143.85,89.64,8.51,19990921.8200000,SAO_2008,,,,,,,,,,,,
"     C/1999 S7 (SOHO)",51445.95,0.0051,1.0,143.99,82.08,3.20,19990924.9500000,SAO_2008,,,,,,,,,,,,
"     C/1999 T1 (McNaught-Hartley)",51866,1.171698738509632,.9998557718824566,79.9752134092422,344.7580005145944,182.4830068979577,20001213.4720189,"JPL 88",,8.3,,,,,,732246.396344281,.193966,1.0061E7,7.5,
"     C/1999 T2 (LINEAR)",51827,3.03740395187174,1.002011620205431,111.0020485096585,104.6679431351867,14.87882284604374,20001124.4664918,"JPL 28",,8.4,10.7,,,,,,2.58887,,8.,5.
"     C/1999 T3 (LINEAR)",51583,5.368402641123887,1.003056589228891,104.7591142496379,211.0968865717635,223.51543139,20000830.3745640,"JPL 53",,10.8,,,,,,,4.49044,,4.5,
"     C/1999 U1 (Ferris)",51496,4.139122798781426,1.003406468198359,105.745304591207,291.1179358654528,58.2567377670868,19980903.2959731,"JPL 29",,10.8,12.1,,,,,,3.65991,,4.5,5.
"     C/1999 U2 (SOHO)",51476,.0490145598883873,1.016691669687684,26.80779696333836,21.78325371683288,82.1387107247285,19991025.2250854,"JPL 6",,,,,,,,,.044801,,,
"     C/1999 U4 (Catalina-Skiff)",52275,4.915349947775232,1.007569462743453,51.92599070639325,77.52339374928516,32.28666634905108,20011028.5346425,"JPL 64",,10.3,,,,,,,4.33628,,4.5,
"     C/1999 U5 (SOHO)",51483.4,0.0072,1.0,132.50,54.48,331.61,19991101.4000000,SAO_2008,,,,,,,,,,,,
"     C/1999 U6 (SOHO)",51469.27,0.0055,1.0,144.17,81.51,2.23,19991018.2700000,SAO_2008,,,,,,,,,,,,
"     C/1999 U7 (SOHO)",51478.49,0.0050,1.0,145.54,84.10,3.57,19991027.4900000,SAO_2008,,,,,,,,,,,,
"     C/1999 U8 (SOHO)",51480.68,0.0051,1.0,143.96,83.10,5.31,19991029.6800000,SAO_2008,,,,,,,,,,,,
"     C/1999 U9 (SOHO)",51481.61,0.0053,1.0,142.86,82.09,4.02,19991030.6100000,SAO_2008,,,,,,,,,,,,
"     C/1999 V2 (SOHO)",51490.5,0.0049,1.0,144.56,85.09,6.55,19991108.5000000,SAO_2008,,,,,,,,,,,,
"     C/1999 V3 (SOHO)",51497.13,0.0056,1.0,146.24,78.36,357.22,19991115.1300000,SAO_2008,,,,,,,,,,,,
"     C/1999 V4 (SOHO)",51497.92,0.0051,1.0,142.57,89.69,10.38,19991115.9200000,SAO_2008,,,,,,,,,,,,
"     C/1999 V5 (SOHO)",51496.69,0.0051,1.0,141.25,73.77,358.13,19991114.6900000,SAO_2008,,,,,,,,,,,,
"     C/1999 W1 (SOHO)",51505.64,0.0088,1.0,136.57,87.47,9.34,19991123.6400000,SAO_2008,,,,,,,,,,,,
"     C/1999 W2 (SOHO)",51508.83,0.0055,1.0,141.45,89.65,13.36,19991126.8300000,SAO_2008,,,,,,,,,,,,
"     C/1999 X2 (SOHO)",51516.23,0.0059,1.0,148.35,69.11,346.83,19991204.2300000,SAO_2008,,,,,,,,,,,,
"     C/1999 XS87 (LINEAR)",51552,2.771839576434878,.8405749675266072,14.84640783424893,151.3545326598667,266.7293589199456,19990806.6045415,"JPL 15",,13.7,,,,,,72.4979235844441,1.79477,21.032,4.5,
"     P/1999 XN120 (Catalina)",51552,3.286320816340474,.2139062792844382,5.028371372514552,161.7748703779777,285.4698148804891,20000501.3346636,"JPL 40",,9.9,13.7,,,,,8.54794360296623,2.30282,.32992,10.,5.
"     C/1999 Y1 (LINEAR)",51805,3.091378985787287,1.000857410336533,134.7957635584759,184.264927990775,188.8772493011883,20010324.0482064,"JPL 66",,7.3,,,,,,,2.09112,,8.5,
"     C/1999 Y2 (SOHO)",51540.71,0.0483,1.0,111.42,342.21,235.50,19991228.7100000,SAO_2008,,,,,,,,,,,,
"     C/1999 Y3 (SOHO)",51533.88,0.0056,1.0,144.43,85.05,6.49,19991221.8800000,SAO_2008,,,,,,,,,,,,
"     C/2000 A1 (Montani)",51742,9.743099156552365,1.003953641274451,24.5422200536565,14.26971490830558,111.835346844194,20000713.2145924,"JPL 60",,4.4,10.1,,,,,,8.76588,,10.,5.
"     C/2000 A2 (SOHO)",51558.21,0.0061,1.0,145.65,80.15,2.55,20000115.2100000,SAO_2008,,,,,,,,,,,,
"     C/2000 B1 (SOHO)",51568.83,0.0054,1.0,144.52,86.21,7.65,20000125.8300000,SAO_2008,,,,,,,,,,,,
"     C/2000 B2 (LINEAR)",51584,3.776151248760215,.9994909470701085,93.64872988132392,154.5935874057887,284.990983333892,19991110.0578724,"JPL 17",,13.5,,,,,,638907.316853689,2.8685,3.7315E8,4.5,
"     C/2000 B5 (SOHO)",51561.87,0.0054,1.0,144.21,82.17,2.86,20000118.8700000,SAO_2008,,,,,,,,,,,,
"     C/2000 B6 (SOHO)",51573.21,0.0052,1.0,140.89,84.28,359.24,20000130.2100000,SAO_2008,,,,,,,,,,,,
"     C/2000 B7 (SOHO)",51575.49,0.0050,1.0,144.63,79.36,0.45,20000201.4900000,SAO_2008,,,,,,,,,,,,
"     C/2000 B8 (SOHO)",51559.86,0.0340,1.0,70.75,54.63,75.09,20000116.8600000,SAO_2008,,,,,,,,,,,,
"     C/2000 C2 (SOHO)",51577.86,0.0370,1.0,71.35,55.44,73.71,20000203.8600000,SAO_2008,,,,,,,,,,,,
"     C/2000 C3 (SOHO)",51578.59,0.0487,1.0,24.97,23.47,81.85,20000204.5900000,SAO_2008,,,,,,,,,,,,
"     C/2000 C4 (SOHO)",51579.17,0.0487,1.0,24.97,23.05,81.95,20000205.1700000,SAO_2008,,,,,,,,,,,,
"     C/2000 C5 (SOHO)",51581.89,0.0358,1.0,72.22,54.73,65.16,20000207.8900000,SAO_2008,,,,,,,,,,,,
"     C/2000 C6 (SOHO)",51584.71,0.0062,1.0,144.78,82.41,4.47,20000210.7100000,SAO_2008,,,,,,,,,,,,
"     C/2000 C7 (SOHO)",51578.48,0.0481,1.0,24.89,22.34,81.06,20000204.4800000,SAO_2008,,,,,,,,,,,,
"     C/2000 CT54 (LINEAR)",52409,3.155967236933745,.9983534733565771,49.21250633897196,272.6444433262881,18.95679237382447,20010619.4471817,"JPL 72",,7.4,11.5,,,,,83917.7415393993,2.60439,140980.,10.,5.
"     C/2000 D1 (SOHO)",51604.06,0.0051,1.0,144.56,78.43,0.93,20000301.0600000,SAO_2008,,,,,,,,,,,,
"     C/2000 D2 (LINEAR)",51604,2.297609967943932,.8670343838659209,156.9919263806669,117.6826791764883,235.8871533656938,20000308.6138204,"JPL 14",,13.7,16.5,,,,,71.8312851922366,1.41029,613.28,10.,5.
"     C/2000 D3 (SOHO)",51600.65,0.0066,1.0,139.71,68.93,339.90,20000226.6500000,SAO_2008,,,,,,,,,,,,
"     C/2000 E1 (SOHO)",51608.55,0.0050,1.0,144.33,89.13,9.73,20000305.5500000,SAO_2008,,,,,,,,,,,,
"     C/2000 F1 (SOHO)",51635.52,0.0060,1.0,144.40,88.92,7.52,20000401.5200000,SAO_2008,,,,,,,,,,,,
"     C/2000 F2 (SOHO)",51622.79,0.0053,1.0,139.59,70.65,337.53,20000319.7900000,SAO_2008,,,,,,,,,,,,
"     C/2000 F3 (SOHO)",51631.91,0.0052,1.0,135.93,58.02,323.69,20000328.9100000,SAO_2008,,,,,,,,,,,,
"     C/2000 G2 (LINEAR)",51653,2.716941673601671,.8095390291087013,170.4791763959381,101.7647038938473,328.3849260720152,20000206.2137550,"JPL 12",,12.8,15.4,,,,,53.8790195709648,1.72897,564.65,10.,5.
"     C/2000 G3 (SOHO)",51645.03,0.0072,1.0,133.75,53.65,327.21,20000411.0300000,SAO_2008,,,,,,,,,,,,
"     C/2000 H1 (LINEAR)",51705,3.638123730299278,1.002070292342117,118.2369960543043,78.87467743609162,356.4432812898747,20000129.2762261,"JPL 24",,13.5,,,,,,,3.17909,,4.5,
"     C/2000 H2 (SOHO)",51664.19,0.0055,1.0,144.17,82.11,2.94,20000430.1900000,SAO_2008,,,,,,,,,,,,
"     C/2000 H3 (SOHO)",51651.66,0.0050,1.0,144.57,86.03,6.32,20000417.6600000,SAO_2008,,,,,,,,,,,,
"     C/2000 H4 (SOHO)",51664.92,0.0049,1.0,144.92,87.45,8.34,20000430.9200000,SAO_2008,,,,,,,,,,,,
"     C/2000 H5 (SOHO)",51664.93,0.0050,1.0,144.80,88.09,9.18,20000430.9300000,SAO_2008,,,,,,,,,,,,
"     C/2000 H6 (SOHO)",51660.44,0.0064,1.0,145.18,67.69,337.89,20000426.4400000,SAO_2008,,,,,,,,,,,,
"     C/2000 H7 (SOHO)",51663.16,0.0079,1.0,144.20,85.98,8.17,20000429.1600000,SAO_2008,,,,,,,,,,,,
"     C/2000 J1 (Ferris)",51675,2.542549614385548,.9542636327389554,98.79466525955333,147.2196738365992,28.44030991855975,20000511.3002282,"JPL 18",,14.2,16.6,,,,,414.495535250183,1.65175,13384.,10.,5.
"     C/2000 J2 (SOHO)",51672.02,0.0335,1.0,146.61,272.21,32.19,20000508.0200000,SAO_2008,,,,,,,,,,,,
"     C/2000 J3 (SOHO)",51674.48,0.0057,1.0,142.96,85.51,10.01,20000510.4800000,SAO_2008,,,,,,,,,,,,
"     C/2000 J4 (SOHO)",51679.54,0.0065,1.0,142.56,84.92,8.91,20000515.5400000,SAO_2008,,,,,,,,,,,,
"     C/2000 J5 (SOHO)",51676.16,0.0081,1.0,138.42,64.05,341.35,20000512.1600000,SAO_2008,,,,,,,,,,,,
"     C/2000 J6 (SOHO)",51675.85,0.0064,1.0,142.38,84.61,10.21,20000511.8500000,SAO_2008,,,,,,,,,,,,
"     C/2000 J7 (SOHO)",51668.74,0.0055,1.0,143.48,81.95,4.59,20000504.7400000,SAO_2008,,,,,,,,,,,,
"     C/2000 J8 (SOHO)",51670.42,0.0367,1.0,72.50,56.91,73.65,20000506.4200000,SAO_2008,,,,,,,,,,,,
"     C/2000 K1 (LINEAR)",51790,6.275829040198983,1.002298324143468,116.7892027891399,15.7910063164087,260.1982002281552,19991214.5123527,"JPL 53",,6.2,9.9,,,,,,5.28822,,8.25,5.
"     C/2000 K2 (LINEAR)",51933,2.437065547734854,.9953345833141812,25.63355826920376,106.8264724045875,195.2610375859575,20001011.3681744,"JPL 54",,12.4,,,,,,11939.1486684496,1.56485,8741.1,4.5,
"     C/2000 K3 (SOHO)",51684.31,0.0051,1.0,145.47,74.99,353.01,20000520.3100000,SAO_2008,,,,,,,,,,,,
"     C/2000 K4 (SOHO)",51687.02,0.0055,1.0,145.78,81.93,2.79,20000523.0200000,SAO_2008,,,,,,,,,,,,
"     C/2000 K5 (SOHO)",51690.41,0.0055,1.0,144.24,81.87,2.78,20000526.4100000,SAO_2008,,,,,,,,,,,,
"     C/2000 K6 (SOHO)",51691.52,0.0051,1.0,143.17,84.45,6.27,20000527.5200000,SAO_2008,,,,,,,,,,,,
"     C/2000 K7 (SOHO)",51683.62,0.0062,1.0,143.07,85.53,9.68,20000519.6200000,SAO_2008,,,,,,,,,,,,
"     C/2000 K8 (SOHO)",51694.21,0.0053,1.0,144.98,76.89,358.92,20000530.2100000,SAO_2008,,,,,,,,,,,,
"     C/2000 L1 (SOHO)",51698.97,0.0053,1.0,144.03,89.94,12.66,20000603.9700000,SAO_2008,,,,,,,,,,,,
"     C/2000 L2 (SOHO)",51705.3,0.0056,1.0,143.42,83.74,4.67,20000610.3000000,SAO_2008,,,,,,,,,,,,
"     C/2000 L3 (SOHO)",51705.57,0.0054,1.0,145.41,61.59,340.31,20000610.5700000,SAO_2008,,,,,,,,,,,,
"     C/2000 L4 (SOHO)",51710.03,0.0061,1.0,142.19,84.38,4.89,20000615.0300000,SAO_2008,,,,,,,,,,,,
"     C/2000 L5 (SOHO)",51711.08,0.0075,1.0,143.99,87.54,9.05,20000616.0800000,SAO_2008,,,,,,,,,,,,
"     C/2000 L6 (SOHO)",51706.60,0.0074,1.0,141.06,31.92,309.34,20000611.6000000,SAO_2008,,,,,,,,,,,,
"     C/2000 M1 (SOHO)",51713.27,0.0055,1.0,144.96,83.93,5.22,20000618.2700000,SAO_2008,,,,,,,,,,,,
"     C/2000 M2 (SOHO)",51713.67,0.0052,1.0,144.01,90.04,12.65,20000618.6700000,SAO_2008,,,,,,,,,,,,
"     C/2000 M3 (SOHO)",51714.76,0.0051,1.0,145.25,67.80,347.41,20000619.7600000,SAO_2008,,,,,,,,,,,,
"     C/2000 M4 (SOHO)",51717.57,0.0055,1.0,145.77,63.33,343.32,20000622.5700000,SAO_2008,,,,,,,,,,,,
"     C/2000 M5 (SOHO)",51719.52,0.0067,1.0,146.53,73.57,354.90,20000624.5200000,SAO_2008,,,,,,,,,,,,
"     C/2000 M6 (SOHO)",51720.91,0.0050,1.0,145.19,81.87,2.90,20000625.9100000,SAO_2008,,,,,,,,,,,,
"     C/2000 M7 (SOHO)",51722.42,0.0055,1.0,144.40,80.82,1.59,20000627.4200000,SAO_2008,,,,,,,,,,,,
"     C/2000 M8 (SOHO)",51723.39,0.0050,1.0,142.18,93.94,15.71,20000628.3900000,SAO_2008,,,,,,,,,,,,
"     C/2000 M9 (SOHO)",51726.97,0.0054,1.0,144.53,86.17,7.63,20000701.9700000,SAO_2008,,,,,,,,,,,,
"     C/2000 N1 (SOHO)",51728.25,0.0049,1.0,144.08,81.21,1.88,20000703.2500000,SAO_2008,,,,,,,,,,,,
"     C/2000 N2 (SOHO)",51733.82,0.0067,1.0,143.83,91.63,12.38,20000708.8200000,SAO_2008,,,,,,,,,,,,
"     C/2000 N3 (SOHO)",51730.08,0.0050,1.0,145.48,86.95,7.75,20000705.0800000,SAO_2008,,,,,,,,,,,,
"     C/2000 N4 (SOHO)",51729.8,0.0351,1.0,74.50,59.61,73.89,20000704.8000000,SAO_2008,,,,,,,,,,,,
"     C/2000 O1 (Koehn)",51678,5.921779685276794,1.000002169511477,148.104188645481,55.16425294667324,88.8826724191392,20000127.7348975,"JPL 39",,5.1,11.6,,,,,,5.04238,,11.75,5.
"     C/2000 OF8 (Spacewatch)",51811,2.172785470116767,1.001804020423629,152.4326080387535,256.0803380735501,117.0904918362709,20010804.8007279,"JPL 49",,12.8,,,,,,,1.34246,,4.75,
"     C/2000 P1 (SOHO)",51763.26,0.0049,1.0,143.41,86.44,7.24,20000807.2600000,SAO_2008,,,,,,,,,,,,
"     C/2000 P2 (SOHO)",51771.47,0.0050,1.0,143.55,84.73,4.16,20000815.4700000,SAO_2008,,,,,,,,,,,,
"     C/2000 Q1 (SOHO)",51785.43,0.0568,1.0,87.14,83.66,256.11,20000829.4300000,SAO_2008,,,,,,,,,,,,
"     P/2000 R2 (LINEAR)",51807,1.389966893009996,.5836545485135196,3.216341679388127,147.0634903940926,187.4994254914346,20000912.6577023,"JPL 12",,19.3,,,,,,6.10006060498561,.381574,1.5339,4.5,
"     C/2000 S3 (LONEOS)",51841,2.662231794785328,.7722872487888197,25.16434381479746,298.2713871143223,41.15319542334194,20000716.3052268,"JPL 11",,7.0,15.7,,,,,39.9756906240428,1.76183,7.584,21.75,5.
"     C/2000 S5",51827,.601799999999999,1.0,53.82,291.4800000000002,341.63,20001026.6400000,"JPL 2",,9.9,,,,,,,.0978217,,15.25,
"     C/2000 S6 (SOHO)",51816.14,0.0050,1.0,144.59,81.81,2.93,20000929.1400000,SAO_2008,,,,,,,,,,,,
"     C/2000 SV74 (LINEAR)",52625,3.541897107687855,1.004861880602449,75.23666593758719,76.23935368466637,24.18631448746829,20020430.5311126,"JPL 117",,9.5,,,,,,,3.15486,,5.25,
"     C/2000 T1 (SOHO)",51828.46,0.0051,1.0,144.09,81.23,2.25,20001011.4600000,SAO_2008,,,,,,,,,,,,
"     C/2000 T3 (SOHO)",51828.61,0.0051,1.0,145.22,88.67,4.77,20001011.6100000,SAO_2008,,,,,,,,,,,,
"     C/2000 T4 (SOHO)",51829.55,0.0051,1.0,144.67,87.12,7.49,20001012.5500000,SAO_2008,,,,,,,,,,,,
"     C/2000 T5 (SOHO)",51824.35,0.0056,1.0,146.54,70.98,355.75,20001007.3500000,SAO_2008,,,,,,,,,,,,
"     C/2000 T6 (SOHO)",51829.68,0.0049,1.0,141.30,55.40,317.90,20001012.6800000,SAO_2008,,,,,,,,,,,,
"     C/2000 U1 (SOHO)",51838.76,0.0051,1.0,144.25,89.30,10.96,20001021.7600000,SAO_2008,,,,,,,,,,,,
"     C/2000 U2 (SOHO)",51840.42,0.0075,1.0,144.49,86.24,7.68,20001023.4200000,SAO_2008,,,,,,,,,,,,
"     C/2000 U3 (SOHO)",51841.84,0.0074,1.0,141.43,66.93,344.74,20001024.8400000,SAO_2008,,,,,,,,,,,,
"     C/2000 U4 (SOHO)",51842.45,0.0050,1.0,146.50,85.11,359.74,20001025.4500000,SAO_2008,,,,,,,,,,,,
"     C/2000 U5 (LINEAR)",51895,3.486197053357432,1.00537570567646,93.65291655366748,299.0225402454146,65.29453767672658,20000313.5895261,"JPL 67",,7.7,11.7,,,,,,2.9161,,10.25,5.
"     C/2000 V1 (SOHO)",51853.12,0.0056,1.0,144.08,81.71,2.59,20001105.1200000,SAO_2008,,,,,,,,,,,,
"     C/2000 V2 (SOHO)",51853.97,0.0070,1.0,140.24,69.95,347.37,20001105.9700000,SAO_2008,,,,,,,,,,,,
"     C/2000 V3 (SOHO)",51859.63,0.0051,1.0,144.00,82.91,3.77,20001111.6300000,SAO_2008,,,,,,,,,,,,
"     C/2000 V4 (SOHO)",51859.46,0.0503,1.0,54.97,180.01,324.91,20001111.4600000,SAO_2008,,,,,,,,,,,,
"     C/2000 W1 (Utsunomiya-Jones)",51889,.3211811790223707,1.000001769662552,160.1654345803042,51.50886753780876,10.76595996173393,20001226.5592705,"JPL 23",,12.6,20.5,,,,,,.100655,,10.,5.
"     C/2000 WM1 (LINEAR)",52298,.5553478141797995,1.000242782046336,72.55022904813463,276.7709061580807,237.8957290233648,20020122.6731928,"JPL 131",,11.2,,,,,,,.0125737,,4.75,
"     C/2000 W2 (SOHO)",51864.64,0.0051,1.0,146.40,75.32,353.04,20001116.6400000,SAO_2008,,,,,,,,,,,,
"     C/2000 W3 (SOHO)",51866.69,0.0076,1.0,144.38,86.48,8.23,20001118.6900000,SAO_2008,,,,,,,,,,,,
"     C/2000 W4 (SOHO)",51868.36,0.0053,1.0,144.52,79.61,359.32,20001120.3600000,SAO_2008,,,,,,,,,,,,
"     C/2000 W5 (SOHO)",51875.69,0.0049,1.0,145.72,84.40,5.15,20001127.6900000,SAO_2008,,,,,,,,,,,,
"     C/2000 X1 (SOHO)",51881.95,0.0050,1.0,145.96,87.16,7.00,20001203.9500000,SAO_2008,,,,,,,,,,,,
"     C/2000 X2 (SOHO)",51884.5,0.0055,1.0,143.15,90.21,12.94,20001206.5000000,SAO_2008,,,,,,,,,,,,
"     C/2000 X3 (SOHO)",51884.57,0.0056,1.0,144.49,79.03,359.30,20001206.5700000,SAO_2008,,,,,,,,,,,,
"     C/2000 X4 (SOHO)",51883.76,0.0059,1.0,141.91,38.13,314.54,20001205.7600000,SAO_2008,,,,,,,,,,,,
"     C/2000 X5 (SOHO)",51885.47,0.0055,1.0,143.18,80.32,3.76,20001207.4700000,SAO_2008,,,,,,,,,,,,
"     C/2000 X6 (SOHO)",51885.81,0.0077,1.0,138.16,68.37,346.04,20001207.8100000,SAO_2008,,,,,,,,,,,,
"     C/2000 X7 (SOHO)",51889.05,0.0059,1.0,147.79,61.09,340.27,20001211.0500000,SAO_2008,,,,,,,,,,,,
"     C/2000 X8 (SOHO)",51891.22,0.0054,1.0,140.57,98.14,23.50,20001213.2200000,SAO_2008,,,,,,,,,,,,
"     C/2000 X9 (SOHO)",51881.75,0.0386,1.0,72.66,60.08,73.96,20001203.7500000,SAO_2008,,,,,,,,,,,,
"     C/2000 Y1 (Tubbiolo)",52030,7.974763527326894,1.002349984527583,137.9742457692548,181.7325050273401,239.3948329507977,20010202.1568921,"JPL 48",,6.3,10.7,,,,,,6.9869,,10.,5.
"     C/2000 Y2 (Skiff)",51955,2.768706557787778,.9943481863434642,12.08743789976047,326.8179974964651,185.8483275837145,20010321.8068939,"JPL 55",,14.4,,,,,,10842.8099233445,1.78885,27148.,4.5,
"     C/2000 Y4 (SOHO)",51896.08,0.0051,1.0,132.68,52.89,324.92,20001218.0800000,SAO_2008,,,,,,,,,,,,
"     C/2000 Y5 (SOHO)",51898.06,0.0070,1.0,142.93,38.85,315.39,20001220.0600000,SAO_2008,,,,,,,,,,,,
"     C/2000 Y6 (SOHO)",51898.85,0.0252,1.0,87.30,88.03,229.47,20001220.8500000,SAO_2008,,,,,,,,,,,,
"     C/2000 Y7 (SOHO)",51898.85,0.0245,1.0,89.02,89.13,228.93,20001220.8500000,SAO_2008,,,,,,,,,,,,
"     C/2000 Y8 (SOHO)",51902.14,0.0060,1.0,145.95,79.51,3.25,20001224.1400000,SAO_2008,,,,,,,,,,,,
"     C/2000 Y9 (SOHO)",51903.45,0.0051,1.0,147.66,66.36,343.96,20001225.4500000,SAO_2008,,,,,,,,,,,,
"     C/2001 A1 (LINEAR)",51944,2.406447374155417,.9909365506583453,59.94073866321383,107.889039746939,339.5944958318638,20000917.6201485,"JPL 49",,12.8,,,,,,4326.45795680218,1.86529,23819.,6.75,
"     C/2001 A2-A (LINEAR)",52049,0.779054495221844,0.999692137817885,36.4866097334356,295.322728284241,295.1277176090811,20010524.5236567,"JPL 2",,13.,,,,,,127299.13248616,.0508206,1.0745E7,10.0,
"     C/2001 A2-B (LINEAR)",52095,0.779017158127398,0.999303580246131,36.4758214872215,295.326808388447,295.1246666062354,20010524.5191515,"JPL 61",,7.,14.,,,,,37412.9639232097,.0510793,64080.,12.0,5.0
"     C/2001 A3 (SOHO)",51917.65,0.0069,1.0,143.63,90.69,12.05,20010108.6500000,SAO_2008,,,,,,,,,,,,
"     C/2001 A4 (SOHO)",51923.87,0.0054,1.0,144.69,76.03,356.82,20010114.8700000,SAO_2008,,,,,,,,,,,,
"     C/2001 B1 (LINEAR)",52120,2.928436550063644,1.001229496025104,104.1111446934874,284.8487530083311,49.84126328951502,20000919.4159225,"JPL 27",,12.5,,,,,,,2.51586,,4.75,
"     C/2001 B2 (NEAT)",52258,5.306801191155,1.00174828651609,150.6015453933576,304.7570373972272,145.0947737686238,20000901.7589524,"JPL 77",,5.3,9.3,,,,,,4.40492,,9.75,5.
"     C/2001 B3 (SOHO)",51934.36,0.0077,1.0,144.54,85.46,7.10,20010125.3600000,SAO_2008,,,,,,,,,,,,
"     C/2001 C1 (LINEAR)",52011,5.104333433924516,.999874901765215,68.96452495211356,219.9498359291361,33.71634210245649,20020328.4138369,"JPL 63",,6.7,10.6,,,,,8242139.94928189,4.27607,6.2076E8,9.75,5.
"     C/2001 C2 (SOHO)",51947.92,0.0053,1.0,144.61,86.45,8.15,20010207.9200000,SAO_2008,,,,,,,,,,,,
"     C/2001 C3 (SOHO)",51944.98,0.0051,1.0,144.59,79.54,1.02,20010204.9800000,SAO_2008,,,,,,,,,,,,
"     C/2001 C4 (SOHO)",51948.44,0.0051,1.0,134.29,57.39,328.00,20010208.4400000,SAO_2008,,,,,,,,,,,,
"     C/2001 C5 (SOHO)",51953.29,0.0256,1.0,166.26,51.27,322.52,20010213.2900000,SAO_2008,,,,,,,,,,,,
"     C/2001 C6 (SOHO)",51955.03,0.0058,1.0,139.77,65.31,340.03,20010215.0300000,SAO_2008,,,,,,,,,,,,
"     C/2001 C7 (SOHO)",51951.67,0.0350,1.0,73.68,54.23,54.75,20010211.6700000,SAO_2008,,,,,,,,,,,,
"     C/2001 E1 (SOHO)",51983.64,0.0357,1.0,73.37,58.28,72.24,20010315.6400000,SAO_2008,,,,,,,,,,,,
"     C/2001 F2 (SOHO)",51995.27,0.0049,1.0,144.58,87.46,8.16,20010327.2700000,SAO_2008,,,,,,,,,,,,
"     C/2001 G1 (LONEOS)",52286,8.235531131916753,1.002800880854593,45.36444890692514,343.2815467046494,203.8911334120133,20011009.2154953,"JPL 69",,9.8,,,,,,,7.25594,,4.5,
"     C/2001 G2 (SOHO)",52008.01,0.0057,1.0,144.59,85.97,8.27,20010409.0100000,SAO_2008,,,,,,,,,,,,
"     C/2001 G3 (SOHO)",52010.14,0.0079,1.0,144.23,77.17,3.55,20010411.1400000,SAO_2008,,,,,,,,,,,,
"     C/2001 H1 (SOHO)",52019.75,0.0084,1.0,139.17,63.84,341.72,20010420.7500000,SAO_2008,,,,,,,,,,,,
"     C/2001 H2 (SOHO)",52019.83,0.0072,1.0,146.28,41.08,332.13,20010420.8300000,SAO_2008,,,,,,,,,,,,
"     C/2001 H3 (SOHO)",52019.9,0.0075,1.0,143.53,84.37,11.76,20010420.9000000,SAO_2008,,,,,,,,,,,,
"     C/2001 H4 (SOHO)",52019.99,0.0067,1.0,143.28,80.65,6.90,20010420.9900000,SAO_2008,,,,,,,,,,,,
"     P/2001 H5 (NEAT)",52032,2.396648954076237,.6001911793650643,8.399268405606099,224.8783059864192,329.5630643727804,20010128.7012526,"JPL 13",,7.2,15.6,,,,,14.6769658669442,1.4055,1.5771,24.,5.
"     C/2001 H6 (SOHO)",52026.4,0.0058,1.0,143.93,87.40,10.47,20010427.4000000,SAO_2008,,,,,,,,,,,,
"     C/2001 H7 (SOHO)",52029.59,0.0053,1.0,143.43,83.87,5.98,20010430.5900000,SAO_2008,,,,,,,,,,,,
"     C/2001 H8 (SOHO)",52017.16,0.0065,1.0,145.73,72.54,345.62,20010418.1600000,SAO_2008,,,,,,,,,,,,
"     C/2001 HT50 (LINEAR-NEAT)",52944,2.792082873527374,.9976602740233036,163.2121263175458,324.0710195242187,42.91249529929954,20030709.0238866,"JPL 119",,7.7,9.8,,,,,41224.2880538231,1.82771,6533.6,7.5,5.
"     C/2001 J2 (SOHO)",52034.84,0.0074,1.0,142.82,87.54,14.97,20010505.8400000,SAO_2008,,,,,,,,,,,,
"     C/2001 J3 (SOHO)",52036.08,0.0084,1.0,138.41,58.26,332.57,20010507.0800000,SAO_2008,,,,,,,,,,,,
"     C/2001 J4 (SOHO)",52039.55,0.0052,1.0,143.05,84.73,7.06,20010510.5500000,SAO_2008,,,,,,,,,,,,
"     C/2001 J5 (SOHO)",52042.54,0.0053,1.0,141.93,91.41,13.43,20010513.5400000,SAO_2008,,,,,,,,,,,,
"     C/2001 K2 (SOHO)",52049.25,0.0051,1.0,143.11,87.21,10.77,20010520.2500000,SAO_2008,,,,,,,,,,,,
"     C/2001 K3 (Skiff)",52109,3.060125236534919,.9989356689661302,52.02657727751583,3.452327978531549,289.8501168394762,20010422.8765259,"JPL 65",,12.1,,,,,,154170.724985119,2.04467,2848900.,4.5,
"     C/2001 K4 (SOHO)",52051.96,0.0071,1.0,145.97,82.86,3.06,20010522.9600000,SAO_2008,,,,,,,,,,,,
"     C/2001 K5 (LINEAR)",52670,5.184238846910541,.999534232311163,72.59040367159497,47.05425305734584,237.45773070,20021011.7409880,"JPL 129",,5.9,8.6,,,,,1174307.05258735,4.42673,4664500.,8.,5.
"     C/2001 K6 (SOHO)",52052.82,0.0062,1.0,148.11,50.79,324.74,20010523.8200000,SAO_2008,,,,,,,,,,,,
"     C/2001 K7 (SOHO)",52053.01,0.0075,1.0,143.43,86.69,8.10,20010524.0100000,SAO_2008,,,,,,,,,,,,
"     C/2001 K8 (SOHO)",52059.07,0.0077,1.0,143.33,89.04,11.75,20010530.0700000,SAO_2008,,,,,,,,,,,,
"     C/2001 K9 (SOHO)",52054.44,0.0054,1.0,141.54,88.97,12.89,20010525.4400000,SAO_2008,,,,,,,,,,,,
"     C/2001 K10 (SOHO)",52048.49,0.0051,1.0,147.11,97.97,15.02,20010519.4900000,SAO_2008,,,,,,,,,,,,
"     C/2001 K11 (SOHO)",52045.85,0.0339,1.0,72.36,57.26,73.28,20010516.8500000,SAO_2008,,,,,,,,,,,,
"     C/2001 L1 (SOHO)",52063.38,0.0057,1.0,141.65,93.91,18.23,20010603.3800000,SAO_2008,,,,,,,,,,,,
"     C/2001 L2 (SOHO)",52064.60,0.0052,1.0,145.13,48.85,323.04,20010604.6000000,SAO_2008,,,,,,,,,,,,
"     C/2001 L3 (SOHO)",52065.11,0.0050,1.0,142.67,87.82,10.15,20010605.1100000,SAO_2008,,,,,,,,,,,,
"     C/2001 L4 (SOHO)",52066.09,0.0053,1.0,146.12,69.35,347.67,20010606.0900000,SAO_2008,,,,,,,,,,,,
"     C/2001 L5 (SOHO)",52066.27,0.0051,1.0,141.06,91.02,14.76,20010606.2700000,SAO_2008,,,,,,,,,,,,
"     C/2001 L6 (SOHO)",52069.28,0.0049,1.0,145.25,54.04,330.92,20010609.2800000,SAO_2008,,,,,,,,,,,,
"     C/2001 L7 (SOHO)",52069.5,0.0049,1.0,141.86,93.81,17.76,20010609.5000000,SAO_2008,,,,,,,,,,,,
"     C/2001 L8 (SOHO)",52070.54,0.0059,1.0,137.37,98.72,24.73,20010610.5400000,SAO_2008,,,,,,,,,,,,
"     C/2001 L9 (SOHO)",52074.12,0.0076,1.0,134.64,103.33,29.69,20010614.1200000,SAO_2008,,,,,,,,,,,,
"     C/2001 L10 (SOHO)",52061.47,0.0355,1.0,71.70,57.72,72.40,20010601.4700000,SAO_2008,,,,,,,,,,,,
"     C/2001 L11 (SOHO)",52068.59,0.0050,1.0,144.49,80.75,1.06,20010608.5900000,SAO_2008,,,,,,,,,,,,
"     C/2001 M2 (SOHO)",52077.09,0.0059,1.0,144.85,83.63,4.76,20010617.0900000,SAO_2008,,,,,,,,,,,,
"     C/2001 M3 (SOHO)",52077.25,0.0050,1.0,143.08,87.22,8.66,20010617.2500000,SAO_2008,,,,,,,,,,,,
"     C/2001 M4 (SOHO)",52079.47,0.0051,1.0,144.88,79.29,359.53,20010619.4700000,SAO_2008,,,,,,,,,,,,
"     C/2001 M5 (SOHO)",52080.72,0.0052,1.0,143.84,84.16,5.25,20010620.7200000,SAO_2008,,,,,,,,,,,,
"     C/2001 M6 (SOHO)",52082.43,0.0058,1.0,145.43,72.35,352.78,20010622.4300000,SAO_2008,,,,,,,,,,,,
"     C/2001 M7 (SOHO)",52086.3,0.0072,1.0,143.14,90.57,12.44,20010626.3000000,SAO_2008,,,,,,,,,,,,
"     C/2001 M8 (SOHO)",52087.54,0.0046,1.0,144.66,80.95,1.92,20010627.5400000,SAO_2008,,,,,,,,,,,,
"     C/2001 M9 (SOHO)",52087.06,0.0051,1.0,145.62,72.49,353.22,20010627.0600000,SAO_2008,,,,,,,,,,,,
"     C/2001 M10 (NEAT)",52216,5.30279628330891,.8010949419015987,28.08340029829428,5.478963939082306,293.9174985394507,20010621.2120168,"JPL 41",,10.7,,,,,,137.656548514002,4.28901,11.294,6.25,
"     C/2001 M11 (SOHO)",52087.60,0.0061,1.0,145.09,82.95,4.48,20010627.6000000,SAO_2008,,,,,,,,,,,,
"     C/2001 N1 (SOHO)",52096.3,0.0052,1.0,95.09,114.59,302.92,20010706.3000000,SAO_2008,,,,,,,,,,,,
"     C/2001 N2 (LINEAR)",52351,2.668512572321708,1.001058289433404,138.5435320205787,151.8960752277129,52.8036422773401,20020819.6648821,"JPL 52",,11.6,,,,,,,1.70963,,4.5,
"     C/2001 O1 (SOHO)",52106.94,0.0051,1.0,144.49,79.04,0.10,20010716.9400000,SAO_2008,,,,,,,,,,,,
"     C/2001 O2 (NEAT)",52172,4.819417541885846,.9977981450535778,90.92621170672679,280.8948018824848,328.7160223146212,19991017.3405742,"JPL 38",,6.6,11.0,,,,,102404.012897129,4.53203,3578400.,10.,5.
"     C/2001 OG108 (LONEOS)",52248,.9940478865063089,.9252600805559724,80.24505922964728,116.4195105221841,10.55528990853371,20020315.2060711,"JPL 42",Y,13.3,,13.6,,0.054,57.12,48.5054148756755,.300836,.29457,11.5,
"     C/2001 P1 (SOHO)",52126.53,0.0113,1.0,29.90,72.08,140.14,20010805.5300000,SAO_2008,,,,,,,,,,,,
"     C/2001 P2 (SOHO)",52136.8,0.0050,1.0,144.76,79.84,1.34,20010815.8000000,SAO_2008,,,,,,,,,,,,
"     C/2001 Q1 (NEAT)",52180,5.833969680531458,.9659359000755481,66.95047898843927,175.4616353839851,139.2613351339029,20010920.8705307,"JPL 26",,11.9,,,,,,2241.34688953551,4.82273,2535.,4.5,
"     C/2001 Q3 (SOHO)",52147.51,0.0373,1.0,106.63,268.11,155.03,20010826.5100000,SAO_2008,,,,,,,,,,,,
"     C/2001 Q4 (NEAT)",53140,.9619597853147941,1.000688051701856,99.6426335150403,1.204370507121934,210.2784398134271,20040515.9657216,"JPL 208",,8.0,,,,,,,.0426109,,6.75,
"     P/2001 Q6 (NEAT)",52207,1.408176780827268,.8238549457957186,56.85520489209188,43.32932597932233,22.13588164033325,20011109.4661644,"JPL 54",,13.3,16.6,,,,,22.6041557178825,.554842,.63038,14.75,5.
"     C/2001 Q7 (SOHO)",52142.8,0.0445,1.0,13.28,54.77,43.95,20010821.8000000,SAO_2008,,,,,,,,,,,,
"     C/2001 Q8 (SOHO)",52145.81,0.0451,1.0,13.07,56.22,44.76,20010824.8100000,SAO_2008,,,,,,,,,,,,
"     C/2001 Q9 (SOHO)",52137.94,0.0071,1.0,144.77,71.96,355.98,20010816.9400000,SAO_2008,,,,,,,,,,,,
"     C/2001 R2 (SOHO)",52156.86,0.0050,1.0,144.42,88.32,9.73,20010904.8600000,SAO_2008,,,,,,,,,,,,
"     C/2001 R3 (SOHO)",52157.78,0.0057,1.0,144.19,91.07,12.11,20010905.7800000,SAO_2008,,,,,,,,,,,,
"     C/2001 R4 (SOHO)",52160.8,0.0072,1.0,138.72,56.31,337.75,20010908.8000000,SAO_2008,,,,,,,,,,,,
"     C/2001 R5 (SOHO)",52163.37,0.0069,1.0,144.67,87.24,8.92,20010911.3700000,SAO_2008,,,,,,,,,,,,
"     C/2001 R7 (SOHO)",52164.8,0.0372,1.0,73.77,57.36,85.28,20010912.8000000,SAO_2008,,,,,,,,,,,,
"     C/2001 R8 (SOHO)",52158.67,0.0437,1.0,13.58,59.63,42.19,20010906.6700000,SAO_2008,,,,,,,,,,,,
"     C/2001 R9 (SOHO)",52159.32,0.0472,1.0,12.47,53.31,48.90,20010907.3200000,SAO_2008,,,,,,,,,,,,
"     C/2001 RX14 (LINEAR)",52639,2.057561789315705,1.001606298733215,30.57414473422403,121.4856587768697,14.16984703189595,20030118.7029181,"JPL 65",,9.7,11.9,,,,,,1.21617,,6.5,5.
"     C/2001 S1 (Skiff)",52187,3.74925040749981,.929873247511075,139.1328170040247,285.1712147138388,330.1211961276907,20010602.3640706,"JPL 13",,6.9,14.0,,,,,390.930254249263,3.03187,1635.1,15.25,5.
"     C/2001 S2 (SOHO)",52180.97,0.0053,1.0,144.40,81.06,2.68,20010928.9700000,SAO_2008,,,,,,,,,,,,
"     C/2001 S3 (SOHO)",52181.43,0.0050,1.0,144.46,89.55,9.39,20010929.4300000,SAO_2008,,,,,,,,,,,,
"     C/2001 T1 (SOHO)",52191.17,0.0364,1.0,72.87,57.41,72.56,20011009.1700000,SAO_2008,,,,,,,,,,,,
"     C/2001 T2 (SOHO)",52195.06,0.0070,1.0,143.82,80.74,5.30,20011013.0600000,SAO_2008,,,,,,,,,,,,
"     C/2001 T5 (SOHO)",52197.77,0.0476,1.0,55.26,179.51,327.74,20011015.7700000,SAO_2008,,,,,,,,,,,,
"     C/2001 T6 (SOHO)",52197.91,0.0057,1.0,146.71,80.61,358.68,20011015.9100000,SAO_2008,,,,,,,,,,,,
"     C/2001 T7 (SOHO)",52189.19,0.0050,1.0,144.85,91.47,7.44,20011007.1900000,SAO_2008,,,,,,,,,,,,
"     C/2001 U1 (SOHO)",52198.9,0.0055,1.0,144.36,88.10,7.79,20011016.9000000,SAO_2008,,,,,,,,,,,,
"     C/2001 U2 (SOHO)",52199.72,0.0065,1.0,142.98,80.50,7.05,20011017.7200000,SAO_2008,,,,,,,,,,,,
"     C/2001 U3 (SOHO)",52199.93,0.0050,1.0,144.58,87.65,8.62,20011017.9300000,SAO_2008,,,,,,,,,,,,
"     C/2001 U4 (SOHO)",52200.33,0.0048,1.0,144.21,82.05,2.99,20011018.3300000,SAO_2008,,,,,,,,,,,,
"     C/2001 U5 (SOHO)",52201.07,0.0052,1.0,144.11,81.84,3.70,20011019.0700000,SAO_2008,,,,,,,,,,,,
"     C/2001 U6 (LINEAR)",52358,4.406415633051399,.9961671660999523,107.2555017659365,85.71514129929791,115.2305140774483,20020808.6596422,"JPL 55",,6.8,12.7,,,,,38981.3066683592,4.14791,105790.,12.5,5.
"     C/2001 U7 (SOHO)",52201.93,0.0061,1.0,143.87,77.76,357.28,20011019.9300000,SAO_2008,,,,,,,,,,,,
"     C/2001 U8 (SOHO)",52200.99,0.0049,1.0,143.94,93.27,8.56,20011018.9900000,SAO_2008,,,,,,,,,,,,
"     C/2001 U9 (SOHO)",52205.91,0.0050,1.0,144.50,86.65,9.19,20011023.9100000,SAO_2008,,,,,,,,,,,,
"     C/2001 U10 (SOHO)",52213.39,0.0050,1.0,145.23,85.20,4.08,20011031.3900000,SAO_2008,,,,,,,,,,,,
"     C/2001 V1 (SOHO)",52214.74,0.0075,1.0,143.76,60.98,337.44,20011101.7400000,SAO_2008,,,,,,,,,,,,
"     C/2001 V2 (SOHO)",52217.53,0.0055,1.0,145.40,88.93,11.81,20011104.5300000,SAO_2008,,,,,,,,,,,,
"     C/2001 V3 (SOHO)",52224.67,0.0053,1.0,146.86,73.25,349.53,20011111.6700000,SAO_2008,,,,,,,,,,,,
"     C/2001 V4 (SOHO)",52226.10,0.0051,1.0,144.84,85.68,4.71,20011113.1000000,SAO_2008,,,,,,,,,,,,
"     C/2001 V5 (SOHO)",52227.46,0.0053,1.0,145.60,77.37,358.22,20011114.4600000,SAO_2008,,,,,,,,,,,,
"     C/2001 V6 (SOHO)",52215.48,0.0374,1.0,69.76,54.87,73.64,20011102.4800000,SAO_2008,,,,,,,,,,,,
"     C/2001 W1 (LINEAR)",52247,2.399248608862957,.9989272363715469,118.6452723886726,6.16150423580244,91.9397815751018,20011224.9010349,"JPL 33",,13.7,16.3,,,,,105770.612416091,1.41912,1.8439E7,10.,5.
"     C/2001 W2 (BATTERS)",52248,1.051065185763014,.9413747812522384,115.9130793147368,142.0857916096556,113.3558524952364,20011223.9183092,"JPL 23",Y,12.1,,,,,,75.9147148124845,.145587,7.4376,10.75,
"     C/2001 W3 (SOHO)",52235.72,0.0059,1.0,141.95,88.11,13.58,20011122.7200000,SAO_2008,,,,,,,,,,,,
"     C/2001 W4 (SOHO)",52239.89,0.0056,1.0,140.34,92.69,18.18,20011126.8900000,SAO_2008,,,,,,,,,,,,
"     C/2001 X1 (LINEAR)",52280,1.697938381655095,.9970417976993651,115.626975610428,202.2010702175755,336.0706318972199,20020108.0919698,"JPL 56",,14.0,,,,,,13751.4750417987,.752574,254560.,4.5,
"     C/2001 X4 (SOHO)",52245.77,0.0049,1.0,147.82,60.24,336.54,20011202.7700000,SAO_2008,,,,,,,,,,,,
"     C/2001 X5 (SOHO)",52247.91,0.0059,1.0,138.71,97.31,23.35,20011204.9100000,SAO_2008,,,,,,,,,,,,
"     C/2001 X6 (SOHO)",52249.61,0.0052,1.0,147.01,50.77,328.76,20011206.6100000,SAO_2008,,,,,,,,,,,,
"     C/2001 X7 (SOHO)",52251.43,0.0076,1.0,147.30,73.18,353.27,20011208.4300000,SAO_2008,,,,,,,,,,,,
"     C/2001 X8 (SOHO)",52255.86,0.0371,1.0,72.28,56.15,74.35,20011212.8600000,SAO_2008,,,,,,,,,,,,
"     C/2001 X9 (SOHO)",52256.17,0.0076,1.0,142.15,29.88,309.62,20011213.1700000,SAO_2008,,,,,,,,,,,,
"     C/2001 X10 (SOHO)",52258.55,0.0360,1.0,73.46,56.74,73.79,20011215.5500000,SAO_2008,,,,,,,,,,,,
"     C/2001 Y2 (SOHO)",52259.87,0.0054,1.0,143.80,84.14,5.16,20011216.8700000,SAO_2008,,,,,,,,,,,,
"     C/2001 Y3 (SOHO)",52259.87,0.0074,1.0,145.34,85.06,6.49,20011216.8700000,SAO_2008,,,,,,,,,,,,
"     C/2001 Y4 (SOHO)",52261.62,0.0070,1.0,144.61,42.87,324.05,20011218.6200000,SAO_2008,,,,,,,,,,,,
"     C/2001 Y5 (SOHO)",52265.98,0.0053,1.0,144.61,87.04,8.83,20011222.9800000,SAO_2008,,,,,,,,,,,,
"     C/2002 A1 (LINEAR)",52431,4.710956649249996,.7257837772173068,14.05750826880874,18.90905950311701,81.80773692299958,20011127.5552102,"JPL 44",,8.2,13.0,,,,,71.2085508355912,3.73056,4.7947,11.5,5.
"     C/2002 A2 (LINEAR)",52383,4.707081567665671,.7265048138993524,14.05492764211528,19.26463816984318,81.92881653903481,20011205.6659001,"JPL 20",,7.5,12.4,,,,,71.402144998306,3.72696,3.3318,12.,5.
"     C/2002 A3 (LINEAR)",52495,5.151608943805854,1.009447085478947,48.08265039739901,329.5288206401337,136.5263827564008,20020424.6939904,"JPL 33",,6.6,11.2,,,,,,4.23891,,10.75,5.
"     C/2002 A4 (SOHO)",52275.34,0.0366,1.0,72.13,61.50,75.45,20020101.3400000,SAO_2008,,,,,,,,,,,,
"     C/2002 B1 (LINEAR)",52314,2.271129419273545,.7710105513954233,51.02134052438205,76.1583989845243,58.1854245660213,20020420.0053243,"JPL 39",,6.9,15.8,,,,,31.2354537878247,1.68977,1.211,24.25,5.
"     C/2002 B2 (LINEAR)",52326,3.84216722770415,.9972247608021836,152.8725870778694,257.0700800526558,54.3169723200776,20020406.8288618,"JPL 10",,10.1,13.3,,,,,51513.6076496173,2.98569,4859900.,10.,5.
"     C/2002 B3 (LINEAR)",52316,6.056173983894204,1.005440387336162,73.69034754332334,123.1367485460728,289.3649504676455,20020116.6717984,"JPL 37",,7.8,12.2,,,,,,5.43986,,10.,5.
"     C/2002 C2 (LINEAR)",52417,3.253748829793651,.9996408010165843,104.8813759184437,159.9338172192434,242.9559982765397,20020410.8154720,"JPL 21",,10.2,12.7,,,,,862147.535987876,2.31281,1.9045E7,8.5,5.
"     C/2002 C3 (SOHO)",52311.04,0.0052,1.0,141.83,79.37,355.39,20020206.0400000,SAO_2008,,,,,,,,,,,,
"     C/2002 C4 (SOHO)",52316.66,0.0054,1.0,144.46,78.76,0.34,20020211.6600000,SAO_2008,,,,,,,,,,,,
"     C/2002 CE10 (LINEAR)",52813,2.046759388332533,.7914852430666357,145.4586918350175,126.1881500982952,147.4439431163391,20030622.0987411,"JPL 38",,13.4,,,,,,30.7541122220205,1.19173,.1016,5.,
"     C/2002 D1 (SOHO)",52327.86,0.0063,1.0,143.09,81.67,358.77,20020222.8600000,SAO_2008,,,,,,,,,,,,
"     C/2002 E1 (SOHO)",52336.09,0.0056,1.0,145.49,83.70,9.11,20020303.0900000,SAO_2008,,,,,,,,,,,,
"     C/2002 E2 (Snyder-Murakami)",52416,1.466444662429621,1.000789031795722,92.54498245851332,9.034140993271516,244.5828421467878,20020221.7928660,"JPL 119",,10.6,13.4,,,,,,.460961,,7.5,5.
"     C/2002 E3 (SOHO)",52349.44,0.0052,1.0,144.69,87.60,8.96,20020316.4400000,SAO_2008,,,,,,,,,,,,
"     P/2002 EJ57 (LINEAR)",52357,2.635505053036538,.5939100192848197,4.969681931408044,166.8918930559977,330.3834818424286,20011219.1234006,"JPL 8",,,15.8,,,,,16.5337196903993,1.64946,1.5681,,5.
"     C/2002 F1 (Utsunomiya)",52369,.4382989674500229,.9995399670148084,80.87692965731995,125.9000292380358,289.0295448864359,20020422.8984181,"JPL 14",,10.6,,,,,,29409.0106637232,.393682,296020.,18.5,
"     C/2002 F2 (SOHO)",52354.18,0.0051,1.0,144.03,84.28,4.73,20020321.1800000,SAO_2008,,,,,,,,,,,,
"     C/2002 F3 (SOHO)",52358.51,0.0050,1.0,146.11,90.92,6.72,20020325.5100000,SAO_2008,,,,,,,,,,,,
"     C/2002 G1 (SOHO)",52366.83,0.0339,1.0,133.92,262.32,106.02,20020402.8300000,SAO_2008,,,,,,,,,,,,
"     C/2002 G2 (SOHO)",52368.91,0.0050,1.0,144.84,83.09,3.48,20020404.9100000,SAO_2008,,,,,,,,,,,,
"     C/2002 G3 (SOHO)",52380.70,0.0794,1.0,46.89,355.93,158.87,20020416.7000000,SAO_2008,,,,,,,,,,,,
"     C/2002 G4 (SOHO)",52368.81,0.0052,1.0,143.90,89.24,14.29,20020404.8100000,SAO_2008,,,,,,,,,,,,
"     C/2002 G5 (SOHO)",52377.24,0.0072,1.0,144.26,77.39,5.63,20020413.2400000,SAO_2008,,,,,,,,,,,,
"     C/2002 H1 (SOHO)",52382.35,0.0074,1.0,142.51,71.16,349.27,20020418.3500000,SAO_2008,,,,,,,,,,,,
"     C/2002 H2 (LINEAR)",52416,1.634840162720183,.9940653852131963,110.5011133899727,20.41961938009284,269.0020334977041,20020323.4089747,"JPL 21",,13.0,,,,,,4572.27505383043,.657444,33911.,5.25,
"     C/2002 H3 (SOHO)",52382.09,0.0053,1.0,145.88,87.61,4.29,20020418.0900000,SAO_2008,,,,,,,,,,,,
"     C/2002 H4 (SOHO)",52382.48,0.0052,1.0,145.42,78.94,359.38,20020418.4800000,SAO_2008,,,,,,,,,,,,
"     C/2002 H5 (SOHO)",52383.38,0.0054,1.0,137.98,43.57,307.81,20020419.3800000,SAO_2008,,,,,,,,,,,,
"     C/2002 H6 (SOHO)",52390.68,0.0073,1.0,142.42,88.00,18.23,20020426.6800000,SAO_2008,,,,,,,,,,,,
"     C/2002 H7 (SOHO)",52388.37,0.0058,1.0,145.43,87.71,5.76,20020424.3700000,SAO_2008,,,,,,,,,,,,
"     C/2002 H8 (SOHO)",52384.97,0.0336,1.0,69.34,55.83,73.71,20020420.9700000,SAO_2008,,,,,,,,,,,,
"     C/2002 J1 (SOHO)",52396.14,0.0051,1.0,145.64,81.48,0.57,20020502.1400000,SAO_2008,,,,,,,,,,,,
"     C/2002 J2 (SOHO)",52397.91,0.0052,1.0,143.53,91.51,15.62,20020503.9100000,SAO_2008,,,,,,,,,,,,
"     C/2002 J3 (SOHO)",52409.02,0.0074,1.0,139.42,61.72,337.34,20020515.0200000,SAO_2008,,,,,,,,,,,,
"     C/2002 J4 (NEAT)",52726,3.633726153625313,.9998815689712176,46.52536917300097,230.709660431253,70.88432429425329,20031003.1840882,"JPL 38",,10.9,,,,,,5374502.15655995,2.80541,1.2548E8,4.5,
"     C/2002 J5 (LINEAR)",52928,5.726793422572542,1.001145149652466,117.2282414955807,74.83299113176304,314.1099206638486,20030919.3098636,"JPL 64",,4.5,10.1,,,,,,5.23089,,11.75,5.
"     C/2002 J6 (SOHO)",52409.13,0.0050,1.0,143.35,88.16,11.71,20020515.1300000,SAO_2008,,,,,,,,,,,,
"     C/2002 J7 (SOHO)",52410.41,0.0055,1.0,143.53,85.52,8.35,20020516.4100000,SAO_2008,,,,,,,,,,,,
"     C/2002 J8 (SOHO)",52407.67,0.0078,1.0,140.93,63.39,340.02,20020513.6700000,SAO_2008,,,,,,,,,,,,
"     C/2002 K1 (NEAT)",52448,3.230234360942364,.9996358825060745,89.72177914055897,4.46061094802527,280.548360796563,20020616.4536471,"JPL 11",,11.4,14.6,,,,,835597.118315281,2.21599,2.1459E8,10.,5.
"     C/2002 K2 (LINEAR)",52450,5.235060842190226,.9931369368914261,130.8956465652716,26.66509100031191,294.5566779150916,20020105.8352779,"JPL 16",,7.5,12.1,,,,,21067.5393513065,4.27808,64874.,11.,5.
"     C/2002 K3 (SOHO)",52413.12,0.0053,1.0,142.51,90.41,13.19,20020519.1200000,SAO_2008,,,,,,,,,,,,
"     C/2002 K4 (NEAT)",52467,2.764517335553257,.8422824102859102,94.0627690063037,24.43175554385731,308.0990069766754,20020712.9738452,"JPL 22",,11.4,14.3,,,,,73.386636202108,1.81323,13.21,10.,5.
"     C/2002 K5 (SOHO)",52418.06,0.0050,1.0,143.68,92.69,15.52,20020524.0600000,SAO_2008,,,,,,,,,,,,
"     C/2002 K6 (SOHO)",52419.18,0.0079,1.0,139.90,65.22,341.98,20020525.1800000,SAO_2008,,,,,,,,,,,,
"     C/2002 K7 (SOHO)",52419.91,0.0050,1.0,144.52,89.88,12.54,20020525.9100000,SAO_2008,,,,,,,,,,,,
"     C/2002 K8 (SOHO)",52420.08,0.0050,1.0,141.85,91.17,15.75,20020526.0800000,SAO_2008,,,,,,,,,,,,
"     C/2002 K9 (SOHO)",52420.45,0.0056,1.0,143.26,91.51,15.08,20020526.4500000,SAO_2008,,,,,,,,,,,,
"     C/2002 K10 (SOHO)",52425.44,0.0053,1.0,141.09,92.21,17.22,20020531.4400000,SAO_2008,,,,,,,,,,,,
"     C/2002 K11 (SOHO)",52421.08,0.0050,1.0,143.35,86.59,9.39,20020527.0800000,SAO_2008,,,,,,,,,,,,
"     C/2002 L1 (SOHO)",52431.03,0.0050,1.0,143.44,93.80,17.21,20020606.0300000,SAO_2008,,,,,,,,,,,,
"     C/2002 L2 (SOHO)",52431.64,0.0050,1.0,147.52,67.74,345.87,20020606.6400000,SAO_2008,,,,,,,,,,,,
"     C/2002 L3 (SOHO)",52432.62,0.0072,1.0,143.32,90.70,12.96,20020607.6200000,SAO_2008,,,,,,,,,,,,
"     C/2002 L4 (SOHO)",52432.71,0.0048,1.0,144.37,91.07,13.56,20020607.7100000,SAO_2008,,,,,,,,,,,,
"     C/2002 L5 (SOHO)",52436.83,0.0060,1.0,145.52,51.00,329.14,20020611.8300000,SAO_2008,,,,,,,,,,,,
"     C/2002 L6 (SOHO)",52433.70,0.0059,1.0,143.30,80.51,0.46,20020608.7000000,SAO_2008,,,,,,,,,,,,
"     C/2002 L7 (SOHO)",52439.16,0.0051,1.0,145.89,67.22,346.92,20020614.1600000,SAO_2008,,,,,,,,,,,,
"     C/2002 L8 (SOHO)",52440.75,0.0051,1.0,146.04,71.19,350.37,20020615.7500000,SAO_2008,,,,,,,,,,,,
"     C/2002 L9 (NEAT)",53275,7.033001245932447,.9984135202162427,68.4420879365958,231.4285155911484,110.4513155441196,20040405.9812010,"JPL 57",,6.1,9.4,,,,,295166.747875814,6.31789,1271200.,7.5,5.
"     C/2002 M1 (SOHO)",52446.13,0.0052,1.0,144.96,85.64,7.31,20020621.1300000,SAO_2008,,,,,,,,,,,,
"     C/2002 M2 (SOHO)",52443.64,0.0075,1.0,139.55,62.81,339.00,20020618.6400000,SAO_2008,,,,,,,,,,,,
"     C/2002 M3 (SOHO)",52449.15,0.0065,1.0,146.35,63.47,344.39,20020624.1500000,SAO_2008,,,,,,,,,,,,
"     C/2002 M4 (SOHO)",52452.43,0.0064,1.0,145.41,53.69,335.55,20020627.4300000,SAO_2008,,,,,,,,,,,,
"     C/2002 M5 (SOHO)",52453.43,0.0051,1.0,145.65,84.90,7.18,20020628.4300000,SAO_2008,,,,,,,,,,,,
"     C/2002 M6 (SOHO)",52454.24,0.0049,1.0,142.86,93.28,15.24,20020629.2400000,SAO_2008,,,,,,,,,,,,
"     C/2002 M7 (SOHO)",52454.25,0.0049,1.0,143.30,92.13,14.18,20020629.2500000,SAO_2008,,,,,,,,,,,,
"     C/2002 M8 (SOHO)",52441.84,0.0057,1.0,134.08,89.69,8.17,20020616.8400000,SAO_2008,,,,,,,,,,,,
"     C/2002 N1 (SOHO)",52464.02,0.0053,1.0,136.62,100.02,19.83,20020709.0200000,SAO_2008,,,,,,,,,,,,
"     C/2002 N2 (SOHO)",52466.92,0.0490,1.0,13.80,54.78,52.93,20020711.9200000,SAO_2008,,,,,,,,,,,,
"     C/2002 O1 (SOHO)",52472.83,0.0052,1.0,144.77,80.05,0.95,20020717.8300000,SAO_2008,,,,,,,,,,,,
"     C/2002 O2 (SOHO)",52472.95,0.0049,1.0,144.72,89.46,11.84,20020717.9500000,SAO_2008,,,,,,,,,,,,
"     C/2002 O3 (SOHO)",52472.59,0.0048,1.0,144.38,82.01,3.81,20020717.5900000,SAO_2008,,,,,,,,,,,,
"     C/2002 O4 (Hoenig)",52499,.7762086507541361,1.000855411074307,73.12682514259988,105.9367792921511,321.0406383526429,20021001.9818944,"JPL 45",,13.3,,,,,,,.177757,,8.75,
"     C/2002 O6 (SWAN)",52497,.4946475045065505,.9985762248242134,58.62393000631007,78.74921319351319,330.951733510796,20020909.4498343,"JPL 9",,13.0,18.1,,,,,6475.74607626372,.132496,143400.,17.,5.
"     C/2002 O7 (LINEAR)",52736,.9033220610133036,1.000274901005369,98.74337121920949,252.0686426273046,12.80360240253879,20030922.5716669,"JPL 40",,12.1,,,,,,,.29916,,4.5,
"     C/2002 P1 (NEAT)",52571,6.53024411407791,.9842199760622551,34.60611121646576,347.7647432895917,310.6726012293323,20011123.1651884,"JPL 18",,11.2,,,,,,8418.61871265613,5.52323,14141.,4.5,
"     P/2002 P2 (SOHO)",52497.41,0.0049,1.0,143.87,85.75,6.38,20020811.4100000,SAO_2008,,,,,,,,,,,,
"     C/2002 P3 (SOHO)",52498.67,0.0359,1.0,73.84,56.57,75.81,20020812.6700000,SAO_2008,,,,,,,,,,,,
"     C/2002 Q2 (LINEAR)",52521,1.303021536586154,.9778920820307601,96.76521304150062,125.472100248481,154.2850048094321,20020817.7823123,"JPL 13",,16.4,,,,,,452.495043425012,.550514,39324.,10.,
"     C/2002 Q3 (LINEAR)",52515,1.306123296074146,.9983174424446318,96.8952231245211,125.698640223224,154.1513131085566,20020819.0190374,"JPL 2",,17.1,,,,,,21628.6579294014,.553871,8.4008E8,10.,
"     C/2002 Q3-A (LINEAR)",52526,1.305440379348323,.994419920464569,96.86268840483906,125.6973626120282,154.1855055628212,20020818.9755995,"JPL 17",,16.4,,,,,,3578.35300435039,.552675,1.1725E7,10.,
"     C/2002 Q5 (LINEAR)",52574,1.242966644264978,1.001575205215107,149.164230030963,133.3064767109582,33.74719794581203,20021119.2002785,"JPL 25",,14.2,,,,,,,.364768,,5.25,
"     C/2002 Q6 (SOHO)",52509.67,0.0103,1.0,65.96,81.75,70.92,20020823.6700000,SAO_2008,,,,,,,,,,,,
"     C/2002 Q7 (SOHO)",52511.04,0.0049,1.0,144.80,89.26,11.70,20020825.0400000,SAO_2008,,,,,,,,,,,,
"     C/2002 Q8 (SOHO)",52511.93,0.0479,1.0,13.70,51.16,50.38,20020825.9300000,SAO_2008,,,,,,,,,,,,
"     C/2002 Q9 (SOHO)",52505.42,0.0304,1.0,22.45,207.89,19.58,20020819.4200000,SAO_2008,,,,,,,,,,,,
"     C/2002 Q10 (SOHO)",52513.5,0.0484,1.0,13.54,51.02,50.99,20020827.5000000,SAO_2008,,,,,,,,,,,,
"     C/2002 Q11 (SOHO)",52516.18,0.0052,1.0,145.38,79.71,359.80,20020830.1800000,SAO_2008,,,,,,,,,,,,
"     C/2002 Q12 (SOHO)",52505.14,0.0050,1.0,144.02,82.08,3.57,20020819.1400000,SAO_2008,,,,,,,,,,,,
"     C/2002 Q13 (SOHO)",52513.73,0.0054,1.0,144.31,80.71,2.15,20020827.7300000,SAO_2008,,,,,,,,,,,,
"     C/2002 Q14 (SOHO)",52516.17,0.0077,1.0,145.34,80.63,359.96,20020830.1700000,SAO_2008,,,,,,,,,,,,
"     C/2002 R1 (SOHO)",52519.54,0.0492,1.0,22.19,33.67,70.43,20020902.5400000,SAO_2008,,,,,,,,,,,,
"     C/2002 R3 (LONEOS)",52737,3.869487826617148,1.002610954108484,161.0951618279089,45.06807031482975,54.2951178643726,20030613.4831390,"JPL 45",,9.3,11.5,,,,,,2.90347,,8.25,5.
"     C/2002 R4 (SOHO)",52520.3,0.0520,1.0,28.31,20.16,85.69,20020903.3000000,SAO_2008,,,,,,,,,,,,
"     C/2002 R5 (SOHO)",53575,.04740248870529189,.9852609836574224,14.12092580610674,45.72753871498713,13.2144492419891,20020905.1842295,"JPL 4",Y,,,,,,,5.76775981353796,.0940599,.13791,,
"     C/2002 R6 (SOHO)",52531.08,0.0051,1.0,144.64,77.38,5.94,20020914.0800000,SAO_2008,,,,,,,,,,,,
"     C/2002 R7 (SOHO)",52531.32,0.0052,1.0,144.72,88.52,12.27,20020914.3200000,SAO_2008,,,,,,,,,,,,
"     C/2002 R8 (SOHO)",52532.75,0.0343,1.0,75.95,63.49,59.71,20020915.7500000,SAO_2008,,,,,,,,,,,,
"     C/2002 S2 (SOHO)",52536.12,0.0053,1.0,144.31,81.07,3.76,20020919.1200000,SAO_2008,,,,,,,,,,,,
"     C/2002 S3 (SOHO)",52535.18,0.0062,1.0,145.05,83.66,8.25,20020918.1800000,SAO_2008,,,,,,,,,,,,
"     C/2002 S4 (SOHO)",52535.22,0.0484,1.0,13.51,50.98,50.81,20020918.2200000,SAO_2008,,,,,,,,,,,,
"     C/2002 S5 (SOHO)",52536.33,0.0467,1.0,14.03,52.01,49.01,20020919.3300000,SAO_2008,,,,,,,,,,,,
"     C/2002 S6 (SOHO)",52538.10,0.0050,1.0,146.22,87.71,7.28,20020921.1000000,SAO_2008,,,,,,,,,,,,
"     P/2002 S7 (SOHO)",53663,.04883902029668499,.9848494540870316,13.57713789191816,52.16509106976515,50.1905984170055,20080704.8286283,"JPL 4",Y,,,,,,,5.78783570582025,.114358,.036283,,
"     C/2002 S8 (SOHO)",52539.04,0.0053,1.0,144.46,79.66,3.36,20020922.0400000,SAO_2008,,,,,,,,,,,,
"     C/2002 S9 (SOHO)",52541.27,0.0049,1.0,144.27,83.50,5.64,20020924.2700000,SAO_2008,,,,,,,,,,,,
"     C/2002 S10 (SOHO)",52543.64,0.0052,1.0,144.17,81.57,4.59,20020926.6400000,SAO_2008,,,,,,,,,,,,
"     C/2002 S11 (SOHO)",52547.34,0.0482,1.0,13.68,51.84,50.70,20020930.3400000,SAO_2008,,,,,,,,,,,,
"     C/2002 T2 (SOHO)",52551.34,0.0369,1.0,70.94,57.79,70.73,20021004.3400000,SAO_2008,,,,,,,,,,,,
"     C/2002 T3 (SOHO)",52556.39,0.0077,1.0,144.21,82.88,11.38,20021009.3900000,SAO_2008,,,,,,,,,,,,
"     P/2002 T6 (NEAT-LINEAR)",52848,3.387096560368029,.5573453285281276,11.00930700321157,217.5761192685517,209.0458600070095,20030627.0313816,"JPL 39",,6.9,12.7,,,,,21.1666433057304,2.40818,.24323,15.25,5.
"     C/2002 T7 (LINEAR)",52959,.61454604345993,1.000486281134781,160.5827153342453,157.7390844456747,94.85657322180674,20040423.0620312,"JPL 145",,7.6,,,,,,,.255445,,6.5,
"     C/2002 U1 (SOHO)",52563.73,0.0059,1.0,145.90,89.53,6.96,20021016.7300000,SAO_2008,,,,,,,,,,,,
"     C/2002 U2 (LINEAR)",52641,1.208631908422956,1.00004468388211,59.1356908845426,95.84695193098163,38.77662453388025,20021231.9855694,"JPL 39",,14.3,16.7,,,,,,.751802,,12.5,5.
"     C/2002 U3 (SOHO)",52564.71,0.0053,1.0,143.12,84.44,7.95,20021017.7100000,SAO_2008,,,,,,,,,,,,
"     C/2002 U4 (SOHO)",52570.24,0.0051,1.0,144.67,87.34,9.72,20021023.2400000,SAO_2008,,,,,,,,,,,,
"     C/2002 U5 (SOHO)",52575.54,0.0050,1.0,144.31,88.17,11.48,20021028.5400000,SAO_2008,,,,,,,,,,,,
"     C/2002 U6 (SOHO)",52575.27,0.0359,1.0,73.06,56.77,74.62,20021028.2700000,SAO_2008,,,,,,,,,,,,
"     C/2002 U7 (SOHO)",52578.18,0.0051,1.0,145.16,80.55,2.71,20021031.1800000,SAO_2008,,,,,,,,,,,,
"     C/2002 U8 (SOHO)",52578.69,0.0051,1.0,143.97,83.36,4.42,20021031.6900000,SAO_2008,,,,,,,,,,,,
"     C/2002 U9 (SOHO)",52578.79,0.0050,1.0,144.17,86.26,10.22,20021031.7900000,SAO_2008,,,,,,,,,,,,
"     C/2002 V1 (NEAT)",52634,.09925816829043009,.9999017748627322,81.7060566720839,152.1696864278609,64.08842957735027,20030218.2957478,"JPL 39",,10.4,13.8,,,,,32123.5564248931,.151118,40947.,14.25,5.
"     C/2002 V2 (LINEAR)",52865,6.812027016976613,.9986426749398631,166.7762364494724,314.6793060085818,20.23410030869325,20030513.6896586,"JPL 37",,11.3,,,,,,355546.938664646,5.8412,2287100.,4.5,
"     C/2002 V3 (SOHO)",52587.69,0.0051,1.0,144.48,87.03,9.49,20021109.6900000,SAO_2008,,,,,,,,,,,,
"     C/2002 V4 (SOHO)",52587.72,0.0357,1.0,72.50,56.33,74.75,20021109.7200000,SAO_2008,,,,,,,,,,,,
"     C/2002 V5 (SOHO)",52590.42,0.0506,1.0,34.24,19.13,86.61,20021112.4200000,SAO_2008,,,,,,,,,,,,
"     C/2002 V6 (SOHO)",52591.88,0.0077,1.0,138.73,57.93,331.90,20021113.8800000,SAO_2008,,,,,,,,,,,,
"     C/2002 V7 (SOHO)",52594.23,0.0052,1.0,143.67,86.62,8.80,20021116.2300000,SAO_2008,,,,,,,,,,,,
"     C/2002 VQ94 (LINEAR)",53980,6.796765402121506,.9662866385009372,70.51627473162478,100.0532103418657,35.01508992016803,20060206.8362138,"JPL 126",,9.3,,,,,,2862.58595545092,6.44566,103.37,4.5,
"     C/2002 W1 (SOHO)",52594.94,0.0069,1.0,138.86,48.93,320.24,20021116.9400000,SAO_2008,,,,,,,,,,,,
"     C/2002 W2 (SOHO)",52596.24,0.0072,1.0,144.15,88.69,11.08,20021118.2400000,SAO_2008,,,,,,,,,,,,
"     C/2002 W3 (SOHO)",52597.12,0.0051,1.0,142.31,88.62,12.58,20021119.1200000,SAO_2008,,,,,,,,,,,,
"     C/2002 W4 (SOHO)",52597.92,0.0051,1.0,144.06,88.32,12.68,20021119.9200000,SAO_2008,,,,,,,,,,,,
"     C/2002 W5 (SOHO)",52598.97,0.0049,1.0,143.67,85.91,8.42,20021120.9700000,SAO_2008,,,,,,,,,,,,
"     C/2002 W6 (SOHO)",52598.73,0.0051,1.0,141.93,89.07,13.31,20021120.7300000,SAO_2008,,,,,,,,,,,,
"     C/2002 W7 (SOHO)",52600.3,0.0076,1.0,139.69,53.52,327.04,20021122.3000000,SAO_2008,,,,,,,,,,,,
"     C/2002 W8 (SOHO)",52601.12,0.0073,1.0,139.37,63.01,339.16,20021123.1200000,SAO_2008,,,,,,,,,,,,
"     C/2002 W9 (SOHO)",52601.70,0.0051,1.0,144.03,84.98,6.73,20021123.7000000,SAO_2008,,,,,,,,,,,,
"     C/2002 W10 (SOHO)",52602.8,0.0055,1.0,141.11,92.75,18.30,20021124.8000000,SAO_2008,,,,,,,,,,,,
"     C/2002 W11 (SOHO)",52603.48,0.0053,1.0,143.17,90.40,13.74,20021125.4800000,SAO_2008,,,,,,,,,,,,
"     C/2002 W12 (SOHO)",52606.99,0.0049,1.0,144.49,83.42,4.32,20021128.9900000,SAO_2008,,,,,,,,,,,,
"     C/2002 W13 (SOHO)",52606.34,0.0050,1.0,143.49,87.37,9.07,20021128.3400000,SAO_2008,,,,,,,,,,,,
"     C/2002 W14 (SOHO)",52607.10,0.0050,1.0,143.16,87.12,9.30,20021129.1000000,SAO_2008,,,,,,,,,,,,
"     C/2002 W15 (SOHO)",52607.54,0.0070,1.0,145.16,88.01,9.26,20021129.5400000,SAO_2008,,,,,,,,,,,,
"     C/2002 W16 (SOHO)",52607.57,0.0085,1.0,136.41,73.78,357.85,20021129.5700000,SAO_2008,,,,,,,,,,,,
"     C/2002 W17 (SOHO)",52607.73,0.0056,1.0,138.52,99.11,26.89,20021129.7300000,SAO_2008,,,,,,,,,,,,
"     C/2002 X1 (LINEAR)",52750,2.486699236177971,.9981875808682357,164.0894275972743,207.32512786,281.8871344330137,20030712.8885165,"JPL 46",,12.4,,,,,,50822.3961177961,1.51486,29499.,4.5,
"     C/2002 X3 (SOHO)",52612.57,0.0052,1.0,141.67,87.85,13.32,20021204.5700000,SAO_2008,,,,,,,,,,,,
"     C/2002 X4 (SOHO)",52612.67,0.0052,1.0,141.31,91.88,17.23,20021204.6700000,SAO_2008,,,,,,,,,,,,
"     C/2002 X5 (Kudo-Fujikawa)",52659,.1899344361763081,.9998408993971803,94.15227885413908,187.5844737725108,119.065023882042,20030129.0022986,"JPL 43",,10.6,14.9,,,,,41248.2979153853,.741465,1215900.,11.5,5.
"     C/2002 X6 (SOHO)",52610.44,0.0346,1.0,72.55,57.43,74.75,20021202.4400000,SAO_2008,,,,,,,,,,,,
"     C/2002 X7 (SOHO)",52609.72,0.0052,1.0,137.42,97.20,24.10,20021201.7200000,SAO_2008,,,,,,,,,,,,
"     C/2002 X8 (SOHO)",52613.59,0.0049,1.0,142.08,39.67,314.04,20021205.5900000,SAO_2008,,,,,,,,,,,,
"     C/2002 X9 (SOHO)",52613.63,0.0082,1.0,139.82,54.29,331.62,20021205.6300000,SAO_2008,,,,,,,,,,,,
"     C/2002 X10 (SOHO)",52613.94,0.0050,1.0,143.16,84.26,7.94,20021205.9400000,SAO_2008,,,,,,,,,,,,
"     C/2002 X11 (SOHO)",52617.39,0.0050,1.0,143.40,91.10,13.86,20021209.3900000,SAO_2008,,,,,,,,,,,,
"     C/2002 X12 (SOHO)",52618.01,0.0051,1.0,139.96,99.76,25.65,20021210.0100000,SAO_2008,,,,,,,,,,,,
"     C/2002 X13 (SOHO)",52611.54,0.0050,1.0,137.25,34.61,305.70,20021203.5400000,SAO_2008,,,,,,,,,,,,
"     C/2002 X14 (SOHO)",52620.3,0.0042,1.0,144.59,83.49,4.59,20021212.3000000,SAO_2008,,,,,,,,,,,,
"     C/2002 X15 (SOHO)",52622.10,0.0048,1.0,133.28,104.95,33.03,20021214.1000000,SAO_2008,,,,,,,,,,,,
"     C/2002 X16 (SOHO)",52619.02,0.0051,1.0,145.02,77.80,0.57,20021211.0200000,SAO_2008,,,,,,,,,,,,
"     C/2002 Y1 (Juels-Holvorcem)",52680,.7138096504647243,.997151886834295,103.7815428212457,128.8155676340911,166.2200963625665,20030413.2480848,"JPL 27",,9.5,14.5,,,,,3967.76519004816,.117584,1002.6,16.75,5.
"     C/2002 Y2 (SOHO)",52627.79,0.0400,1.0,73.52,57.48,74.51,20021219.7900000,SAO_2008,,,,,,,,,,,,
"     C/2002 Y3 (SOHO)",52626.94,0.0049,1.0,146.92,74.99,356.64,20021218.9400000,SAO_2008,,,,,,,,,,,,
"     C/2002 Y4 (SOHO)",52634.51,0.0055,1.0,147.76,71.96,353.20,20021226.5100000,SAO_2008,,,,,,,,,,,,
"     C/2003 A2 (Gleason)",52772,11.42729387590735,1.006963536857116,8.061564728352648,346.612069879771,154.5446257330101,20031104.2989053,"JPL 18",,9.5,,,,,,,10.4414,,4.75,
"     C/2003 A3 (SOHO)",52646.27,0.0055,1.0,140.05,76.40,350.46,20030107.2700000,SAO_2008,,,,,,,,,,,,
"     C/2003 A4 (SOHO)",52655.46,0.0071,1.0,144.57,87.65,9.57,20030116.4600000,SAO_2008,,,,,,,,,,,,
"     C/2003 A5 (SOHO)",52655.05,0.0048,1.0,144.84,89.76,12.29,20030116.0500000,SAO_2008,,,,,,,,,,,,
"     C/2003 B1 (SOHO)",52656.08,0.0355,1.0,73.36,56.25,74.15,20030117.0800000,SAO_2008,,,,,,,,,,,,
"     C/2003 B2 (SOHO)",52658.37,0.0049,1.0,144.97,86.68,7.39,20030119.3700000,SAO_2008,,,,,,,,,,,,
"     C/2003 B3 (SOHO)",52662.29,0.0051,1.0,144.73,80.30,3.77,20030123.2900000,SAO_2008,,,,,,,,,,,,
"     C/2003 C1 (SOHO)",52674.49,0.0049,1.0,140.05,74.03,347.03,20030204.4900000,SAO_2008,,,,,,,,,,,,
"     C/2003 C2 (SOHO)",52679.93,0.0047,1.0,144.47,89.57,11.52,20030209.9300000,SAO_2008,,,,,,,,,,,,
"     C/2003 C3 (SOHO)",52681.21,0.0050,1.0,142.05,88.56,8.91,20030211.2100000,SAO_2008,,,,,,,,,,,,
"     C/2003 C4 (SOHO)",52684.58,0.0051,1.0,145.05,86.95,8.77,20030214.5800000,SAO_2008,,,,,,,,,,,,
"     C/2003 C5 (SOHO)",52687.05,0.0049,1.0,144.42,80.73,1.84,20030217.0500000,SAO_2008,,,,,,,,,,,,
"     C/2003 C6 (SOHO)",52678.76,0.0051,1.0,146.81,69.69,351.72,20030208.7600000,SAO_2008,,,,,,,,,,,,
"     C/2003 D1 (SOHO)",52699.10,0.0052,1.0,144.70,87.09,9.68,20030301.1000000,SAO_2008,,,,,,,,,,,,
"     C/2003 E1 (NEAT)",52927,3.244958773925023,.7635832867379051,33.53782023177185,103.8592766195925,137.0699871804099,20040213.6050616,"JPL 31",,13.7,,,,,,50.8516108313478,2.4444,1.4143,4.5,
"     C/2003 E2 (SOHO)",52702.78,0.0049,1.0,144.06,83.69,2.57,20030304.7800000,SAO_2008,,,,,,,,,,,,
"     C/2003 E3 (SOHO)",52710.08,0.0051,1.0,145.29,85.61,7.97,20030312.0800000,SAO_2008,,,,,,,,,,,,
"     C/2003 E4 (SOHO)",52714.15,0.0050,1.0,144.66,87.98,9.37,20030316.1500000,SAO_2008,,,,,,,,,,,,
"     C/2003 F1 (LINEAR)",52790,4.007798837901356,.8060340151788754,70.22151299655852,121.188131877479,87.48765170949891,20030628.4600847,"JPL 32",,8.3,11.8,,,,,93.9244609111231,3.35307,4.5947,10.,5.
"     P/2003 F2 (NEAT)",52735,2.977206553025519,.5422493948647836,11.60453303072527,191.592692448005,359.0285748278428,20030414.7824124,"JPL 8",,13.7,16.2,,,,,16.587397834328,1.97932,2.2025,10.,5.
"     C/2003 F3 (SOHO)",52719.3,0.0049,1.0,144.59,88.18,9.82,20030321.3000000,SAO_2008,,,,,,,,,,,,
"     C/2003 F4 (SOHO)",52723.96,0.0051,1.0,145.06,84.78,8.50,20030325.9600000,SAO_2008,,,,,,,,,,,,
"     C/2003 F5 (SOHO)",52728.8,0.0049,1.0,144.55,88.12,10.01,20030330.8000000,SAO_2008,,,,,,,,,,,,
"     C/2003 G1 (LINEAR)",52876,4.916288406632204,1.001379164136712,66.84930801200645,11.42248472732003,246.0887854007156,20030203.6547397,"JPL 56",,6.2,9.5,,,,,,3.91684,,9.75,5.
"     C/2003 G2 (LINEAR)",52744,1.553361468559663,.9964135746331457,96.16660847244172,190.6737227455584,24.56771129773576,20030429.9262840,"JPL 7",,16.7,18.8,,,,,9014.13998351375,.560853,963540.,10.,5.
"     C/2003 G3 (SOHO)",52734.3,0.0168,1.0,169.70,174.63,87.61,20030405.3000000,SAO_2008,,,,,,,,,,,,
"     C/2003 G4 (SOHO)",52731.78,0.0050,1.0,147.49,82.80,1.78,20030402.7800000,SAO_2008,,,,,,,,,,,,
"     C/2003 G5 (SOHO)",52735.85,0.0051,1.0,144.12,83.04,4.20,20030406.8500000,SAO_2008,,,,,,,,,,,,
"     C/2003 H1 (LINEAR)",52881,2.239626029928125,.9991567896297403,138.6672133413904,196.1395944675004,19.00048601159876,20040222.6235177,"JPL 46",,11.0,,,,,,136888.685542408,1.25681,160300.,4.5,
"     C/2003 H2 (LINEAR)",52781,2.178515642069911,.9429101216932436,74.21753999068206,155.0821634115708,79.83801752595801,20030517.9688452,"JPL 16",,14.2,16.6,,,,,235.727662788909,1.22565,173.27,10.,5.
"     C/2003 H3 (NEAT)",52852,2.901439352562599,.9997817496843513,42.81167542999061,6.477415789263616,269.4172350286607,20030424.2308419,"JPL 34",,11.8,,,,,,1532837.53746044,1.88778,1.6551E7,5.5,
"     C/2003 H5 (SOHO)",52756.48,0.0351,1.0,71.35,56.64,75.17,20030427.4800000,SAO_2008,,,,,,,,,,,,
"     C/2003 H6 (SOHO)",52759.56,0.0264,1.0,27.05,80.67,243.47,20030430.5600000,SAO_2008,,,,,,,,,,,,
"     C/2003 H7 (SOHO)",52759.57,0.0266,1.0,27.90,82.57,242.66,20030430.5700000,SAO_2008,,,,,,,,,,,,
"     C/2003 H8 (SOHO)",52752.38,0.0050,1.0,144.12,86.27,8.63,20030423.3800000,SAO_2008,,,,,,,,,,,,
"     C/2003 H9 (SOHO)",52754.03,0.0048,1.0,143.76,84.60,8.35,20030425.0300000,SAO_2008,,,,,,,,,,,,
"     C/2003 H10 (SOHO)",52758.37,0.0050,1.0,143.83,83.06,5.90,20030429.3700000,SAO_2008,,,,,,,,,,,,
"     C/2003 H11 (SOHO)",52758.8,0.0051,1.0,137.20,43.23,306.78,20030429.8000000,SAO_2008,,,,,,,,,,,,
"     C/2003 H12 (SOHO)",52760.28,0.0051,1.0,144.35,85.33,5.25,20030501.2800000,SAO_2008,,,,,,,,,,,,
"     C/2003 J1 (NEAT)",52839,5.12542490657736,.9911275595226937,98.31346542985749,196.0289374489238,122.0331799314382,20031010.6048581,"JPL 13",,11.3,,,,,,13884.7598632044,4.14203,38169.,4.5,
"     C/2003 J2 (SOHO)",52760.62,0.0051,1.0,143.39,84.94,7.47,20030501.6200000,SAO_2008,,,,,,,,,,,,
"     C/2003 J3 (SOHO)",52765.17,0.0050,1.0,142.82,84.58,8.48,20030506.1700000,SAO_2008,,,,,,,,,,,,
"     C/2003 J4 (SOHO)",52765.34,0.0050,1.0,144.58,89.29,12.80,20030506.3400000,SAO_2008,,,,,,,,,,,,
"     C/2003 J5 (SOHO)",52767.72,0.0051,1.0,143.94,89.21,11.87,20030508.7200000,SAO_2008,,,,,,,,,,,,
"     C/2003 J6 (SOHO)",52769.21,0.0055,1.0,143.08,90.64,16.55,20030510.2100000,SAO_2008,,,,,,,,,,,,
"     C/2003 J7 (SOHO)",52774.56,0.0074,1.0,141.86,70.61,349.09,20030515.5600000,SAO_2008,,,,,,,,,,,,
"     C/2003 J8 (SOHO)",52775.61,0.0050,1.0,144.29,82.44,3.18,20030516.6100000,SAO_2008,,,,,,,,,,,,
"     C/2003 J9 (SOHO)",52775.14,0.0050,1.0,144.18,90.62,14.40,20030516.1400000,SAO_2008,,,,,,,,,,,,
"     C/2003 K1 (Spacewatch)",52789,2.087130139010686,.9501034613645812,129.8313949119337,314.475765579292,250.0558385245489,20021221.1522665,"JPL 9",,14.1,16.4,,,,,270.537123207069,1.23662,15694.,8.5,5.
"     C/2003 K3 (SOHO)",52791.253,0.13918,1.0,39.529,108.456,79.076,20030601.2530000,SAO_2008,,,,,,,,,,,,
"     C/2003 K4 (LINEAR)",53171,1.023616718479539,1.000300703408358,134.2525183648013,198.4427076902601,18.67572241685174,20041013.7188580,"JPL 100",,7.5,,,,,,,.0478619,,7.,
"     C/2003 K5 (SOHO)",52780.35,0.0348,1.0,72.50,55.74,74.11,20030521.3500000,SAO_2008,,,,,,,,,,,,
"     C/2003 K6 (SOHO)",52789.12,0.0372,1.0,71.87,56.44,73.67,20030530.1200000,SAO_2008,,,,,,,,,,,,
"     C/2003 K7 (SOHO)",52783.82,0.0051,1.0,144.15,89.70,12.35,20030524.8200000,SAO_2008,,,,,,,,,,,,
"     C/2003 K8 (SOHO)",52781.91,0.0076,1.0,135.87,95.31,28.75,20030522.9100000,SAO_2008,,,,,,,,,,,,
"     C/2003 K9 (SOHO)",52783.87,0.0041,1.0,144.48,81.52,1.39,20030524.8700000,SAO_2008,,,,,,,,,,,,
"     C/2003 K10 (SOHO)",52786.20,0.0050,1.0,144.20,82.94,3.91,20030527.2000000,SAO_2008,,,,,,,,,,,,
"     C/2003 K11 (SOHO)",52786.64,0.0050,1.0,141.58,92.22,17.80,20030527.6400000,SAO_2008,,,,,,,,,,,,
"     C/2003 K12 (SOHO)",52788.59,0.0091,1.0,136.80,81.85,4.80,20030529.5900000,SAO_2008,,,,,,,,,,,,
"     C/2003 K13 (SOHO)",52783.38,0.0057,1.0,148.89,72.92,348.81,20030524.3800000,SAO_2008,,,,,,,,,,,,
"     C/2003 L2 (LINEAR)",52899,2.864798011325372,.9814512304485367,82.0510843204008,119.8409592101385,273.5592167800635,20040119.1906739,"JPL 33",,12.7,,,,,,1919.44889521645,2.26492,329.2,4.5,
"     C/2003 L3 (SOHO)",52792.96,0.0050,1.0,142.65,94.51,18.74,20030602.9600000,SAO_2008,,,,,,,,,,,,
"     C/2003 L4 (SOHO)",52796.31,0.0050,1.0,141.93,95.86,20.72,20030606.3100000,SAO_2008,,,,,,,,,,,,
"     C/2003 L5 (SOHO)",52800.60,0.0050,1.0,144.23,82.97,3.81,20030610.6000000,SAO_2008,,,,,,,,,,,,
"     C/2003 L6 (SOHO)",52800.29,0.0050,1.0,135.18,103.35,32.28,20030610.2900000,SAO_2008,,,,,,,,,,,,
"     C/2003 L7 (SOHO)",52804.53,0.0057,1.0,133.71,107.86,37.11,20030614.5300000,SAO_2008,,,,,,,,,,,,
"     C/2003 L8 (SOHO)",52806.09,0.0043,1.0,141.60,91.79,14.55,20030616.0900000,SAO_2008,,,,,,,,,,,,
"     C/2003 M1 (SOHO)",52806.63,0.0044,1.0,144.57,79.70,0.22,20030616.6300000,SAO_2008,,,,,,,,,,,,
"     C/2003 M2 (SOHO)",52808.9,0.0043,1.0,143.54,86.95,8.57,20030618.9000000,SAO_2008,,,,,,,,,,,,
"     C/2003 M3 (SOHO)",52808.39,0.0044,1.0,141.43,96.21,20.06,20030618.3900000,SAO_2008,,,,,,,,,,,,
"     C/2003 M4 (SOHO)",52808.95,0.0068,1.0,141.94,89.00,10.56,20030618.9500000,SAO_2008,,,,,,,,,,,,
"     C/2003 M5 (SOHO)",52809.96,0.0070,1.0,139.29,64.34,340.42,20030619.9600000,SAO_2008,,,,,,,,,,,,
"     C/2003 M6 (SOHO)",52810.16,0.0066,1.0,143.20,91.42,13.06,20030620.1600000,SAO_2008,,,,,,,,,,,,
"     C/2003 M7 (SOHO)",52810.9,0.0050,1.0,145.25,65.47,344.94,20030620.9000000,SAO_2008,,,,,,,,,,,,
"     C/2003 M8 (SOHO)",52812.70,0.0054,1.0,147.58,64.96,345.29,20030622.7000000,SAO_2008,,,,,,,,,,,,
"     C/2003 M9 (SOHO)",52813.51,0.0053,1.0,146.97,76.12,358.61,20030623.5100000,SAO_2008,,,,,,,,,,,,
"     C/2003 M10 (SOHO)",52813.61,0.0058,1.0,148.86,61.51,341.76,20030623.6100000,SAO_2008,,,,,,,,,,,,
"     C/2003 M11 (SOHO)",52813.77,0.0052,1.0,145.69,60.98,341.37,20030623.7700000,SAO_2008,,,,,,,,,,,,
"     C/2003 M12 (SOHO)",52813.88,0.0048,1.0,143.12,87.16,8.42,20030623.8800000,SAO_2008,,,,,,,,,,,,
"     C/2003 N1 (SOHO)",52826.13,0.0049,1.0,144.79,85.86,7.21,20030706.1300000,SAO_2008,,,,,,,,,,,,
"     C/2003 N2 (SOHO)",52833.64,0.0048,1.0,146.13,86.25,8.40,20030713.6400000,SAO_2008,,,,,,,,,,,,
"     C/2003 O1 (LINEAR)",53116,6.847361683627384,1.001388829633147,117.981689737887,81.67349308658656,347.6439989685526,20040317.2071796,"JPL 56",,10.3,,,,,,,6.39885,,4.5,
"     C/2003 O4 (SOHO)",52839.21,0.0053,1.0,134.30,58.31,330.26,20030719.2100000,SAO_2008,,,,,,,,,,,,
"     C/2003 O5 (SOHO)",52841.62,0.0067,1.0,139.42,64.35,339.90,20030721.6200000,SAO_2008,,,,,,,,,,,,
"     C/2003 O6 (SOHO)",52845.18,0.0050,1.0,144.55,87.25,9.49,20030725.1800000,SAO_2008,,,,,,,,,,,,
"     C/2003 O7 (SOHO)",52846.47,0.0051,1.0,144.99,75.97,358.30,20030726.4700000,SAO_2008,,,,,,,,,,,,
"     C/2003 O8 (SOHO)",52850.70,0.0052,1.0,145.34,73.97,356.06,20030730.7000000,SAO_2008,,,,,,,,,,,,
"     C/2003 P1 (SOHO)",52854.58,0.0054,1.0,145.12,73.86,355.98,20030803.5800000,SAO_2008,,,,,,,,,,,,
"     C/2003 P2 (SOHO)",52855.36,0.0053,1.0,139.66,90.58,13.52,20030804.3600000,SAO_2008,,,,,,,,,,,,
"     C/2003 P3 (SOHO)",52857.41,0.0050,1.0,144.43,87.34,8.87,20030806.4100000,SAO_2008,,,,,,,,,,,,
"     C/2003 Q1 (SOHO)",52871.97,0.0320,1.0,29.33,52.38,43.43,20030820.9700000,SAO_2008,,,,,,,,,,,,
"     C/2003 Q2 (SOHO)",52876.09,0.0049,1.0,144.57,87.31,9.12,20030825.0900000,SAO_2008,,,,,,,,,,,,
"     C/2003 Q3 (SOHO)",52875.8,0.0053,1.0,144.84,85.40,7.95,20030824.8000000,SAO_2008,,,,,,,,,,,,
"     C/2003 Q4 (SOHO)",52876.78,0.0051,1.0,144.43,86.73,9.27,20030825.7800000,SAO_2008,,,,,,,,,,,,
"     C/2003 Q5 (SOHO)",52878.76,0.0050,1.0,144.70,86.64,8.63,20030827.7600000,SAO_2008,,,,,,,,,,,,
"     C/2003 Q6 (SOHO)",52877.51,0.0366,1.0,25.43,33.17,56.30,20030826.5100000,SAO_2008,,,,,,,,,,,,
"     C/2003 Q7 (SOHO)",52881.4,0.0060,1.0,144.06,90.40,11.23,20030830.4000000,SAO_2008,,,,,,,,,,,,
"     C/2003 Q8 (SOHO)",52881.04,0.0050,1.0,144.94,86.07,8.04,20030830.0400000,SAO_2008,,,,,,,,,,,,
"     C/2003 Q9 (SOHO)",52882.57,0.0051,1.0,144.26,81.97,3.13,20030831.5700000,SAO_2008,,,,,,,,,,,,
"     C/2003 Q10 (SOHO)",52876.67,0.0054,1.0,144.48,91.77,11.64,20030825.6700000,SAO_2008,,,,,,,,,,,,
"     P/2003 QX29 (NEAT)",52863,4.239146064694966,.4717880205498272,11.39651577691879,37.22622643609276,264.5802565130208,20021026.2165458,"JPL 12",,7.1,13.4,,,,,22.7359656268997,3.2326,1.2289,14.5,5.
"     C/2003 R1 (LINEAR)",52926,2.101884323064261,.8933144890077785,149.1956325485743,302.6901119594116,356.6890631748591,20030629.6170121,"JPL 15",,14.6,,,,,,87.4506931709757,1.25125,12.063,7.5,
"     C/2003 R2 (SOHO)",52887.93,0.0050,1.0,141.91,91.87,18.95,20030905.9300000,SAO_2008,,,,,,,,,,,,
"     C/2003 R3 (SOHO)",52891.62,0.0050,1.0,144.75,86.26,8.79,20030909.6200000,SAO_2008,,,,,,,,,,,,
"     C/2003 R4 (SOHO)",52888.96,0.0316,1.0,92.36,105.04,173.06,20030906.9600000,SAO_2008,,,,,,,,,,,,
"     C/2003 S3 (LINEAR)",52933,8.12952514796411,1.001805531577256,151.4977543965032,154.5701710944565,226.388801905116,20030410.5375051,"JPL 14",,6.7,10.9,,,,,,7.16548,,9.25,5.
"     C/2003 S4-A (LINEAR)",53285,3.874094425706102,.8949875400226452,40.70877877777396,155.3251842867177,224.5527004932965,20040530.8832488,"JPL 8",,12.3,15.6,,,,,224.079567062598,2.91835,2937.6,10.,5.
"     C/2003 S4-B (LINEAR)",53285,3.837677234497402,.9039918933363457,40.39885041573376,153.6767320346578,224.5378982610804,20040523.1879900,"JPL 8",,12.4,15.6,,,,,252.725470187113,2.88654,3713.2,10.,5.
"     C/2003 S5 (SOHO)",52901.20,0.0050,1.0,144.77,85.44,9.13,20030919.2000000,SAO_2008,,,,,,,,,,,,
"     C/2003 S6 (SOHO)",52901.12,0.0066,1.0,141.01,87.22,19.09,20030919.1200000,SAO_2008,,,,,,,,,,,,
"     C/2003 S7 (SOHO)",52904.02,0.0049,1.0,145.00,75.98,2.99,20030922.0200000,SAO_2008,,,,,,,,,,,,
"     C/2003 S8 (SOHO)",52908.63,0.0052,1.0,144.28,78.39,1.90,20030926.6300000,SAO_2008,,,,,,,,,,,,
"     C/2003 S9 (SOHO)",52907.35,0.0154,1.0,28.79,180.22,59.32,20030925.3500000,SAO_2008,,,,,,,,,,,,
"     C/2003 T2 (LINEAR)",52972,1.786355990456726,.9997406352411715,87.53163915787286,152.2332012859702,238.5326149261104,20031114.0277298,"JPL 20",,10.4,16.1,,,,,571602.038956157,.872823,4.062E7,24.75,5.
"     C/2003 T3 (Tabur)",53220,1.481076080593984,.9997403833953352,50.44445235574054,43.77380053156761,347.0575533470069,20040429.0018197,"JPL 71",,5.9,11.1,,,,,430899.069007545,.627295,1676200.,14.75,5.
"     C/2003 T4 (LINEAR)",53298,.8497410491703915,1.000474480851945,86.76119282625949,181.6792730367811,93.9028754712548,20050403.6565760,"JPL 133",,9.2,,,,,,,.167229,,6.75,
"     C/2003 T5 (SOHO)",52921.94,0.0051,1.0,144.53,86.79,9.05,20031009.9400000,SAO_2008,,,,,,,,,,,,
"     C/2003 T6 (SOHO)",52922.25,0.0071,1.0,144.66,77.93,353.66,20031010.2500000,SAO_2008,,,,,,,,,,,,
"     C/2003 T7 (SOHO)",52922.91,0.0050,1.0,144.54,87.43,9.18,20031010.9100000,SAO_2008,,,,,,,,,,,,
"     C/2003 T8 (SOHO)",52921.26,0.0050,1.0,143.21,83.32,6.09,20031009.2600000,SAO_2008,,,,,,,,,,,,
"     C/2003 T9 (SOHO)",52922.06,0.0054,1.0,149.12,76.98,357.61,20031010.0600000,SAO_2008,,,,,,,,,,,,
"     C/2003 T10 (SOHO)",52926.48,0.0049,1.0,144.53,87.17,9.01,20031014.4800000,SAO_2008,,,,,,,,,,,,
"     C/2003 T11 (SOHO)",52927.85,0.0053,1.0,146.04,88.39,4.99,20031015.8500000,SAO_2008,,,,,,,,,,,,
"     P/2003 T12 (SOHO)",56072,.5748057240982886,.7761661415724617,11.47515433388246,217.6688333732714,176.4657154122657,20120126.4465754,"JPL 9",Y,19.6,,,,,,4.11529674881009,.154717,.00040917,21.75,
"     C/2003 U1 (LINEAR)",52948,1.795716785888698,.9215850089213874,164.4745303089487,278.3837925577807,322.7631070269966,20031103.3978752,"JPL 15",,15.2,17.2,,,,,109.588837415753,.879098,185.55,10.,5.
"     C/2003 U4 (SOHO)",52933.21,0.0357,1.0,74.94,58.38,73.97,20031021.2100000,SAO_2008,,,,,,,,,,,,
"     C/2003 U5 (SOHO)",52929.34,0.0052,1.0,144.60,85.74,8.93,20031017.3400000,SAO_2008,,,,,,,,,,,,
"     C/2003 U6 (SOHO)",52933.57,0.0050,1.0,144.48,87.14,9.07,20031021.5700000,SAO_2008,,,,,,,,,,,,
"     C/2003 U7 (SOHO)",52935.43,0.0051,1.0,144.44,88.13,12.13,20031023.4300000,SAO_2008,,,,,,,,,,,,
"     C/2003 U8 (SOHO)",52938.06,0.0050,1.0,137.65,36.51,294.41,20031026.0600000,SAO_2008,,,,,,,,,,,,
"     C/2003 U9 (SOHO)",52940.3,0.0050,1.0,144.22,86.95,10.76,20031028.3000000,SAO_2008,,,,,,,,,,,,
"     C/2003 V1 (LINEAR)",53018,1.783148266691973,.9970357943825471,28.67516590808042,8.631584872138149,25.83280893247967,20030311.1795343,"JPL 32",,9.9,11.8,,,,,14754.5815438189,.792586,42253.,8.,5.
"     C/2003 V2 (SOHO)",52945.24,0.0050,1.0,145.16,89.43,9.93,20031102.2400000,SAO_2008,,,,,,,,,,,,
"     C/2003 V3 (SOHO)",52947.36,0.0050,1.0,144.30,87.39,9.67,20031104.3600000,SAO_2008,,,,,,,,,,,,
"     C/2003 V4 (SOHO)",52948.32,0.0050,1.0,145.14,88.06,9.22,20031105.3200000,SAO_2008,,,,,,,,,,,,
"     C/2003 V5 (SOHO)",52949.83,0.0082,1.0,136.94,58.04,332.92,20031106.8300000,SAO_2008,,,,,,,,,,,,
"     C/2003 V6 (SOHO)",52952.93,0.0050,1.0,145.14,85.78,7.73,20031109.9300000,SAO_2008,,,,,,,,,,,,
"     C/2003 V7 (SOHO)",52955.24,0.0050,1.0,144.42,76.08,357.95,20031112.2400000,SAO_2008,,,,,,,,,,,,
"     C/2003 V8 (SOHO)",52957.71,0.0049,1.0,143.31,87.59,11.75,20031114.7100000,SAO_2008,,,,,,,,,,,,
"     C/2003 W1 (LINEAR)",52979,1.652421451848338,.9343486987376367,78.07597110323177,113.2886974751964,256.7426339686996,20031109.4630362,"JPL 13",,16.4,,,,,,126.277050965957,1.06572,99.932,4.5,
"     C/2003 W2 (SOHO)",52972.92,0.0314,1.0,73.26,56.53,74.96,20031129.9200000,SAO_2008,,,,,,,,,,,,
"     C/2003 W3 (SOHO)",52959.91,0.0052,1.0,142.21,86.83,11.32,20031116.9100000,SAO_2008,,,,,,,,,,,,
"     C/2003 W4 (SOHO)",52965.13,0.0052,1.0,140.98,91.67,18.15,20031122.1300000,SAO_2008,,,,,,,,,,,,
"     C/2003 W5 (SOHO)",52966.20,0.0067,1.0,144.58,87.18,8.51,20031123.2000000,SAO_2008,,,,,,,,,,,,
"     C/2003 W6 (SOHO)",52970.38,0.0048,1.0,144.51,87.55,9.27,20031127.3800000,SAO_2008,,,,,,,,,,,,
"     C/2003 W7 (SOHO)",52970.71,0.0049,1.0,144.50,84.73,6.62,20031127.7100000,SAO_2008,,,,,,,,,,,,
"     C/2003 W8 (SOHO)",52972.65,0.0050,1.0,118.30,82.24,35.43,20031129.6500000,SAO_2008,,,,,,,,,,,,
"     C/2003 WT42 (LINEAR)",53834,5.190923592801852,1.002584384096399,31.41058817877764,92.46692268500065,48.45388879982382,20060410.7641327,"JPL 152",,6.2,9.1,,,,3.31,,4.37853,,8.5,5.
"     C/2003 X1 (SOHO)",52974.57,0.0048,1.0,143.28,94.22,17.90,20031201.5700000,SAO_2008,,,,,,,,,,,,
"     C/2003 X2 (SOHO)",52974.99,0.0085,1.0,134.58,90.15,17.48,20031201.9900000,SAO_2008,,,,,,,,,,,,
"     C/2003 X3 (SOHO)",52975.70,0.0050,1.0,133.82,112.58,37.30,20031202.7000000,SAO_2008,,,,,,,,,,,,
"     C/2003 X4 (SOHO)",52978.04,0.0053,1.0,136.31,101.56,29.52,20031205.0400000,SAO_2008,,,,,,,,,,,,
"     C/2003 X5 (SOHO)",52978.41,0.0073,1.0,139.87,97.12,21.99,20031205.4100000,SAO_2008,,,,,,,,,,,,
"     C/2003 X6 (SOHO)",52979.75,0.0049,1.0,145.82,49.96,325.80,20031206.7500000,SAO_2008,,,,,,,,,,,,
"     C/2003 X7 (SOHO)",52981.28,0.0050,1.0,139.81,100.04,26.19,20031208.2800000,SAO_2008,,,,,,,,,,,,
"     C/2003 X8 (SOHO)",52981.68,0.0050,1.0,141.22,96.39,20.45,20031208.6800000,SAO_2008,,,,,,,,,,,,
"     C/2003 X9 (SOHO)",52981.94,0.0049,1.0,142.28,41.99,316.87,20031208.9400000,SAO_2008,,,,,,,,,,,,
"     C/2003 X10 (SOHO)",52984.53,0.0053,1.0,147.85,50.70,328.24,20031211.5300000,SAO_2008,,,,,,,,,,,,
"     C/2003 X11 (SOHO)",52987,0.0050,1.0,143.45,90.33,13.35,20031214.0000000,SAO_2008,,,,,,,,,,,,
"     C/2003 Y1 (SOHO)",52993.5,0.0354,1.0,72.81,56.72,74.70,20031220.5000000,SAO_2008,,,,,,,,,,,,
"     C/2003 Y2 (SOHO)",52992.99,0.0052,1.0,147.13,71.94,353.43,20031219.9900000,SAO_2008,,,,,,,,,,,,
"     C/2003 Y3 (SOHO)",52993.3,0.0070,1.0,145.75,40.31,322.68,20031220.3000000,SAO_2008,,,,,,,,,,,,
"     C/2003 Y4 (SOHO)",52994.10,0.0049,1.0,145.41,72.44,352.48,20031221.1000000,SAO_2008,,,,,,,,,,,,
"     C/2003 Y5 (SOHO)",52996.15,0.0051,1.0,144.52,82.09,3.81,20031223.1500000,SAO_2008,,,,,,,,,,,,
"     C/2003 Y6 (SOHO)",52997.66,0.0048,1.0,144.60,86.84,8.49,20031224.6600000,SAO_2008,,,,,,,,,,,,
"     C/2003 Y7 (SOHO)",52998.88,0.0047,1.0,143.18,92.93,15.81,20031225.8800000,SAO_2008,,,,,,,,,,,,
"     C/2003 Y8 (SOHO)",52998.66,0.0050,1.0,146.52,79.60,4.15,20031225.6600000,SAO_2008,,,,,,,,,,,,
"     C/2003 Y9 (SOHO)",52998.78,0.0054,1.0,146.53,71.81,350.70,20031225.7800000,SAO_2008,,,,,,,,,,,,
"     C/2003 Y10 (SOHO)",52999.39,0.0051,1.0,147.10,75.83,355.72,20031226.3900000,SAO_2008,,,,,,,,,,,,
"     C/2003 Y11 (SOHO)",52999.65,0.0048,1.0,144.96,83.81,6.94,20031226.6500000,SAO_2008,,,,,,,,,,,,
"     C/2003 Y12 (SOHO)",53000.62,0.0049,1.0,145.83,65.99,346.72,20031227.6200000,SAO_2008,,,,,,,,,,,,
"     C/2003 Y13 (SOHO)",53002.14,0.0056,1.0,143.83,76.78,356.28,20031229.1400000,SAO_2008,,,,,,,,,,,,
"     C/2003 Y14 (SOHO)",53000.67,0.0049,1.0,146.14,72.86,352.76,20031227.6700000,SAO_2008,,,,,,,,,,,,
"     C/2003 Y15 (SOHO)",53005.46,0.0069,1.0,142.53,89.44,12.00,20040101.4600000,SAO_2008,,,,,,,,,,,,
"     P/2004 A1 (LONEOS)",53259,5.462543457344494,.3083433912833541,10.57603039470491,20.49554162380926,125.2446516273449,20040825.9457752,"JPL 45",,9.8,,,,,,22.1954913391347,4.47606,.14994,7.25,
"     C/2004 A2 (SOHO)",53015.64,0.0048,1.0,144.71,86.33,8.01,20040111.6400000,SAO_2008,,,,,,,,,,,,
"     C/2004 A3 (SOHO)",53020.16,0.0433,1.0,14.75,58.54,44.75,20040116.1600000,SAO_2008,,,,,,,,,,,,
"     C/2004 A4 (SOHO)",53012.64,0.0048,1.0,134.78,60.94,333.15,20040108.6400000,SAO_2008,,,,,,,,,,,,
"     C/2004 B1 (LINEAR)",53833,1.601944527087644,1.001306582500082,114.0968468415728,327.9008685770814,272.8018790407144,20060207.8887576,"JPL 87",,12.3,,,,,,,.679037,,4.5,
"     C/2004 B2 (SOHO)",53033.11,0.0353,1.0,73.10,57.16,74.89,20040129.1100000,SAO_2008,,,,,,,,,,,,
"     C/2004 B3 (SOHO)",53022.27,0.0515,1.0,13.28,53.97,44.90,20040118.2700000,SAO_2008,,,,,,,,,,,,
"     C/2004 B4 (SOHO)",53023.03,0.0062,1.0,139.10,66.43,341.76,20040119.0300000,SAO_2008,,,,,,,,,,,,
"     C/2004 B5 (SOHO)",53024.20,0.0051,1.0,144.37,86.35,7.17,20040120.2000000,SAO_2008,,,,,,,,,,,,
"     C/2004 B6 (SOHO)",53025.82,0.0053,1.0,145.11,70.14,350.52,20040121.8200000,SAO_2008,,,,,,,,,,,,
"     C/2004 B7 (SOHO)",53026.21,0.0054,1.0,139.51,68.17,342.23,20040122.2100000,SAO_2008,,,,,,,,,,,,
"     C/2004 B8 (SOHO)",53029.60,0.0050,1.0,144.63,74.93,355.83,20040125.6000000,SAO_2008,,,,,,,,,,,,
"     C/2004 B9 (SOHO)",53030.59,0.0051,1.0,143.75,86.09,6.69,20040126.5900000,SAO_2008,,,,,,,,,,,,
"     C/2004 B10 (SOHO)",53034.8,0.0051,1.0,144.69,85.71,8.68,20040130.8000000,SAO_2008,,,,,,,,,,,,
"     C/2004 B11 (SOHO)",53025.42,0.0066,1.0,144.67,62.44,343.51,20040121.4200000,SAO_2008,,,,,,,,,,,,
"     C/2004 C1 (Larsen)",53061,4.359407687432627,.6231577405386667,28.91654313174816,316.1498836584286,151.9540235634671,20030319.6427613,"JPL 12",,10.0,13.1,,,,,39.3468556670834,3.44105,14.404,10.,5.
"     C/2004 C2 (SOHO)",53040.14,0.0325,1.0,72.92,57.64,74.60,20040205.1400000,SAO_2008,,,,,,,,,,,,
"     C/2004 C3 (SOHO)",53039.70,0.0050,1.0,139.56,67.84,341.65,20040204.7000000,SAO_2008,,,,,,,,,,,,
"     C/2004 C4 (SOHO)",53043.61,0.0052,1.0,146.02,84.50,12.50,20040208.6100000,SAO_2008,,,,,,,,,,,,
"     C/2004 C5 (SOHO)",53044.36,0.0050,1.0,142.36,89.03,3.90,20040209.3600000,SAO_2008,,,,,,,,,,,,
"     C/2004 C6 (SOHO)",53045.64,0.0051,1.0,143.02,84.06,2.34,20040210.6400000,SAO_2008,,,,,,,,,,,,
"     C/2004 C7 (SOHO)",53049.29,0.0049,1.0,144.47,81.38,2.30,20040214.2900000,SAO_2008,,,,,,,,,,,,
"     C/2004 C8 (SOHO)",53049.88,0.0050,1.0,144.68,79.63,2.41,20040214.8800000,SAO_2008,,,,,,,,,,,,
"     C/2004 D1 (NEAT)",53692,4.974588909717155,1.001616671609135,45.5374312966384,75.53676840296687,62.25290353694999,20060210.7637874,"JPL 62",,8.5,10.6,,,,,,4.30713,,8.,5.
"     C/2004 D2 (SOHO)",53061.07,0.0051,1.0,145.20,83.63,6.23,20040226.0700000,SAO_2008,,,,,,,,,,,,
"     C/2004 D3 (SOHO)",53061.24,0.0051,1.0,145.52,84.10,7.75,20040226.2400000,SAO_2008,,,,,,,,,,,,
"     C/2004 D4 (SOHO)",53063.31,0.0050,1.0,145.15,84.02,6.49,20040228.3100000,SAO_2008,,,,,,,,,,,,
"     P/2004 DO29 (Spacewatch-LINEAR)",53107,4.094749356121666,.4515104579124365,14.53583513877264,41.85758975170759,147.8623226404823,20041011.6604729,"JPL 22",,10.3,13.7,,,,,20.3984261296019,3.11457,.57858,10.,5.
"     C/2004 DZ61 (Catalina-LINEAR)",53085,2.01333017215134,.9560263499082708,66.80928286399237,44.46201598153206,172.7918343069418,20040526.8577406,"JPL 40",,15.7,,,,,,309.807502568529,1.20062,21.805,4.5,
"     C/2004 E1 (SOHO)",53073.85,0.0053,1.0,146.65,76.59,2.61,20040309.8500000,SAO_2008,,,,,,,,,,,,
"     C/2004 E3 (SOHO)",53079.55,0.0050,1.0,144.21,87.36,8.67,20040315.5500000,SAO_2008,,,,,,,,,,,,
"     C/2004 E4 (SOHO)",53080.60,0.0064,1.0,144.91,80.27,7.24,20040316.6000000,SAO_2008,,,,,,,,,,,,
"     C/2004 E5 (SOHO)",53065.8,0.0050,1.0,142.71,85.45,1.67,20040301.8000000,SAO_2008,,,,,,,,,,,,
"     C/2004 F2 (LINEAR)",53129,1.430438482368092,.9905586359875835,104.959960806211,317.143156598666,248.2734547281122,20031226.6456577,"JPL 15",,16.3,,,,,,1864.91854120901,.580088,4009.9,4.5,
"     C/2004 F4 (Bradfield)",53157,.1682663784426913,.9992919895017347,63.16457171667115,332.7859935605773,222.7780714620609,20040417.0899761,"JPL 33",,11.3,14.6,,,,,3663.90899144446,.319646,9577.9,17.5,5.
"     C/2004 F5 (SOHO)",53082.25,0.0050,1.0,144.50,77.20,0.35,20040318.2500000,SAO_2008,,,,,,,,,,,,
"     C/2004 F6 (SOHO)",53087.84,0.0060,1.0,144.37,77.55,3.47,20040323.8400000,SAO_2008,,,,,,,,,,,,
"     C/2004 F7 (SOHO)",53090.55,0.0050,1.0,142.89,84.66,8.10,20040326.5500000,SAO_2008,,,,,,,,,,,,
"     P/2004 FY140 (LINEAR)",53133,4.106109991494542,.1708942050991812,2.127780640702002,239.7576567654447,327.2938375982788,20040806.9955800,"JPL 12",,,12.5,,,,,11.0214603985679,3.10283,.69333,,5.0
"     C/2004 G1 (LINEAR)",53111,1.201031395336044,.9962735380127292,114.4861941235778,110.6041069753822,228.3446757184116,20040604.9346721,"JPL 13",,14.4,17.6,,,,,5786.21676510247,.597682,3321800.,23.25,5.
"     C/2004 G2 (SOHO)",53105.13,0.0383,1.0,72.62,56.95,74.01,20040410.1300000,SAO_2008,,,,,,,,,,,,
"     C/2004 G3 (SOHO)",53098.60,0.0076,1.0,141.37,65.49,338.33,20040403.6000000,SAO_2008,,,,,,,,,,,,
"     C/2004 G4 (SOHO)",53099.86,0.0064,1.0,144.51,82.74,8.45,20040404.8600000,SAO_2008,,,,,,,,,,,,
"     C/2004 G5 (SOHO)",53106.13,0.0052,1.0,144.29,85.01,8.43,20040411.1300000,SAO_2008,,,,,,,,,,,,
"     C/2004 G6 (SOHO)",53107.16,0.0051,1.0,144.91,84.69,7.31,20040412.1600000,SAO_2008,,,,,,,,,,,,
"     C/2004 G7 (SOHO)",53109.24,0.0051,1.0,144.19,81.11,3.21,20040414.2400000,SAO_2008,,,,,,,,,,,,
"     C/2004 G8 (SOHO)",53109.32,0.0050,1.0,144.42,85.85,8.21,20040414.3200000,SAO_2008,,,,,,,,,,,,
"     C/2004 G9 (SOHO)",53111.01,0.0052,1.0,144.22,86.18,8.85,20040416.0100000,SAO_2008,,,,,,,,,,,,
"     C/2004 H1 (LINEAR)",53114,2.080741850372268,.9998972115987083,140.6729876908739,290.5245576710287,120.0469816856555,20040115.2955967,"JPL 7",,,15.4,,,,,2880178.06596981,1.36293,3.539E11,,5.0
"     C/2004 H4 (SOHO)",53111.86,0.0343,1.0,67.87,58.70,74.62,20040416.8600000,SAO_2008,,,,,,,,,,,,
"     C/2004 H5 (SOHO)",53125.72,0.0335,1.0,68.62,53.93,76.03,20040430.7200000,SAO_2008,,,,,,,,,,,,
"     C/2004 H6 (SWAN)",53216,.7762830467836959,1.000630942914649,107.6638462722945,269.0491256633715,317.2453748004821,20040512.6877602,"JPL 19",,10.3,16.0,,,,,,.358016,,25.5,5.
"     C/2004 H7 (SOHO)",53114.23,0.0052,1.0,144.22,89.47,10.51,20040419.2300000,SAO_2008,,,,,,,,,,,,
"     C/2004 H8 (SOHO)",53114.46,0.0049,1.0,145.03,82.66,1.38,20040419.4600000,SAO_2008,,,,,,,,,,,,
"     C/2004 H9 (SOHO)",53114.55,0.0051,1.0,146.39,70.28,339.72,20040419.5500000,SAO_2008,,,,,,,,,,,,
"     C/2004 H10 (SOHO)",53125.55,0.0051,1.0,145.04,64.27,334.44,20040430.5500000,SAO_2008,,,,,,,,,,,,
"     C/2004 HV60 (Spacewatch)",53125,3.068190928266924,.9404436261098207,92.57304725499822,147.8833837780238,44.8206822030077,20031216.4332291,"JPL 7",,13.0,,,,,,369.776581315988,2.17561,174690.,10.0,
"     C/2004 J1 (SOHO)",53128.17,0.0053,1.0,143.97,80.67,4.60,20040503.1700000,SAO_2008,,,,,,,,,,,,
"     C/2004 J2 (SOHO)",53130.03,0.0053,1.0,146.87,80.24,1.73,20040505.0300000,SAO_2008,,,,,,,,,,,,
"     C/2004 J3 (SOHO)",53130.07,0.0050,1.0,143.24,82.57,6.14,20040505.0700000,SAO_2008,,,,,,,,,,,,
"     C/2004 J4 (SOHO)",53130.33,0.0417,1.0,12.35,69.22,34.30,20040505.3300000,SAO_2008,,,,,,,,,,,,
"     C/2004 J5 (SOHO)",53131.56,0.0049,1.0,146.53,81.28,356.93,20040506.5600000,SAO_2008,,,,,,,,,,,,
"     C/2004 J6 (SOHO)",53132.59,0.0053,1.0,144.23,84.67,6.26,20040507.5900000,SAO_2008,,,,,,,,,,,,
"     C/2004 J7 (SOHO)",53134.12,0.0051,1.0,146.68,79.98,356.13,20040509.1200000,SAO_2008,,,,,,,,,,,,
"     C/2004 J8 (SOHO)",53137.14,0.0048,1.0,144.55,86.79,8.23,20040512.1400000,SAO_2008,,,,,,,,,,,,
"     C/2004 J9 (SOHO)",53136.16,0.0054,1.0,140.88,89.20,16.14,20040511.1600000,SAO_2008,,,,,,,,,,,,
"     C/2004 J10 (SOHO)",53137.33,0.0055,1.0,143.00,89.77,14.05,20040512.3300000,SAO_2008,,,,,,,,,,,,
"     C/2004 J11 (SOHO)",53138.21,0.0050,1.0,144.08,89.99,13.61,20040513.2100000,SAO_2008,,,,,,,,,,,,
"     C/2004 J12 (SOHO)",53137.91,0.0398,1.0,12.68,71.79,33.74,20040512.9100000,SAO_2008,,,,,,,,,,,,
"     C/2004 J13 (SOHO)",53138.85,0.0441,1.0,12.47,64.48,36.12,20040513.8500000,SAO_2008,,,,,,,,,,,,
"     C/2004 J14 (SOHO)",53139.61,0.0048,1.0,144.07,88.92,10.45,20040514.6100000,SAO_2008,,,,,,,,,,,,
"     C/2004 J15 (SOHO)",53139.75,0.0438,1.0,12.28,67.24,34.56,20040514.7500000,SAO_2008,,,,,,,,,,,,
"     C/2004 J16 (SOHO)",53139.97,0.0314,1.0,14.63,69.24,34.39,20040514.9700000,SAO_2008,,,,,,,,,,,,
"     C/2004 J17 (SOHO)",53140.55,0.0356,1.0,13.79,72.09,35.60,20040515.5500000,SAO_2008,,,,,,,,,,,,
"     C/2004 J18 (SOHO)",53140.69,0.0461,1.0,11.89,65.28,34.23,20040515.6900000,SAO_2008,,,,,,,,,,,,
"     C/2004 J19 (SOHO)",53140.05,0.0050,1.0,144.99,80.42,3.16,20040515.0500000,SAO_2008,,,,,,,,,,,,
"     C/2004 J20 (SOHO)",53138.77,0.0419,1.0,12.76,65.37,35.86,20040513.7700000,SAO_2008,,,,,,,,,,,,
"     C/2004 K1 (Catalina)",53500,3.399147036950144,.9981322573171667,153.7475204291857,97.75168749740716,326.9231970133057,20050705.1031594,"JPL 66",,7.9,11.8,,,,,77640.364151989,2.53041,78003.,11.,5.
"     C/2004 K3 (LINEAR)",53167,1.103356363937897,.9810153150144517,111.9284741429292,60.49096827708593,275.5374079340397,20040630.4561965,"JPL 11",,16.9,20.2,,,,,443.074560947507,.379633,2770.2,45.5,5.
"     C/2004 K4 (SOHO)",53143.86,0.0052,1.0,144.01,88.44,11.22,20040518.8600000,SAO_2008,,,,,,,,,,,,
"     C/2004 K5 (SOHO)",53145.61,0.0051,1.0,142.11,86.94,11.45,20040520.6100000,SAO_2008,,,,,,,,,,,,
"     C/2004 K6 (SOHO)",53147.16,0.0050,1.0,142.22,87.07,11.05,20040522.1600000,SAO_2008,,,,,,,,,,,,
"     C/2004 K7 (SOHO)",53148.54,0.0050,1.0,137.71,97.75,23.35,20040523.5400000,SAO_2008,,,,,,,,,,,,
"     C/2004 K8 (SOHO)",53149.66,0.0067,1.0,140.04,39.83,317.62,20040524.6600000,SAO_2008,,,,,,,,,,,,
"     C/2004 K9 (SOHO)",53150.28,0.0049,1.0,140.60,96.73,18.25,20040525.2800000,SAO_2008,,,,,,,,,,,,
"     C/2004 K10 (SOHO)",53150.72,0.0049,1.0,143.85,83.93,5.46,20040525.7200000,SAO_2008,,,,,,,,,,,,
"     C/2004 K11 (SOHO)",53153.17,0.0048,1.0,144.20,87.82,9.39,20040528.1700000,SAO_2008,,,,,,,,,,,,
"     C/2004 K12 (SOHO)",53156.19,0.0049,1.0,143.93,87.99,10.28,20040531.1900000,SAO_2008,,,,,,,,,,,,
"     C/2004 L1 (LINEAR)",53390,2.047413899087434,.9976185823907612,159.3608558824885,243.579120711848,66.17415825574041,20050330.1080978,"JPL 33",,12.6,,,,,,25209.447759675,1.13905,28664.,7.,
"     C/2004 L2 (LINEAR)",53677,3.778628088147824,.9952164336387704,62.51863414188788,257.3114013282606,99.18008714195943,20051115.1020851,"JPL 43",,8.0,12.0,,,,,22201.4694602054,3.30845,15677.,9.5,5.
"     C/2004 L3 (SOHO)",53161.62,0.0050,1.0,133.49,109.81,37.61,20040605.6200000,SAO_2008,,,,,,,,,,,,
"     C/2004 L4 (SOHO)",53164.43,0.0056,1.0,135.88,102.10,32.40,20040608.4300000,SAO_2008,,,,,,,,,,,,
"     C/2004 L5 (SOHO)",53164.65,0.0050,1.0,142.30,89.25,12.36,20040608.6500000,SAO_2008,,,,,,,,,,,,
"     C/2004 L6 (SOHO)",53165.99,0.0049,1.0,137.60,98.23,25.12,20040609.9900000,SAO_2008,,,,,,,,,,,,
"     C/2004 L7 (SOHO)",53166.19,0.0075,1.0,138.77,55.81,330.47,20040610.1900000,SAO_2008,,,,,,,,,,,,
"     C/2004 L8 (SOHO)",53167.07,0.0049,1.0,132.59,77.92,355.13,20040611.0700000,SAO_2008,,,,,,,,,,,,
"     C/2004 L9 (SOHO)",53167.48,0.0051,1.0,141.15,96.17,22.25,20040611.4800000,SAO_2008,,,,,,,,,,,,
"     C/2004 L10 (SOHO)",53170.10,0.0431,1.0,12.54,69.72,35.76,20040614.1000000,SAO_2008,,,,,,,,,,,,
"     C/2004 L11 (SOHO)",53171.72,0.0080,1.0,147.71,62.25,343.04,20040615.7200000,SAO_2008,,,,,,,,,,,,
"     C/2004 M1 (SOHO)",53174.52,0.0049,1.0,145.93,79.46,0.01,20040618.5200000,SAO_2008,,,,,,,,,,,,
"     C/2004 M2 (SOHO)",53181.72,0.0049,1.0,144.72,67.27,346.57,20040625.7200000,SAO_2008,,,,,,,,,,,,
"     C/2004 M3 (SOHO)",53182.76,0.0078,1.0,142.55,38.05,320.26,20040626.7600000,SAO_2008,,,,,,,,,,,,
"     C/2004 M4 (SOHO)",53183.41,0.0049,1.0,144.68,84.49,6.04,20040627.4100000,SAO_2008,,,,,,,,,,,,
"     C/2004 M5 (SOHO)",53183.91,0.0051,1.0,145.12,62.65,341.83,20040627.9100000,SAO_2008,,,,,,,,,,,,
"     C/2004 M6 (SOHO)",53183.91,0.0050,1.0,144.70,64.99,344.20,20040627.9100000,SAO_2008,,,,,,,,,,,,
"     C/2004 M7 (SOHO)",53184.25,0.0052,1.0,144.26,85.53,6.15,20040628.2500000,SAO_2008,,,,,,,,,,,,
"     C/2004 N1 (SOHO)",53187.65,0.0050,1.0,145.83,79.79,0.49,20040701.6500000,SAO_2008,,,,,,,,,,,,
"     C/2004 N2 (SOHO)",53188.58,0.0047,1.0,144.80,73.45,353.62,20040702.5800000,SAO_2008,,,,,,,,,,,,
"     C/2004 N3 (SOHO)",53192.53,0.0048,1.0,144.75,85.04,6.41,20040706.5300000,SAO_2008,,,,,,,,,,,,
"     C/2004 N4 (SOHO)",53193.93,0.0076,1.0,142.03,67.01,345.84,20040707.9300000,SAO_2008,,,,,,,,,,,,
"     C/2004 N5 (SOHO)",53194.79,0.0055,1.0,146.04,76.56,357.80,20040708.7900000,SAO_2008,,,,,,,,,,,,
"     C/2004 N6 (SOHO)",53195.85,0.0049,1.0,137.04,104.74,24.76,20040709.8500000,SAO_2008,,,,,,,,,,,,
"     C/2004 O1 (SOHO)",53204.71,0.0068,1.0,144.67,85.62,7.12,20040718.7100000,SAO_2008,,,,,,,,,,,,
"     C/2004 O2 (SOHO)",53204.58,0.0058,1.0,143.76,75.24,354.61,20040718.5800000,SAO_2008,,,,,,,,,,,,
"     C/2004 O3 (SOHO)",53212.64,0.0051,1.0,138.99,101.14,22.27,20040726.6400000,SAO_2008,,,,,,,,,,,,
"     C/2004 P1 (NEAT)",53257,6.01377500856768,.9992556931633239,28.81623762403792,16.58454524038905,284.1833337731888,20030808.7358328,"JPL 18",,10.3,,,,,,726274.764122326,5.00839,1.7157E7,6.75,
"     C/2004 P2 (SOHO)",53221.71,0.0050,1.0,143.26,83.60,5.56,20040804.7100000,SAO_2008,,,,,,,,,,,,
"     C/2004 P3 (SOHO)",53223.29,0.0051,1.0,145.69,82.94,4.68,20040806.2900000,SAO_2008,,,,,,,,,,,,
"     C/2004 P4 (SOHO)",53223.94,0.0052,1.0,144.85,74.10,355.60,20040806.9400000,SAO_2008,,,,,,,,,,,,
"     C/2004 P5 (SOHO)",53226.45,0.0061,1.0,133.10,52.72,324.88,20040809.4500000,SAO_2008,,,,,,,,,,,,
"     C/2004 P6 (SOHO)",53231.01,0.0056,1.0,143.16,92.78,13.10,20040814.0100000,SAO_2008,,,,,,,,,,,,
"     C/2004 P7 (SOHO)",53233.48,0.0050,1.0,142.67,95.62,15.42,20040816.4800000,SAO_2008,,,,,,,,,,,,
"     C/2004 Q1 (Tucker)",53350,2.046725463707062,.9890396650503148,56.08768911092952,32.96849671491158,22.1301705168078,20041206.8651633,"JPL 61",,9.6,11.8,,,,,2551.8894219285,1.14596,197.04,8.5,5.
"     C/2004 Q2 (Machholz)",53459,1.205041519739395,.9995013165564023,38.58894877332359,19.50470293910827,93.62289508735844,20050124.9111680,"JPL 102",,11.2,,,,,,118788.334647271,.249261,102400.,4.5,
"     C/2004 Q3 (SOHO)",53237.97,0.0049,1.0,144.39,77.41,358.53,20040820.9700000,SAO_2008,,,,,,,,,,,,
"     C/2004 Q4 (SOHO)",53238.96,0.0047,1.0,144.36,78.16,359.32,20040821.9600000,SAO_2008,,,,,,,,,,,,
"     C/2004 Q5 (SOHO)",53243.14,0.0052,1.0,144.53,75.73,356.66,20040826.1400000,SAO_2008,,,,,,,,,,,,
"     C/2004 Q6 (SOHO)",53243.89,0.0045,1.0,144.51,84.12,6.29,20040826.8900000,SAO_2008,,,,,,,,,,,,
"     C/2004 R2 (ASAS)",53263,.1128356575522295,.9999999303088787,63.1736941321234,5.353182778797772,182.4635745173328,20041007.8973713,"JPL 13",,10.0,,,,,,2060210375.34105,.516413,1.9398E15,6.0,
"     P/2004 R3 (LINEAR-NEAT)",53278,2.14148790751885,.4418182896414752,7.972158875382834,5.298112482962491,318.8064243714678,20040524.4976071,"JPL 14",,17.0,,,,,,7.51481405040302,1.12935,.63815,4.5,
"     C/2004 R4 (SOHO)",53254.01,0.0054,1.0,144.83,83.36,5.81,20040906.0100000,SAO_2008,,,,,,,,,,,,
"     C/2004 R5 (SOHO)",53253.57,0.0052,1.0,143.92,80.76,1.93,20040905.5700000,SAO_2008,,,,,,,,,,,,
"     C/2004 R6 (SOHO)",53254.32,0.0054,1.0,140.49,93.47,3.77,20040906.3200000,SAO_2008,,,,,,,,,,,,
"     C/2004 R7 (SOHO)",53254.95,0.0086,1.0,143.75,77.53,357.59,20040906.9500000,SAO_2008,,,,,,,,,,,,
"     C/2004 RG113 (LINEAR)",53412,1.94235816159504,.9972233649258389,21.61823611774467,125.3055091462717,8.772958122328879,20050303.7174847,"JPL 31",,13.9,15.6,,,,,18502.2253617877,1.035,21134.,8.,5.
"     C/2004 S1 (Van Ness)",53286,.6817672931188736,.9999948458983458,114.6668409763041,92.81664486853528,19.21969198229973,20041208.9211335,"JPL 20",,16.0,,,,,,48109736.3036356,.198511,4.3063E12,7.5,
"     C/2004 S2 (SOHO)",53269.37,0.0053,1.0,144.91,81.87,6.94,20040921.3700000,SAO_2008,,,,,,,,,,,,
"     C/2004 S3 (SOHO)",53271.96,0.0069,1.0,144.80,80.70,5.95,20040923.9600000,SAO_2008,,,,,,,,,,,,
"     C/2004 S4 (SOHO)",53277.24,0.0049,1.0,144.29,79.85,1.86,20040929.2400000,SAO_2008,,,,,,,,,,,,
"     C/2004 T2 (SOHO)",53287.10,0.0346,1.0,73.67,61.57,72.45,20041009.1000000,SAO_2008,,,,,,,,,,,,
"     C/2004 T3 (Siding Spring)",53414,8.864364776064013,.9984890539455046,71.96431966556281,259.6869047810964,50.3545958038596,20030415.3154858,"JPL 26",,6.3,9.7,,,,,449372.190861647,8.51936,1.2781E7,7.25,5.
"     C/2004 T4 (SOHO)",53283.64,0.0048,1.0,143.95,80.00,1.27,20041005.6400000,SAO_2008,,,,,,,,,,,,
"     C/2004 T5 (SOHO)",53284.4,0.0048,1.0,144.11,81.60,1.56,20041006.4000000,SAO_2008,,,,,,,,,,,,
"     C/2004 T6 (SOHO)",53288.97,0.0049,1.0,143.90,80.60,1.74,20041010.9700000,SAO_2008,,,,,,,,,,,,
"     C/2004 T7 (SOHO)",53292.71,0.0048,1.0,144.15,81.25,4.07,20041014.7100000,SAO_2008,,,,,,,,,,,,
"     C/2004 T8 (SOHO)",53282.81,0.0048,1.0,144.09,81.07,1.33,20041004.8100000,SAO_2008,,,,,,,,,,,,
"     C/2004 U1 (LINEAR)",53375,2.659382515367488,.9992044407293708,130.6234928040844,20.1279323568859,112.5463643000225,20041208.7577605,"JPL 30",,9.0,,,,,,193272.740382374,1.70886,1380100.,7.5,
"     C/2004 U2 (SOHO)",53296.01,0.0659,1.0,84.25,218.59,143.49,20041018.0100000,SAO_2008,,,,,,,,,,,,
"     C/2004 U3 (SOHO)",53296.63,0.0375,1.0,73.25,57.26,74.01,20041018.6300000,SAO_2008,,,,,,,,,,,,
"     C/2004 U4 (SOHO)",53295.65,0.0053,1.0,147.82,80.35,356.43,20041017.6500000,SAO_2008,,,,,,,,,,,,
"     C/2004 U5 (SOHO)",53299.92,0.0063,1.0,138.46,58.57,331.03,20041021.9200000,SAO_2008,,,,,,,,,,,,
"     C/2004 U6 (SOHO)",53299.92,0.0052,1.0,139.47,56.68,323.07,20041021.9200000,SAO_2008,,,,,,,,,,,,
"     C/2004 U7 (SOHO)",53300.79,0.0052,1.0,144.58,87.45,11.41,20041022.7900000,SAO_2008,,,,,,,,,,,,
"     C/2004 U8 (SOHO)",53302.67,0.0049,1.0,143.92,81.03,2.93,20041024.6700000,SAO_2008,,,,,,,,,,,,
"     C/2004 U9 (SOHO)",53304.13,0.0050,1.0,143.62,81.73,4.27,20041026.1300000,SAO_2008,,,,,,,,,,,,
"     C/2004 U10 (SOHO)",53304.93,0.0076,1.0,143.74,85.67,9.44,20041026.9300000,SAO_2008,,,,,,,,,,,,
"     C/2004 U11 (SOHO)",53306.28,0.0048,1.0,144.58,86.20,7.41,20041028.2800000,SAO_2008,,,,,,,,,,,,
"     C/2004 U12 (SOHO)",53306.48,0.0049,1.0,147.11,84.23,358.95,20041028.4800000,SAO_2008,,,,,,,,,,,,
"     P/2004 V3 (Siding Spring)",53377,3.93829862780152,.4463409189485605,50.45270906235839,322.3647718759709,356.0929536132517,20041111.3409893,"JPL 18",,11.5,,,,,,18.9717558540482,3.0307,.96002,10.0,
"     P/2004 V5-A (LINEAR-Hill)",53433,4.4108518869684,.4452093508448228,19.35813523595471,87.68899774280062,47.85894646719597,20050228.7340863,"JPL 48",,8.8,11.9,,,,,22.4180697240735,3.49606,.12874,10.,5.
"     P/2004 V5-B (LINEAR-Hill)",53425,4.410902006549358,.4452365207615696,19.35821906374131,87.69259816199538,47.85965943986655,20050301.0013963,"JPL 34",,7.9,12.3,,,,,22.4200987812999,3.49603,.15595,12.,5.
"     C/2004 V6 (SOHO)",53313.73,0.0053,1.0,142.98,89.75,12.84,20041104.7300000,SAO_2008,,,,,,,,,,,,
"     C/2004 V7 (SOHO)",53313.53,0.0051,1.0,143.83,89.51,11.45,20041104.5300000,SAO_2008,,,,,,,,,,,,
"     C/2004 V8 (SOHO)",53317.65,0.0049,1.0,144.46,85.91,7.62,20041108.6500000,SAO_2008,,,,,,,,,,,,
"     C/2004 V10 (SOHO)",53317.45,0.0488,1.0,26.40,22.79,81.86,20041108.4500000,SAO_2008,,,,,,,,,,,,
"     C/2004 V11 (SOHO)",53318.09,0.0050,1.0,143.29,83.44,6.52,20041109.0900000,SAO_2008,,,,,,,,,,,,
"     C/2004 V12 (SOHO)",53320.62,0.0049,1.0,143.89,83.29,4.87,20041111.6200000,SAO_2008,,,,,,,,,,,,
"     C/2004 V13 (SWAN)",53373,.1808558884461261,.9999946236955251,34.80975230523298,92.69079894512355,207.6995254065089,20041221.1517655,"JPL 7",,15.0,,,,,,6169946.50129069,.319551,1.4375E11,15.0,
"     C/2004 V14 (SOHO)",53323.78,0.0049,1.0,143.84,82.60,4.48,20041114.7800000,SAO_2008,,,,,,,,,,,,
"     C/2004 V15 (SOHO)",53325.83,0.0082,1.0,141.29,65.18,341.45,20041116.8300000,SAO_2008,,,,,,,,,,,,
"     C/2004 W1 (SOHO)",53325.64,0.0052,1.0,143.27,90.92,15.30,20041116.6400000,SAO_2008,,,,,,,,,,,,
"     C/2004 W2 (SOHO)",53328.10,0.0053,1.0,142.14,89.40,15.07,20041119.1000000,SAO_2008,,,,,,,,,,,,
"     C/2004 W3 (SOHO)",53329.42,0.0070,1.0,143.89,87.52,9.70,20041120.4200000,SAO_2008,,,,,,,,,,,,
"     C/2004 W4 (SOHO)",53331.19,0.0050,1.0,143.41,91.52,15.21,20041122.1900000,SAO_2008,,,,,,,,,,,,
"     C/2004 W5 (SOHO)",53331.72,0.0051,1.0,141.14,87.12,12.23,20041122.7200000,SAO_2008,,,,,,,,,,,,
"     C/2004 W6 (SOHO)",53332.59,0.0052,1.0,142.69,87.62,11.82,20041123.5900000,SAO_2008,,,,,,,,,,,,
"     C/2004 W7 (SOHO)",53334.26,0.0048,1.0,143.05,85.95,8.85,20041125.2600000,SAO_2008,,,,,,,,,,,,
"     C/2004 W8 (SOHO)",53333.52,0.0051,1.0,141.74,90.38,13.85,20041124.5200000,SAO_2008,,,,,,,,,,,,
"     C/2004 W9 (SOHO)",53337.84,0.0049,1.0,140.50,96.80,21.98,20041128.8400000,SAO_2008,,,,,,,,,,,,
"     C/2004 W10 (SOHO)",53338.26,0.0467,1.0,25.97,25.29,82.11,20041129.2600000,SAO_2008,,,,,,,,,,,,
"     C/2004 W11 (SOHO)",53340,0.0051,1.0,142.57,86.57,11.30,20041201.0000000,SAO_2008,,,,,,,,,,,,
"     C/2004 X2 (LINEAR)",53385,3.793087013947935,.9973771952344549,72.11789040349451,162.2153191118103,307.3411868689345,20040824.3334037,"JPL 21",,12.9,,,,,,54998.1985469756,2.84402,901360.,4.5,
"     C/2004 X3 (LINEAR)",53420,4.402297610527497,1.006427124000738,81.07658891064091,202.1261169514307,343.047739688424,20050617.1890190,"JPL 25",,6.8,12.7,,,,,,3.46938,,13.25,5.
"     C/2004 X4 (SOHO)",53342.97,0.0049,1.0,143.47,89.73,12.18,20041203.9700000,SAO_2008,,,,,,,,,,,,
"     C/2004 X5 (SOHO)",53344.44,0.0065,1.0,144.99,84.65,4.84,20041205.4400000,SAO_2008,,,,,,,,,,,,
"     C/2004 X6 (SOHO)",53346.14,0.0070,1.0,140.85,94.58,18.43,20041207.1400000,SAO_2008,,,,,,,,,,,,
"     C/2004 X8 (SOHO)",53348.27,0.0052,1.0,144.22,90.75,7.14,20041209.2700000,SAO_2008,,,,,,,,,,,,
"     C/2004 X9 (SOHO)",53352.67,0.0054,1.0,144.06,84.88,6.60,20041213.6700000,SAO_2008,,,,,,,,,,,,
"     C/2004 X10 (SOHO)",53352.71,0.0057,1.0,146.26,71.94,352.06,20041213.7100000,SAO_2008,,,,,,,,,,,,
"     C/2004 X11 (SOHO)",53353.25,0.0048,1.0,145.35,70.61,349.13,20041214.2500000,SAO_2008,,,,,,,,,,,,
"     C/2004 Y2 (SOHO)",53358.27,0.0051,1.0,131.81,72.73,349.99,20041219.2700000,SAO_2008,,,,,,,,,,,,
"     C/2004 Y3 (SOHO)",53364.8,0.0048,1.0,144.69,84.18,5.17,20041225.8000000,SAO_2008,,,,,,,,,,,,
"     C/2004 Y4 (SOHO)",53364.53,0.0896,1.0,94.42,128.06,23.91,20041225.5300000,SAO_2008,,,,,,,,,,,,
"     C/2004 Y5 (SOHO)",53365.39,0.0048,1.0,144.31,70.87,350.47,20041226.3900000,SAO_2008,,,,,,,,,,,,
"     C/2004 Y6 (SOHO)",53365.31,0.0073,1.0,144.50,42.74,325.97,20041226.3100000,SAO_2008,,,,,,,,,,,,
"     C/2004 Y7 (SOHO)",53365.62,0.0049,1.0,143.73,90.25,14.41,20041226.6200000,SAO_2008,,,,,,,,,,,,
"     C/2004 Y8 (SOHO)",53366.37,0.0070,1.0,140.65,72.08,349.33,20041227.3700000,SAO_2008,,,,,,,,,,,,
"     C/2004 Y9 (SOHO)",53367.34,0.0052,1.0,147.38,75.27,356.27,20041228.3400000,SAO_2008,,,,,,,,,,,,
"     C/2004 Y10 (SOHO)",53367.29,0.0322,1.0,131.61,99.02,129.68,20041228.2900000,SAO_2008,,,,,,,,,,,,
"     C/2004 Y11 (SOHO)",53368.34,0.0048,1.0,145.33,70.45,352.02,20041229.3400000,SAO_2008,,,,,,,,,,,,
"     C/2004 Y12 (SOHO)",53371.64,0.0050,1.0,144.24,80.19,0.58,20050101.6400000,SAO_2008,,,,,,,,,,,,
"     C/2004 YJ35 (LINEAR)",53402,1.781201873822886,.9998643627453184,52.47640288810416,136.8979552790265,328.2496837721631,20050303.1503019,"JPL 17",,,17.3,,,,,1504906.19765929,.944701,8.4537E7,,5.
"     C/2005 A1-A (LINEAR)",53823,0.906702203657889,1.00064701084044,74.8807301054095,271.8614895542404,355.8564792005596,20050410.2424605,"JPL 24",,9.5,,,,,,,.493683,,7.5,
"     C/2005 A2 (SOHO)",53374.21,0.0055,1.0,144.27,66.30,345.46,20050104.2100000,SAO_2008,,,,,,,,,,,,
"     C/2005 A3 (SOHO)",53377.28,0.0067,1.0,133.47,55.63,327.00,20050107.2800000,SAO_2008,,,,,,,,,,,,
"     C/2005 A4 (SOHO)",53384.34,0.0067,1.0,138.96,62.90,337.99,20050114.3400000,SAO_2008,,,,,,,,,,,,
"     C/2005 A5 (SOHO)",53385.94,0.0048,1.0,144.05,77.25,358.60,20050115.9400000,SAO_2008,,,,,,,,,,,,
"     C/2005 B1 (Christensen)",53745,3.204932139446343,1.000191405702474,92.55116039607185,103.1825144671378,195.5560479556473,20060223.5719617,"JPL 95",,11.5,,,,,,,2.84572,,4.5,
"     C/2005 B2 (SOHO)",53396.08,0.0050,1.0,145.06,83.77,5.23,20050126.0800000,SAO_2008,,,,,,,,,,,,
"     C/2005 B3 (SOHO)",53397.52,0.0049,1.0,144.34,74.94,355.04,20050127.5200000,SAO_2008,,,,,,,,,,,,
"     C/2005 B4 (SOHO)",53400.81,0.0353,1.0,71.69,55.68,74.28,20050130.8100000,SAO_2008,,,,,,,,,,,,
"     C/2005 B5 (SOHO)",53392.88,0.0048,1.0,144.36,74.52,354.20,20050122.8800000,SAO_2008,,,,,,,,,,,,
"     C/2005 B6 (SOHO)",53401.11,0.0051,1.0,142.81,80.27,3.12,20050131.1100000,SAO_2008,,,,,,,,,,,,
"     C/2005 C1 (SOHO)",53403.3,0.0392,1.0,67.47,53.13,75.84,20050202.3000000,SAO_2008,,,,,,,,,,,,
"     C/2005 C2 (SOHO)",53403.74,0.0050,1.0,145.85,73.00,354.11,20050202.7400000,SAO_2008,,,,,,,,,,,,
"     C/2005 C3 (SOHO)",53409.55,0.0049,1.0,144.80,84.70,6.45,20050208.5500000,SAO_2008,,,,,,,,,,,,
"     C/2005 C4 (SOHO)",53414.31,0.0391,1.0,40.06,36.66,7.79,20050213.3100000,SAO_2008,,,,,,,,,,,,
"     C/2005 D1 (SOHO)",53424.64,0.0468,1.0,121.76,16.46,284.06,20050223.6400000,SAO_2008,,,,,,,,,,,,
"     C/2005 D2 (SOHO)",53423.68,0.0066,1.0,144.99,78.63,3.06,20050222.6800000,SAO_2008,,,,,,,,,,,,
"     C/2005 D3 (SOHO)",53424.23,0.0070,1.0,144.22,72.28,355.24,20050223.2300000,SAO_2008,,,,,,,,,,,,
"     C/2005 D4 (SOHO)",53427.99,0.0049,1.0,144.28,79.94,0.75,20050226.9900000,SAO_2008,,,,,,,,,,,,
"     C/2005 D5 (SOHO)",53428.92,0.0056,1.0,143.74,77.83,357.61,20050227.9200000,SAO_2008,,,,,,,,,,,,
"     P/2005 E1 (Tubbiolo)",53455,4.445458129189836,.3847392703228307,5.153001530789552,170.7920473493269,4.415913946561306,20050318.2432008,"JPL 13",,10.7,13.8,,,,,19.4220109245051,3.45073,3.2072,10.,5.
"     C/2005 E2 (McNaught)",53864,1.519578570778861,1.000138906923388,16.98833766562109,39.96644308853121,347.8473984474121,20060223.4734300,"JPL 85",,9.2,11.0,,,,,,.563386,,7.25,5.
"     C/2005 E3 (SOHO)",53435.96,0.0050,1.0,140.29,77.96,343.12,20050306.9600000,SAO_2008,,,,,,,,,,,,
"     C/2005 E4 (SOHO)",53439.54,0.0487,1.0,26.43,22.24,80.60,20050310.5400000,SAO_2008,,,,,,,,,,,,
"     C/2005 E5 (SOHO)",53441.64,0.0051,1.0,144.41,80.02,359.09,20050312.6400000,SAO_2008,,,,,,,,,,,,
"     C/2005 E6 (SOHO)",53444.19,0.0048,1.0,144.09,78.80,359.69,20050315.1900000,SAO_2008,,,,,,,,,,,,
"     C/2005 E7 (SOHO)",53443.93,0.0052,1.0,139.37,63.07,331.02,20050314.9300000,SAO_2008,,,,,,,,,,,,
"     C/2005 E8 (SOHO)",53444.82,0.0048,1.0,144.30,81.33,0.86,20050315.8200000,SAO_2008,,,,,,,,,,,,
"     C/2005 E9 (SOHO)",53444.28,0.0050,1.0,143.53,89.31,358.70,20050315.2800000,SAO_2008,,,,,,,,,,,,
"     C/2005 EL173 (LONEOS)",53917,3.886322837097256,1.003183671689652,130.6766761114461,261.4925653273955,344.7898961226726,20070305.8966225,"JPL 55",,7.7,11.5,,,,,,3.30806,,9.25,5.
"     C/2005 F1 (SOHO)",53447.17,0.0055,1.0,144.16,76.58,359.66,20050318.1700000,SAO_2008,,,,,,,,,,,,
"     C/2005 F2 (SOHO)",53448.32,0.0067,1.0,144.20,73.01,359.46,20050319.3200000,SAO_2008,,,,,,,,,,,,
"     C/2005 F3 (SOHO)",53457.35,0.0049,1.0,143.96,76.99,350.21,20050328.3500000,SAO_2008,,,,,,,,,,,,
"     C/2005 F4 (SOHO)",53458.14,0.0068,1.0,144.14,76.21,1.21,20050329.1400000,SAO_2008,,,,,,,,,,,,
"     C/2005 F5 (SOHO)",53457.99,0.0051,1.0,144.09,79.67,0.74,20050328.9900000,SAO_2008,,,,,,,,,,,,
"     C/2005 G1 (LINEAR)",53599,4.960798114472667,.9997362072303683,108.4139491903193,113.8102796202893,299.5890190073119,20060227.2650808,"JPL 32",,7.5,11.7,,,,,2578939.77684288,4.44257,6.3425E7,10.25,5.
"     C/2005 G2 (SOHO)",53474.26,0.0492,1.0,26.84,23.53,80.69,20050414.2600000,SAO_2008,,,,,,,,,,,,
"     C/2005 G3 (SOHO)",53464.76,0.0091,1.0,136.42,57.03,334.27,20050404.7600000,SAO_2008,,,,,,,,,,,,
"     C/2005 G4 (SOHO)",53468.54,0.0051,1.0,144.19,79.88,350.04,20050408.5400000,SAO_2008,,,,,,,,,,,,
"     C/2005 G5 (SOHO)",53470.29,0.0051,1.0,143.61,81.54,3.14,20050410.2900000,SAO_2008,,,,,,,,,,,,
"     C/2005 G6 (SOHO)",53472.05,0.0048,1.0,144.05,78.85,0.57,20050412.0500000,SAO_2008,,,,,,,,,,,,
"     C/2005 G7 (SOHO)",53474.53,0.0049,1.0,143.44,80.23,2.54,20050414.5300000,SAO_2008,,,,,,,,,,,,
"     C/2005 H1 (LINEAR)",53518,4.76859650674389,.896923662273303,81.51226776578933,95.21294445579558,71.49071444816842,20041028.5278659,"JPL 23",,12.9,,,,,,314.67018613487,4.54522,156.36,4.5,
"     C/2005 H2 (SOHO)",53477.81,0.0362,1.0,78.83,58.78,72.43,20050417.8100000,SAO_2008,,,,,,,,,,,,
"     C/2005 H3 (SOHO)",53482.70,0.0049,1.0,143.82,80.54,2.45,20050422.7000000,SAO_2008,,,,,,,,,,,,
"     C/2005 H4 (SOHO)",53482.32,0.0051,1.0,143.18,80.90,2.71,20050422.3200000,SAO_2008,,,,,,,,,,,,
"     C/2005 H5 (SOHO)",53485.23,0.0052,1.0,144.13,85.94,8.18,20050425.2300000,SAO_2008,,,,,,,,,,,,
"     C/2005 H6 (SOHO)",53485.38,0.0049,1.0,138.19,46.95,309.11,20050425.3800000,SAO_2008,,,,,,,,,,,,
"     C/2005 H7 (SOHO)",53485.60,0.0127,1.0,73.07,125.91,354.66,20050425.6000000,SAO_2008,,,,,,,,,,,,
"     C/2005 H8 (SOHO)",53486.65,0.0051,1.0,145.75,84.31,0.59,20050426.6500000,SAO_2008,,,,,,,,,,,,
"     C/2005 H9 (SOHO)",53489.03,0.0352,1.0,73.54,57.77,73.96,20050429.0300000,SAO_2008,,,,,,,,,,,,
"     P/2005 J1 (McNaught)",53526,1.530146542249102,.5709606870807657,31.76594894649924,338.9229319726012,268.8412085416638,20050417.3063342,"JPL 14",,13.5,18.8,,,,,6.73538006856047,.536938,.23904,26.5,5.
"     C/2005 J2 (Catalina)",53515,4.287489327002505,1.000000000009894,150.803020510002,199.6426131192407,33.36950579774541,20050404.2862518,"JPL 6",,9.0,,,,,,,3.30202,,10.0,
"     C/2005 J3 (SOHO)",53493.28,0.0051,1.0,144.25,79.60,0.41,20050503.2800000,SAO_2008,,,,,,,,,,,,
"     C/2005 J4 (SOHO)",53496.17,0.0051,1.0,146.70,80.85,356.52,20050506.1700000,SAO_2008,,,,,,,,,,,,
"     C/2005 J5 (SOHO)",53499.41,0.0050,1.0,144.14,88.84,12.30,20050509.4100000,SAO_2008,,,,,,,,,,,,
"     C/2005 J6 (SOHO)",53500.99,0.0055,1.0,142.26,84.45,9.26,20050510.9900000,SAO_2008,,,,,,,,,,,,
"     C/2005 J7 (SOHO)",53502.10,0.0049,1.0,143.58,82.77,4.84,20050512.1000000,SAO_2008,,,,,,,,,,,,
"     C/2005 J8 (SOHO)",53503.12,0.0051,1.0,144.05,83.71,4.37,20050513.1200000,SAO_2008,,,,,,,,,,,,
"     C/2005 J9 (SOHO)",53504.52,0.0051,1.0,143.60,94.61,17.07,20050514.5200000,SAO_2008,,,,,,,,,,,,
"     C/2005 J10 (SOHO)",53504.94,0.0051,1.0,143.02,84.60,9.56,20050514.9400000,SAO_2008,,,,,,,,,,,,
"     C/2005 J11 (SOHO)",53505.62,0.0051,1.0,142.69,84.09,7.81,20050515.6200000,SAO_2008,,,,,,,,,,,,
"     C/2005 J12 (SOHO)",53506.32,0.0051,1.0,142.89,84.72,7.95,20050516.3200000,SAO_2008,,,,,,,,,,,,
"     C/2005 K1 (Skiff)",53605,3.692912272378909,1.003290032518256,77.74757770425346,134.9388129852854,106.3050115874851,20051121.1937189,"JPL 43",,6.9,11.5,,,,,,2.91061,,12.5,5.
"     C/2005 K2 (LINEAR)",53510,.5445774242695858,.999993795928609,102.0450306908713,216.5804647187401,45.71196967771046,20050705.3941596,"JPL 14",,17.8,,,,,,26006533.8031546,.388675,2.8499E15,10.,
"     C/2005 K2-A (LINEAR)",53530,.5447334288424164,1.001297022851513,102.0583688633452,216.5141752419924,45.68348688771715,20050705.3722473,"JPL 9",,14.0,,,,,,,.388904,,10.0,
"     C/2005 K4 (SOHO)",53506.37,0.0373,1.0,73.25,56.47,74.48,20050516.3700000,SAO_2008,,,,,,,,,,,,
"     C/2005 K5 (SOHO)",53509.09,0.0051,1.0,142.25,85.10,9.16,20050519.0900000,SAO_2008,,,,,,,,,,,,
"     C/2005 K6 (SOHO)",53510.55,0.0051,1.0,143.85,81.10,2.00,20050520.5500000,SAO_2008,,,,,,,,,,,,
"     C/2005 K7 (SOHO)",53510.95,0.0050,1.0,142.00,93.28,17.59,20050520.9500000,SAO_2008,,,,,,,,,,,,
"     C/2005 K8 (SOHO)",53510.92,0.0051,1.0,144.36,84.12,6.51,20050520.9200000,SAO_2008,,,,,,,,,,,,
"     C/2005 K9 (SOHO)",53518.22,0.0354,1.0,73.06,56.89,74.47,20050528.2200000,SAO_2008,,,,,,,,,,,,
"     C/2005 K10 (SOHO)",53520.88,0.0049,1.0,140.99,91.60,15.81,20050530.8800000,SAO_2008,,,,,,,,,,,,
"     P/2005 L1 (McNaught)",53554,3.142853926124121,.2092382603329729,7.736934710788826,149.5586554595868,138.3291969191851,20051213.0914537,"JPL 19",,10.3,13.2,,,,,7.9236635126062,2.12955,.09342,10.,5.
"     C/2005 L2 (McNaught)",53616,3.193791900807318,.9999794417464691,152.7640808363424,294.2388952650353,155.8725658572764,20050714.5222019,"JPL 11",,14.4,,,,,,61233459.818952,2.31172,4.6227E10,4.5,
"     C/2005 L3 (McNaught)",54729,5.593628166897508,.9995866280593779,139.4492472756613,47.13387025925456,288.7398150206444,20080116.3464557,"JPL 218",,8.4,,,,,,1574117.33635158,4.71252,3048200.,4.5,
"     C/2005 L5 (SOHO)",53522.97,0.0050,1.0,142.27,93.94,18.49,20050601.9700000,SAO_2008,,,,,,,,,,,,
"     C/2005 L6 (SOHO)",53527.16,0.0049,1.0,146.03,53.94,330.17,20050606.1600000,SAO_2008,,,,,,,,,,,,
"     C/2005 L7 (SOHO)",53528.37,0.0046,1.0,144.13,78.82,358.74,20050607.3700000,SAO_2008,,,,,,,,,,,,
"     C/2005 L8 (SOHO)",53527.53,0.0052,1.0,135.79,100.11,29.42,20050606.5300000,SAO_2008,,,,,,,,,,,,
"     C/2005 L9 (SOHO)",53528.41,0.0043,1.0,143.74,82.43,3.08,20050607.4100000,SAO_2008,,,,,,,,,,,,
"     C/2005 L10 (SOHO)",53531.03,0.0073,1.0,128.30,107.42,40.68,20050610.0300000,SAO_2008,,,,,,,,,,,,
"     C/2005 L11 (SOHO)",53531.58,0.0048,1.0,143.83,83.24,3.97,20050610.5800000,SAO_2008,,,,,,,,,,,,
"     C/2005 L12 (SOHO)",53533.69,0.0042,1.0,144.65,75.87,354.57,20050612.6900000,SAO_2008,,,,,,,,,,,,
"     C/2005 L13 (SOHO)",53533.49,0.0073,1.0,138.48,59.31,334.50,20050612.4900000,SAO_2008,,,,,,,,,,,,
"     C/2005 L14 (SOHO)",53534.05,0.0053,1.0,143.71,86.31,7.70,20050613.0500000,SAO_2008,,,,,,,,,,,,
"     C/2005 L15 (SOHO)",53538.07,0.0048,1.0,142.96,57.64,334.00,20050617.0700000,SAO_2008,,,,,,,,,,,,
"     C/2005 M2 (SOHO)",53538.04,0.0048,1.0,144.19,81.36,1.26,20050617.0400000,SAO_2008,,,,,,,,,,,,
"     C/2005 M3 (SOHO)",53540.8,0.0355,1.0,88.99,247.50,140.98,20050619.8000000,SAO_2008,,,,,,,,,,,,
"     C/2005 M4 (SOHO)",53542.21,0.0048,1.0,143.26,83.86,4.47,20050621.2100000,SAO_2008,,,,,,,,,,,,
"     C/2005 M5 (SOHO)",53542.41,0.0048,1.0,144.93,63.18,341.52,20050621.4100000,SAO_2008,,,,,,,,,,,,
"     C/2005 M6 (SOHO)",53546.18,0.0049,1.0,145.41,62.25,341.90,20050625.1800000,SAO_2008,,,,,,,,,,,,
"     C/2005 M7 (SOHO)",53547.39,0.0048,1.0,144.81,68.36,347.55,20050626.3900000,SAO_2008,,,,,,,,,,,,
"     C/2005 M8 (SOHO)",53549.17,0.0065,1.0,146.71,55.76,337.42,20050628.1700000,SAO_2008,,,,,,,,,,,,
"     C/2005 M9 (SOHO)",53549.49,0.0048,1.0,144.64,67.16,345.73,20050628.4900000,SAO_2008,,,,,,,,,,,,
"     C/2005 M10 (SOHO)",53550.79,0.0051,1.0,145.00,66.05,346.00,20050629.7900000,SAO_2008,,,,,,,,,,,,
"     C/2005 N1 (Juels-Holvorcem)",53667,1.125447488473938,.9984561730490273,51.18019372798361,80.04569772795328,3.240351299370207,20050822.0414157,"JPL 33",,11.4,14.2,,,,,19683.3098643649,.588768,39163.,10.5,5.
"     C/2005 N4 (Catalina)",53565,2.30375700060342,.9606120107263869,116.6302916553007,136.5458565722514,64.03680022492969,20050702.5999441,"JPL 12",,14.2,17.0,,,,,447.319146652559,1.46775,2415.,10.,5.
"     C/2005 N5 (Catalina)",53631,1.627399105677347,.9432700221966782,21.37874509409915,207.7652326844669,156.4113349148192,20050822.6815605,"JPL 27",,16.0,,,,,,153.649231108338,.649714,19.459,4.5,
"     C/2005 N6 (SOHO)",53557.68,0.0051,1.0,145.55,63.86,344.03,20050706.6800000,SAO_2008,,,,,,,,,,,,
"     C/2005 N7 (SOHO)",53564.07,0.0048,1.0,144.42,85.72,6.93,20050713.0700000,SAO_2008,,,,,,,,,,,,
"     C/2005 N8 (SOHO)",53564.33,0.0049,1.0,133.68,98.51,15.58,20050713.3300000,SAO_2008,,,,,,,,,,,,
"     C/2005 N9 (SOHO)",53565.44,0.0049,1.0,144.46,73.64,353.94,20050714.4400000,SAO_2008,,,,,,,,,,,,
"     C/2005 N10 (SOHO)",53565.08,0.0058,1.0,138.69,69.58,344.17,20050714.0800000,SAO_2008,,,,,,,,,,,,
"     C/2005 O1 (NEAT)",53594,3.590925619776631,.9295921796013962,155.9810319833461,324.7419705089498,304.7990072306438,20050517.3683145,"JPL 12",,7.1,14.4,,,,,364.239017888053,2.61632,2839.7,17.5,5.
"     C/2005 O2 (Christensen)",53638,3.333576258532938,.8593766054421174,148.8920505164611,263.8338908769753,280.7713953483397,20050908.4454013,"JPL 18",,5.2,14.0,,,,,115.421689740556,2.52907,32.657,20.,5.
"     C/2005 O3 (SOHO)",53574.59,0.0050,1.0,144.10,80.61,0.93,20050723.5900000,SAO_2008,,,,,,,,,,,,
"     C/2005 O4 (SOHO)",53576.01,0.0051,1.0,144.82,83.46,4.88,20050725.0100000,SAO_2008,,,,,,,,,,,,
"     C/2005 O5 (SOHO)",53577.29,0.0361,1.0,74.41,60.68,67.93,20050726.2900000,SAO_2008,,,,,,,,,,,,
"     C/2005 O6 (SOHO)",53578.31,0.0048,1.0,144.34,75.93,356.56,20050727.3100000,SAO_2008,,,,,,,,,,,,
"     C/2005 P1 (SOHO)",53588.53,0.0049,1.0,144.54,85.08,6.32,20050806.5300000,SAO_2008,,,,,,,,,,,,
"     C/2005 P2 (SOHO)",53588.11,0.0048,1.0,144.43,79.28,357.47,20050806.1100000,SAO_2008,,,,,,,,,,,,
"     C/2005 P3 (SWAN)",53618,.5257602319135186,.9876596396681198,89.70600629153508,32.1448302511278,242.7785765070249,20050809.7457791,"JPL 16",,13.0,18.0,,,,,278.09811213771,.432043,738.76,9.75,5.
"     C/2005 P4 (SOHO)",53594.05,0.0048,1.0,143.97,81.35,1.47,20050812.0500000,SAO_2008,,,,,,,,,,,,
"     C/2005 P5 (SOHO)",53595.38,0.0049,1.0,141.82,97.26,16.35,20050813.3800000,SAO_2008,,,,,,,,,,,,
"     C/2005 P6 (SOHO)",53596.73,0.0050,1.0,143.88,77.62,359.19,20050814.7300000,SAO_2008,,,,,,,,,,,,
"     C/2005 Q1 (LINEAR)",53756,6.408393081392679,1.004324198775348,105.1916059028035,44.69092555522118,87.73166888880324,20050825.5066476,"JPL 27",,11.3,,,,,,,5.66064,,4.5,
"     C/2005 Q2 (SOHO)",53605.21,0.0377,1.0,74.51,58.53,76.48,20050823.2100000,SAO_2008,,,,,,,,,,,,
"     C/2005 Q3 (SOHO)",53612.33,0.0253,1.0,43.52,93.72,70.89,20050830.3300000,SAO_2008,,,,,,,,,,,,
"     C/2005 Q5 (SOHO)",53600.68,0.0048,1.0,144.55,85.52,7.08,20050818.6800000,SAO_2008,,,,,,,,,,,,
"     C/2005 Q6 (SOHO)",53601.23,0.0387,1.0,50.40,299.54,156.59,20050819.2300000,SAO_2008,,,,,,,,,,,,
"     C/2005 Q7 (SOHO)",53607.63,0.0048,1.0,143.97,81.40,1.38,20050825.6300000,SAO_2008,,,,,,,,,,,,
"     C/2005 Q8 (SOHO)",53607.37,0.0377,1.0,72.42,58.37,77.20,20050825.3700000,SAO_2008,,,,,,,,,,,,
"     C/2005 Q9 (SOHO)",53612.82,0.0051,1.0,144.71,84.05,5.66,20050830.8200000,SAO_2008,,,,,,,,,,,,
"     C/2005 Q10 (SOHO)",53613.22,0.0048,1.0,144.21,79.15,1.18,20050831.2200000,SAO_2008,,,,,,,,,,,,
"     C/2005 R4 (LINEAR)",53779,5.188469374797319,.9974882375469722,164.0125963515948,6.886613653211618,63.77167150360771,20060308.0133536,"JPL 34",,7.7,11.1,,,,,93885.6554384317,4.20163,252380.,10.,5.
"     C/2005 R5 (SOHO)",53619.48,0.0051,1.0,143.62,80.85,357.96,20050906.4800000,SAO_2008,,,,,,,,,,,,
"     C/2005 R6 (SOHO)",53619.93,0.0053,1.0,142.24,90.06,3.29,20050906.9300000,SAO_2008,,,,,,,,,,,,
"     C/2005 R7 (SOHO)",53629.57,0.0049,1.0,144.12,78.09,359.63,20050916.5700000,SAO_2008,,,,,,,,,,,,
"     C/2005 S1 (SOHO)",53642.29,0.0048,1.0,144.20,78.66,2.01,20050929.2900000,SAO_2008,,,,,,,,,,,,
"     P/2005 S2 (Skiff)",53616,6.398036826007839,.1967097774760947,3.141048769130812,229.9331810080294,161.2724047500526,20060630.7421351,"JPL 10",,7.9,12.1,,,,,22.4786168192559,5.40397,3.9041,10.,5.
"     C/2005 S4 (McNaught)",54257,5.850107621028826,.9989711869908929,107.9589582749604,31.45394506058815,318.2902907544088,20070718.6467745,"JPL 66",,9.9,,,,,,428794.60738521,4.95428,2203200.,5.5,
"     C/2005 S5 (SOHO)",53632.43,0.0048,1.0,132.02,53.53,311.81,20050919.4300000,SAO_2008,,,,,,,,,,,,
"     C/2005 S6 (SOHO)",53634.28,0.0048,1.0,144.11,76.86,0.03,20050921.2800000,SAO_2008,,,,,,,,,,,,
"     C/2005 S7 (SOHO)",53636.98,0.0048,1.0,144.11,83.26,8.13,20050923.9800000,SAO_2008,,,,,,,,,,,,
"     C/2005 S8 (SOHO)",53637.43,0.0049,1.0,144.22,85.79,7.89,20050924.4300000,SAO_2008,,,,,,,,,,,,
"     C/2005 S9 (SOHO)",53638.26,0.0098,1.0,144.67,72.10,4.21,20050925.2600000,SAO_2008,,,,,,,,,,,,
"     C/2005 S10 (SOHO)",53638.56,0.0052,1.0,144.09,76.62,359.92,20050925.5600000,SAO_2008,,,,,,,,,,,,
"     C/2005 S11 (SOHO)",53638.97,0.0089,1.0,145.39,71.61,6.64,20050925.9700000,SAO_2008,,,,,,,,,,,,
"     C/2005 S12 (SOHO)",53639.89,0.0069,1.0,145.12,82.88,5.09,20050926.8900000,SAO_2008,,,,,,,,,,,,
"     C/2005 S13 (SOHO)",53643.66,0.0073,1.0,144.65,83.77,6.31,20050930.6600000,SAO_2008,,,,,,,,,,,,
"     P/2005 SB216 (LONEOS)",54296,3.818265453790342,.4632081149099854,24.09843596088289,83.56992410888729,1.692891410417743,20070211.3040024,"JPL 50",,12.8,,,,,,18.9713600673691,2.94407,.037358,4.5,
"     P/2005 T2 (Christensen)",53663,2.211251741579609,.4219020872161343,8.337734873747848,58.3662142109107,260.6204746156433,20050411.3245098,"JPL 10",,10.3,17.5,,,,,7.48106420760758,1.21213,1.156,21.25,5.
"     P/2005 T3 (Read)",53667,6.202461095926862,.1737853351945013,6.263089666410104,8.164900288475382,27.99578512097181,20060112.4414404,"JPL 9",,9.2,13.3,,,,,20.569082820986,5.20916,13.849,10.,5.
"     P/2005 T4 (SWAN)",53667,.6493997762766682,.930352025978477,160.036223032564,41.44406757900214,25.42251055284711,20051010.5375204,"JPL 7",Y,15.4,,,,,,28.4717179356605,.157253,316.39,10.,
"     P/2005 T5 (Broughton)",53673,3.246802622605731,.552444754837491,21.37239195609013,304.5141857210672,57.07098265968856,20051103.5218361,"JPL 13",,11.2,14.6,,,,,19.5398874361115,2.30756,1.0271,10.,5.
"     C/2005 T6 (SOHO)",53645.55,0.0061,1.0,143.98,76.89,3.27,20051002.5500000,SAO_2008,,,,,,,,,,,,
"     C/2005 T7 (SOHO)",53648.11,0.0048,1.0,144.41,76.75,358.09,20051005.1100000,SAO_2008,,,,,,,,,,,,
"     C/2005 T8 (SOHO)",53650.22,0.0052,1.0,145.25,80.40,3.30,20051007.2200000,SAO_2008,,,,,,,,,,,,
"     C/2005 T9 (SOHO)",53651.28,0.0368,1.0,72.51,56.03,75.23,20051008.2800000,SAO_2008,,,,,,,,,,,,
"     C/2005 T10 (SOHO)",53658.09,0.0051,1.0,145.16,84.94,3.30,20051015.0900000,SAO_2008,,,,,,,,,,,,
"     C/2005 T11 (SOHO)",53659.35,0.0072,1.0,138.74,60.78,335.94,20051016.3500000,SAO_2008,,,,,,,,,,,,
"     C/2005 U2 (SOHO)",53661.70,0.0055,1.0,143.98,76.49,0.68,20051018.7000000,SAO_2008,,,,,,,,,,,,
"     C/2005 U3 (SOHO)",53662.46,0.0052,1.0,144.45,84.51,6.83,20051019.4600000,SAO_2008,,,,,,,,,,,,
"     C/2005 U4 (SOHO)",53662.79,0.0051,1.0,144.83,77.91,359.13,20051019.7900000,SAO_2008,,,,,,,,,,,,
"     C/2005 U5 (SOHO)",53665.20,0.0049,1.0,131.09,49.13,319.04,20051022.2000000,SAO_2008,,,,,,,,,,,,
"     C/2005 U6 (SOHO)",53667.13,0.0056,1.0,143.53,80.07,4.01,20051024.1300000,SAO_2008,,,,,,,,,,,,
"     C/2005 U7 (SOHO)",53667.88,0.0051,1.0,145.51,89.42,10.08,20051024.8800000,SAO_2008,,,,,,,,,,,,
"     C/2005 U8 (SOHO)",53673.41,0.0053,1.0,149.10,66.59,344.14,20051030.4100000,SAO_2008,,,,,,,,,,,,
"     C/2005 V2 (SOHO)",53677,0.0051,1.0,146.79,79.26,354.90,20051103.0000000,SAO_2008,,,,,,,,,,,,
"     C/2005 V3 (SOHO)",53678.31,0.0049,1.0,145.24,81.42,4.00,20051104.3100000,SAO_2008,,,,,,,,,,,,
"     C/2005 V4 (SOHO)",53679.33,0.0049,1.0,143.53,81.01,3.19,20051105.3300000,SAO_2008,,,,,,,,,,,,
"     C/2005 V5 (SOHO)",53682.16,0.0051,1.0,146.95,79.52,354.74,20051108.1600000,SAO_2008,,,,,,,,,,,,
"     C/2005 V6 (SOHO)",53683.56,0.0052,1.0,143.96,80.43,1.28,20051109.5600000,SAO_2008,,,,,,,,,,,,
"     C/2005 V7 (SOHO)",53683.68,0.0050,1.0,144.16,85.92,7.85,20051109.6800000,SAO_2008,,,,,,,,,,,,
"     C/2005 V8 (SOHO)",53683.91,0.0266,1.0,75.64,102.64,341.92,20051109.9100000,SAO_2008,,,,,,,,,,,,
"     C/2005 V9 (SOHO)",53688.86,0.0073,1.0,138.75,61.35,337.13,20051114.8600000,SAO_2008,,,,,,,,,,,,
"     C/2005 W1 (SOHO)",53691.28,0.0483,1.0,24.90,23.44,80.27,20051117.2800000,SAO_2008,,,,,,,,,,,,
"     C/2005 W2 (Christensen)",53723,3.331619715333723,.8244535909020818,11.26402715674562,111.6701162683164,336.6151799134908,20060327.3952062,"JPL 17",,13.8,,,,,,82.6805605143534,2.37084,17.23,4.5,
"     C/2005 W5 (SOHO)",53703.91,0.0494,1.0,26.91,22.26,81.77,20051129.9100000,SAO_2008,,,,,,,,,,,,
"     C/2005 W6 (SOHO)",53693.10,0.0078,1.0,130.87,45.72,315.75,20051119.1000000,SAO_2008,,,,,,,,,,,,
"     C/2005 W7 (SOHO)",53694.66,0.0052,1.0,143.78,82.14,3.21,20051120.6600000,SAO_2008,,,,,,,,,,,,
"     C/2005 W8 (SOHO)",53694.65,0.0049,1.0,143.26,84.44,7.07,20051120.6500000,SAO_2008,,,,,,,,,,,,
"     C/2005 W9 (SOHO)",53693.67,0.0370,1.0,72.63,60.46,73.13,20051119.6700000,SAO_2008,,,,,,,,,,,,
"     C/2005 W10 (SOHO)",53694.21,0.0050,1.0,145.65,84.65,5.51,20051120.2100000,SAO_2008,,,,,,,,,,,,
"     C/2005 W11 (SOHO)",53694.18,0.0396,1.0,76.08,62.84,72.71,20051120.1800000,SAO_2008,,,,,,,,,,,,
"     C/2005 W12 (SOHO)",53694.71,0.0051,1.0,143.34,82.93,6.21,20051120.7100000,SAO_2008,,,,,,,,,,,,
"     C/2005 W13 (SOHO)",53696.5,0.0049,1.0,144.16,88.26,11.12,20051122.5000000,SAO_2008,,,,,,,,,,,,
"     C/2005 W14 (SOHO)",53698.19,0.0049,1.0,143.15,83.41,6.22,20051124.1900000,SAO_2008,,,,,,,,,,,,
"     C/2005 W15 (SOHO)",53699.68,0.0066,1.0,134.01,58.81,334.45,20051125.6800000,SAO_2008,,,,,,,,,,,,
"     C/2005 W16 (SOHO)",53703.17,0.0044,1.0,143.71,84.98,7.20,20051129.1700000,SAO_2008,,,,,,,,,,,,
"     C/2005 W17 (SOHO)",53704.12,0.0050,1.0,141.91,94.37,19.02,20051130.1200000,SAO_2008,,,,,,,,,,,,
"     C/2005 X1 (Beshore)",53741,2.862145123807848,.9957305181033252,91.94144694527718,117.7846607011546,302.7978298756789,20050705.7586820,"JPL 13",,14.0,,,,,,17357.329730989,2.29322,369860.,4.5,
"     C/2005 X2 (SOHO)",53707.86,0.0051,1.0,143.32,92.24,14.98,20051203.8600000,SAO_2008,,,,,,,,,,,,
"     C/2005 X3 (SOHO)",53709,0.0050,1.0,142.42,91.98,14.92,20051205.0000000,SAO_2008,,,,,,,,,,,,
"     C/2005 X4 (SOHO)",53710.98,0.0051,1.0,136.44,100.07,27.46,20051206.9800000,SAO_2008,,,,,,,,,,,,
"     C/2005 X5 (SOHO)",53713.42,0.0044,1.0,144.07,79.56,359.85,20051209.4200000,SAO_2008,,,,,,,,,,,,
"     C/2005 X6 (SOHO)",53712.73,0.0050,1.0,144.32,51.08,326.76,20051208.7300000,SAO_2008,,,,,,,,,,,,
"     C/2005 X7 (SOHO)",53713.57,0.0072,1.0,141.12,92.18,16.19,20051209.5700000,SAO_2008,,,,,,,,,,,,
"     C/2005 X8 (SOHO)",53716.33,0.0049,1.0,141.71,90.68,13.45,20051212.3300000,SAO_2008,,,,,,,,,,,,
"     C/2005 X9 (SOHO)",53717.28,0.0049,1.0,144.99,66.07,344.26,20051213.2800000,SAO_2008,,,,,,,,,,,,
"     C/2005 YW (LINEAR)",54065,1.9930109110576,.9895334175422527,40.54360537300617,234.6340299647724,302.2144248308001,20061207.8492054,"JPL 24",,8.6,13.2,,,,,2627.63699571273,1.19324,834.78,11.5,5.
"     C/2005 Y1 (SOHO)",53723.17,0.0983,1.0,173.01,64.63,252.00,20051219.1700000,SAO_2008,,,,,,,,,,,,
"     C/2005 Y3 (SOHO)",53724.74,0.0048,1.0,145.83,79.55,0.61,20051220.7400000,SAO_2008,,,,,,,,,,,,
"     C/2005 Y4 (SOHO)",53725.33,0.0050,1.0,145.19,83.48,5.31,20051221.3300000,SAO_2008,,,,,,,,,,,,
"     C/2005 Y5 (SOHO)",53726.72,0.0049,1.0,145.60,69.13,349.40,20051222.7200000,SAO_2008,,,,,,,,,,,,
"     C/2005 Y6 (SOHO)",53726.78,0.0070,1.0,142.57,42.08,322.90,20051222.7800000,SAO_2008,,,,,,,,,,,,
"     C/2005 Y7 (SOHO)",53729.41,0.0080,1.0,138.58,54.80,330.50,20051225.4100000,SAO_2008,,,,,,,,,,,,
"     C/2005 Y8 (SOHO)",53729.13,0.0338,1.0,73.75,57.20,74.29,20051225.1300000,SAO_2008,,,,,,,,,,,,
"     C/2005 Y9 (SOHO)",53731.75,0.0043,1.0,144.25,78.82,358.88,20051227.7500000,SAO_2008,,,,,,,,,,,,
"     C/2005 Y10 (SOHO)",53731.58,0.0051,1.0,146.58,64.57,344.36,20051227.5800000,SAO_2008,,,,,,,,,,,,
"     C/2006 A1 (Pojmanski)",53818,.5553957135679075,.9997662557603255,92.73612157543965,351.1877892405817,211.3432329901491,20060222.1815149,"JPL 42",,10.5,14.5,,,,,115824.547485634,.445444,480020.,16.5,5.
"     C/2006 A2 (Catalina)",53812,5.315949023009522,.9986223879166145,148.3225793237854,141.01829321,233.2253575623313,20050520.1136645,"JPL 10",,12.6,,,,,,239711.57123726,4.39469,5974200.,4.5,
"     C/2006 A4 (SOHO)",53738.61,0.0053,1.0,145.00,80.83,2.44,20060103.6100000,SAO_2008,,,,,,,,,,,,
"     C/2006 A5 (SOHO)",53740.66,0.0043,1.0,144.04,80.27,0.54,20060105.6600000,SAO_2008,,,,,,,,,,,,
"     C/2006 A6 (SOHO)",53745.88,0.0056,1.0,141.39,97.29,18.64,20060110.8800000,SAO_2008,,,,,,,,,,,,
"     C/2006 A7 (SOHO)",53748.20,0.0049,1.0,144.60,77.01,357.27,20060113.2000000,SAO_2008,,,,,,,,,,,,
"     C/2006 A8 (SOHO)",53745.63,0.0048,1.0,142.09,92.06,16.06,20060110.6300000,SAO_2008,,,,,,,,,,,,
"     C/2006 B1 (McNaught)",53854,2.9975913715432,.9977653624987375,134.2819291281322,302.4917433210779,161.239384196532,20051119.5155216,"JPL 18",,13.3,,,,,,49131.0700706356,2.22729,214660.,4.5,
"     C/2006 B2 (SOHO)",53755.93,0.0051,1.0,145.51,82.01,4.41,20060120.9300000,SAO_2008,,,,,,,,,,,,
"     C/2006 B3 (SOHO)",53757.99,0.0052,1.0,144.43,77.76,358.51,20060122.9900000,SAO_2008,,,,,,,,,,,,
"     C/2006 B4 (SOHO)",53761.59,0.0345,1.0,73.15,56.72,73.89,20060126.5900000,SAO_2008,,,,,,,,,,,,
"     C/2006 B5 (SOHO)",53762.42,0.0050,1.0,142.24,87.38,6.38,20060127.4200000,SAO_2008,,,,,,,,,,,,
"     C/2006 B6 (SOHO)",53766.01,0.0061,1.0,144.50,73.42,354.83,20060131.0100000,SAO_2008,,,,,,,,,,,,
"     C/2006 C1 (SOHO)",53774.84,0.0049,1.0,144.51,84.47,5.53,20060208.8400000,SAO_2008,,,,,,,,,,,,
"     C/2006 C2 (SOHO)",53776.74,0.0061,1.0,144.21,71.13,353.05,20060210.7400000,SAO_2008,,,,,,,,,,,,
"     C/2006 C3 (SOHO)",53777.52,0.0052,1.0,143.92,75.70,355.47,20060211.5200000,SAO_2008,,,,,,,,,,,,
"     C/2006 CK10 (Catalina)",53880,1.752169332975176,.9919003147132097,144.2627616778072,143.456329497889,243.8099666153981,20060703.2794069,"JPL 22",,15.1,,,,,,3181.77963329498,.846054,514.45,4.5,
"     C/2006 D2 (SOHO)",53783.34,0.0050,1.0,139.04,62.02,337.16,20060217.3400000,SAO_2008,,,,,,,,,,,,
"     C/2006 D3 (SOHO)",53786.33,0.0050,1.0,138.84,92.64,3.54,20060220.3300000,SAO_2008,,,,,,,,,,,,
"     C/2006 D4 (SOHO)",53787.70,0.0052,1.0,143.98,79.77,0.22,20060221.7000000,SAO_2008,,,,,,,,,,,,
"     C/2006 D5 (SOHO)",53793.14,0.0049,1.0,144.47,75.42,357.95,20060227.1400000,SAO_2008,,,,,,,,,,,,
"     C/2006 D6 (SOHO)",53795.77,0.0054,1.0,144.32,74.27,357.28,20060301.7700000,SAO_2008,,,,,,,,,,,,
"     C/2006 E1 (McNaught)",54008,6.040608742879369,1.001121788248664,83.19419745950275,232.7669772707775,95.03538903041539,20070106.3781749,"JPL 26",,10.5,,,,,,,5.37231,,4.5,
"     C/2006 E2 (SOHO)",53809.42,0.0482,1.0,24.50,21.86,80.94,20060315.4200000,SAO_2008,,,,,,,,,,,,
"     C/2006 E3 (SOHO)",53807.85,0.0070,1.0,144.19,71.15,357.72,20060313.8500000,SAO_2008,,,,,,,,,,,,
"     C/2006 E4 (SOHO)",53809.39,0.0051,1.0,136.56,98.27,18.49,20060315.3900000,SAO_2008,,,,,,,,,,,,
"     C/2006 F2 (Christensen)",53825,4.296452451529338,.6513702688906917,20.51121650599663,181.011340547039,8.260718696001474,20060330.4266238,"JPL 7",,10.6,13.8,,,,,43.2639916025916,3.29767,4.9604,10.,5.
"     C/2006 F3 (SOHO)",53819.54,0.0510,1.0,23.02,19.10,85.31,20060325.5400000,SAO_2008,,,,,,,,,,,,
"     C/2006 F5 (SOHO)",53815.96,0.0050,1.0,144.57,82.38,4.20,20060321.9600000,SAO_2008,,,,,,,,,,,,
"     C/2006 F6 (SOHO)",53817.04,0.0333,1.0,74.13,56.09,75.03,20060323.0400000,SAO_2008,,,,,,,,,,,,
"     C/2006 F7 (SOHO)",53822.64,0.0050,1.0,145.72,84.83,3.42,20060328.6400000,SAO_2008,,,,,,,,,,,,
"     C/2006 F8 (SOHO)",53825.10,0.0052,1.0,144.58,84.02,5.67,20060331.1000000,SAO_2008,,,,,,,,,,,,
"     C/2006 G2 (SOHO)",53836.64,0.0051,1.0,148.07,77.54,353.13,20060411.6400000,SAO_2008,,,,,,,,,,,,
"     C/2006 GZ2 (Spacewatch)",53836,3.302594374772572,.999934958832512,168.6823207369656,191.4802395584978,355.3206430082699,20060821.9370387,"JPL 6",,12.9,14.9,,,,,11442174.4589578,2.31176,2.8384E12,10.,5.
"     C/2006 G3 (SOHO)",53839.89,0.0049,1.0,144.38,79.07,359.35,20060414.8900000,SAO_2008,,,,,,,,,,,,
"     C/2006 H2 (SOHO)",53842.87,0.0051,1.0,145.50,82.61,0.00,20060417.8700000,SAO_2008,,,,,,,,,,,,
"     C/2006 H3 (SOHO)",53844.71,0.0050,1.0,143.75,78.80,2.74,20060419.7100000,SAO_2008,,,,,,,,,,,,
"     C/2006 H4 (SOHO)",53847.57,0.0048,1.0,143.82,79.49,0.70,20060422.5700000,SAO_2008,,,,,,,,,,,,
"     C/2006 H5 (SOHO)",53849.67,0.0052,1.0,143.01,80.13,3.47,20060424.6700000,SAO_2008,,,,,,,,,,,,
"     C/2006 H6 (SOHO)",53853.97,0.0049,1.0,143.95,81.38,4.09,20060428.9700000,SAO_2008,,,,,,,,,,,,
"     P/2006 HR30 (Siding Spring)",54046,1.226427694458195,.8431185484711656,31.88449910940493,117.4138763909375,309.952159808177,20070102.2821608,"JPL 89",Y,13.9,,,,,70.7,21.8581663726505,.452907,.034844,4.5,
"     C/2006 HW51 (Siding Spring)",53933,2.265606064657629,1.002111545367617,45.80977513928202,359.9676362975974,228.1278185333528,20060929.3305998,"JPL 17",,11.2,14.2,,,,,,1.2566,,10.,5.
"     C/2006 J1 (SOHO)",53858.62,0.0070,1.0,143.58,71.81,348.56,20060503.6200000,SAO_2008,,,,,,,,,,,,
"     C/2006 J2 (SOHO)",53859.79,0.0051,1.0,143.55,79.86,1.27,20060504.7900000,SAO_2008,,,,,,,,,,,,
"     C/2006 J3 (SOHO)",53859.89,0.0049,1.0,144.61,84.54,5.68,20060504.8900000,SAO_2008,,,,,,,,,,,,
"     C/2006 J4 (SOHO)",53864.4,0.0050,1.0,144.47,84.69,5.85,20060509.4000000,SAO_2008,,,,,,,,,,,,
"     C/2006 J5 (SOHO)",53863.17,0.0387,1.0,72.12,59.44,71.46,20060508.1700000,SAO_2008,,,,,,,,,,,,
"     C/2006 J6 (SOHO)",53864.26,0.0051,1.0,143.90,81.44,2.91,20060509.2600000,SAO_2008,,,,,,,,,,,,
"     C/2006 J7 (SOHO)",53865.55,0.0050,1.0,143.39,82.58,5.04,20060510.5500000,SAO_2008,,,,,,,,,,,,
"     C/2006 J8 (SOHO)",53865.54,0.0050,1.0,143.07,80.86,3.86,20060510.5400000,SAO_2008,,,,,,,,,,,,
"     C/2006 J9 (SOHO)",53865.98,0.0055,1.0,143.37,86.59,9.93,20060510.9800000,SAO_2008,,,,,,,,,,,,
"     C/2006 J10 (SOHO)",53866.65,0.0057,1.0,146.41,79.56,356.70,20060511.6500000,SAO_2008,,,,,,,,,,,,
"     C/2006 J11 (SOHO)",53867.13,0.0049,1.0,142.16,83.51,6.41,20060512.1300000,SAO_2008,,,,,,,,,,,,
"     C/2006 J12 (SOHO)",53871.17,0.0087,1.0,141.01,89.45,15.99,20060516.1700000,SAO_2008,,,,,,,,,,,,
"     C/2006 K1 (McNaught)",54365,4.425527794285569,1.001604483086327,53.87673995422328,296.4425209298832,72.11537757099491,20070720.5561829,"JPL 54",,10.6,,,,,,,3.75818,,4.75,
"     C/2006 K3 (McNaught)",54069,2.501449365739798,1.000793928373229,92.61999692441438,328.0778563563791,49.40243900426611,20070313.3708588,"JPL 31",,12.5,,,,,,,1.6208,,4.5,
"     C/2006 K4 (NEAT)",54255,3.188616059584775,.9982494593440076,111.3337537545506,233.6041025320056,116.5969129105997,20071129.3013040,"JPL 50",,11.6,,,,,,77741.5586275938,2.47185,79013.,4.5,
"     C/2006 K5 (SOHO)",53878,0.0512,1.0,117.60,98.18,169.23,20060523.0000000,SAO_2008,,,,,,,,,,,,
"     C/2006 K6 (SOHO)",53872.67,0.0067,1.0,144.88,84.24,4.62,20060517.6700000,SAO_2008,,,,,,,,,,,,
"     C/2006 K7 (SOHO)",53873.76,0.0066,1.0,141.16,87.53,14.54,20060518.7600000,SAO_2008,,,,,,,,,,,,
"     C/2006 K8 (SOHO)",53874.34,0.0049,1.0,143.53,90.49,13.50,20060519.3400000,SAO_2008,,,,,,,,,,,,
"     C/2006 K9 (SOHO)",53875.44,0.0083,1.0,141.26,88.13,14.16,20060520.4400000,SAO_2008,,,,,,,,,,,,
"     C/2006 K10 (SOHO)",53875.98,0.0049,1.0,143.55,83.31,4.77,20060520.9800000,SAO_2008,,,,,,,,,,,,
"     C/2006 K11 (SOHO)",53878.60,0.0058,1.0,142.79,84.45,7.62,20060523.6000000,SAO_2008,,,,,,,,,,,,
"     C/2006 K12 (SOHO)",53878.15,0.0054,1.0,143.13,75.62,0.13,20060523.1500000,SAO_2008,,,,,,,,,,,,
"     C/2006 K13 (SOHO)",53879.84,0.0052,1.0,143.29,81.64,5.31,20060524.8400000,SAO_2008,,,,,,,,,,,,
"     C/2006 K14 (SOHO)",53879.84,0.0052,1.0,142.57,81.97,6.05,20060524.8400000,SAO_2008,,,,,,,,,,,,
"     C/2006 K15 (SOHO)",53880.48,0.0064,1.0,140.72,90.56,17.35,20060525.4800000,SAO_2008,,,,,,,,,,,,
"     C/2006 K16 (SOHO)",53881.34,0.0050,1.0,142.46,85.68,9.02,20060526.3400000,SAO_2008,,,,,,,,,,,,
"     C/2006 K17 (SOHO)",53881.39,0.0051,1.0,141.34,91.59,15.29,20060526.3900000,SAO_2008,,,,,,,,,,,,
"     C/2006 K18 (SOHO)",53881.92,0.0071,1.0,143.81,86.78,8.77,20060526.9200000,SAO_2008,,,,,,,,,,,,
"     C/2006 K19 (SOHO)",53884.74,0.0053,1.0,142.77,84.54,6.41,20060529.7400000,SAO_2008,,,,,,,,,,,,
"     C/2006 K20 (SOHO)",53884.84,0.0053,1.0,141.71,86.75,11.50,20060529.8400000,SAO_2008,,,,,,,,,,,,
"     C/2006 K21 (SOHO)",53886.39,0.0049,1.0,144.63,83.94,4.79,20060531.3900000,SAO_2008,,,,,,,,,,,,
"     C/2006 L1 (Garradd)",54082,1.462070013572221,.9973438808457695,143.2425862707112,338.4097803082028,101.7601692795242,20061018.0026281,"JPL 28",,8.7,14.1,,,,,12914.8428723483,.509,17907.,21.75,5.
"     C/2006 L2 (McNaught)",54007,1.99394705071483,1.001016936901437,101.0222958558534,48.03491279620593,239.2459815243976,20061120.1994102,"JPL 31",,10.4,,,,,,,1.21272,,7.25,
"     C/2006 L3 (SOHO)",53888.34,0.0049,1.0,140.31,90.98,15.42,20060602.3400000,SAO_2008,,,,,,,,,,,,
"     C/2006 L4 (SOHO)",53891.02,0.0050,1.0,146.71,66.63,345.24,20060605.0200000,SAO_2008,,,,,,,,,,,,
"     C/2006 L5 (SOHO)",53894.46,0.0062,1.0,143.97,56.57,333.20,20060608.4600000,SAO_2008,,,,,,,,,,,,
"     C/2006 L6 (SOHO)",53895.32,0.0050,1.0,138.43,96.20,22.17,20060609.3200000,SAO_2008,,,,,,,,,,,,
"     C/2006 L7 (SOHO)",53896.79,0.0050,1.0,126.64,87.94,17.51,20060610.7900000,SAO_2008,,,,,,,,,,,,
"     C/2006 L8 (SOHO)",53900.98,0.0049,1.0,140.61,44.99,317.61,20060614.9800000,SAO_2008,,,,,,,,,,,,
"     C/2006 M1 (LINEAR)",54093,3.556199199325021,.9768559259535864,54.87691695875224,122.8942003447643,231.6150749155469,20070213.9223645,"JPL 42",,9.4,12.2,,,,,1904.704495676,2.83613,289.47,9.25,5.
"     C/2006 M2 (Spacewatch)",53907,5.313060522296503,1.002406033018594,150.1526512340682,120.4968619226624,27.28442987059807,20051231.6877947,"JPL 4",,,14.1,,,,,,4.41312,,,5.
"     C/2006 M4 (SWAN)",54049,.7830082351241019,1.000185049039808,111.8232624168263,62.59437100123628,148.7268421584153,20060928.7285056,"JPL 35",,11.0,,,,,,,.070475,,7.25,
"     C/2006 M5 (SOHO)",53903.03,0.0049,1.0,130.31,107.15,37.31,20060617.0300000,SAO_2008,,,,,,,,,,,,
"     C/2006 M6 (SOHO)",53905.60,0.0049,1.0,130.40,111.22,41.24,20060619.6000000,SAO_2008,,,,,,,,,,,,
"     C/2006 M7 (SOHO)",53908.88,0.0049,1.0,144.97,76.37,356.10,20060622.8800000,SAO_2008,,,,,,,,,,,,
"     C/2006 M8 (SOHO)",53911.45,0.0079,1.0,145.12,43.46,325.64,20060625.4500000,SAO_2008,,,,,,,,,,,,
"     C/2006 M9 (SOHO)",53913.58,0.0049,1.0,144.81,82.72,3.37,20060627.5800000,SAO_2008,,,,,,,,,,,,
"     C/2006 N1 (SOHO)",53928.41,0.0056,1.0,145.20,65.57,346.60,20060712.4100000,SAO_2008,,,,,,,,,,,,
"     C/2006 N2 (SOHO)",53930.70,0.0073,1.0,144.87,82.70,4.27,20060714.7000000,SAO_2008,,,,,,,,,,,,
"     C/2006 N3 (SOHO)",53931.45,0.0057,1.0,130.11,47.08,318.52,20060715.4500000,SAO_2008,,,,,,,,,,,,
"     C/2006 O2 (Garradd)",53984,1.554794333053799,.9963518248732932,43.02873296281009,19.98438285079392,283.3583103082919,20061005.4066261,"JPL 14",,15.2,,,,,,8798.40823509713,.568282,121260.,5.75,
"     C/2006 OF2 (Broughton)",54663,2.431441573337458,1.000783400503836,30.17043344344036,95.61176503828897,318.5087238611661,20080915.6856643,"JPL 145",,9.6,,,,,,,1.65132,,5.25,
"     C/2006 O3 (SOHO)",53933.79,0.0064,1.0,146.75,69.92,353.43,20060717.7900000,SAO_2008,,,,,,,,,,,,
"     C/2006 O4 (SOHO)",53936.88,0.0057,1.0,138.72,69.09,342.68,20060720.8800000,SAO_2008,,,,,,,,,,,,
"     C/2006 O5 (SOHO)",53938.22,0.0079,1.0,132.33,46.01,319.03,20060722.2200000,SAO_2008,,,,,,,,,,,,
"     C/2006 O6 (SOHO)",53940.72,0.0049,1.0,144.20,75.64,356.06,20060724.7200000,SAO_2008,,,,,,,,,,,,
"     C/2006 O7 (SOHO)",53943.35,0.0055,1.0,144.24,76.52,357.01,20060727.3500000,SAO_2008,,,,,,,,,,,,
"     C/2006 O8 (SOHO)",53943.58,0.0052,1.0,145.19,81.87,3.71,20060727.5800000,SAO_2008,,,,,,,,,,,,
"     C/2006 P1 (McNaught)",54065,.1707364648528884,1.000018815882278,77.83700054890942,155.9749681149126,267.4148026435385,20070112.7988436,"JPL 27",,5.4,12.9,,,,,,.409406,,20.75,5.
"     C/2006 P2 (SOHO)",53949.31,0.0051,1.0,144.30,77.59,358.59,20060802.3100000,SAO_2008,,,,,,,,,,,,
"     C/2006 P3 (SOHO)",53950.16,0.0050,1.0,144.02,76.39,357.50,20060803.1600000,SAO_2008,,,,,,,,,,,,
"     C/2006 P4 (SOHO)",53950.84,0.0050,1.0,144.56,84.22,5.33,20060803.8400000,SAO_2008,,,,,,,,,,,,
"     C/2006 P5 (SOHO)",53950.79,0.0050,1.0,136.10,92.44,17.11,20060803.7900000,SAO_2008,,,,,,,,,,,,
"     C/2006 P6 (SOHO)",53951.10,0.0072,1.0,144.00,71.10,355.03,20060804.1000000,SAO_2008,,,,,,,,,,,,
"     C/2006 P7 (SOHO)",53951.87,0.0051,1.0,144.42,74.71,355.69,20060804.8700000,SAO_2008,,,,,,,,,,,,
"     C/2006 Q1 (McNaught)",54879,2.763712902072348,.999600415926408,59.0503628644058,344.3818525600599,199.5470735597664,20080703.8564240,"JPL 158",,9.3,,,,,,575221.799284949,1.78625,679840.,4.75,
"     C/2006 R3 (SOHO)",53980.73,0.0337,1.0,75.14,57.86,66.29,20060902.7300000,SAO_2008,,,,,,,,,,,,
"     C/2006 R4 (SOHO)",53990.81,0.0050,1.0,144.19,85.83,6.47,20060912.8100000,SAO_2008,,,,,,,,,,,,
"     C/2006 S2 (LINEAR)",54096,3.161510415962655,1.001959515429936,98.95913417565889,166.3409932906646,113.8872138565026,20070507.3517517,"JPL 18",,13.8,,,,,,,2.16635,,4.5,
"     C/2006 S3 (LONEOS)",56033,5.131152054272882,1.003508258919365,166.0326905964021,140.1304843200875,38.37081866690004,20120416.3334122,"JPL 271",,6.3,,,,,,,4.13073,,7.,
"     C/2006 S5 (Hill)",54414,2.630433948586731,.9730014136345658,10.13137943601032,182.1092576585182,281.563424980918,20071209.7511382,"JPL 58",,12.5,,,,,,961.695902714578,1.64682,52.756,4.5,
"     C/2006 S7 (SOHO)",53997,0.0051,1.0,143.39,83.37,2.32,20060919.0000000,SAO_2008,,,,,,,,,,,,
"     C/2006 S8 (SOHO)",53997.44,0.0093,1.0,138.78,58.93,339.97,20060919.4400000,SAO_2008,,,,,,,,,,,,
"     C/2006 S9 (SOHO)",53997.13,0.0050,1.0,142.99,87.80,357.56,20060919.1300000,SAO_2008,,,,,,,,,,,,
"     C/2006 S10 (SOHO)",53997.57,0.0049,1.0,143.80,79.27,0.41,20060919.5700000,SAO_2008,,,,,,,,,,,,
"     C/2006 S11 (SOHO)",53997.59,0.0051,1.0,143.98,78.64,1.57,20060919.5900000,SAO_2008,,,,,,,,,,,,
"     C/2006 S12 (SOHO)",54005.87,0.0052,1.0,144.20,79.44,0.27,20060927.8700000,SAO_2008,,,,,,,,,,,,
"     C/2006 S13 (SOHO)",54008.98,0.0050,1.0,143.87,74.59,358.75,20060930.9800000,SAO_2008,,,,,,,,,,,,
"     C/2006 T2 (SOHO)",54011.02,0.0051,1.0,143.90,76.86,359.26,20061003.0200000,SAO_2008,,,,,,,,,,,,
"     C/2006 T3 (SOHO)",54011.86,0.0051,1.0,144.33,76.62,358.17,20061003.8600000,SAO_2008,,,,,,,,,,,,
"     C/2006 T4 (SOHO)",54011.9,0.0051,1.0,144.52,77.65,357.64,20061003.9000000,SAO_2008,,,,,,,,,,,,
"     C/2006 T5 (SOHO)",54014.60,0.0049,1.0,142.88,86.77,5.66,20061006.6000000,SAO_2008,,,,,,,,,,,,
"     C/2006 T6 (SOHO)",54018.33,0.0353,1.0,67.07,66.16,100.84,20061010.3300000,SAO_2008,,,,,,,,,,,,
"     C/2006 T7 (SOHO)",54018.70,0.0051,1.0,143.70,87.14,10.75,20061010.7000000,SAO_2008,,,,,,,,,,,,
"     C/2006 T8 (SOHO)",54024.03,0.0052,1.0,144.58,76.34,357.19,20061016.0300000,SAO_2008,,,,,,,,,,,,
"     C/2006 T9 (SOHO)",54024.27,0.0050,1.0,145.44,92.66,5.39,20061016.2700000,SAO_2008,,,,,,,,,,,,
"     C/2006 T10 (SOHO)",54020.89,0.0051,1.0,148.31,79.60,353.81,20061012.8900000,SAO_2008,,,,,,,,,,,,
"     C/2006 U6 (Spacewatch)",54559,2.498397167927447,.9987062086100742,84.87894444707582,276.5969796855553,180.1863167681813,20080605.4759113,"JPL 65",,10.9,,,,,,84860.1970175372,2.20874,69932.,5.75,
"     C/2006 U7 (Gibbs)",54053,4.425542383021317,.6306707163565877,7.23008015915905,12.89886523145009,57.761042268857,20070328.0546729,"JPL 12",,11.6,14.7,,,,,41.4798658548863,3.44003,17.491,10.,5.
"     C/2006 U8 (SOHO)",54025.09,0.0050,1.0,137.33,53.25,319.52,20061017.0900000,SAO_2008,,,,,,,,,,,,
"     C/2006 U9 (SOHO)",54028.51,0.0048,1.0,145.39,82.84,3.09,20061020.5100000,SAO_2008,,,,,,,,,,,,
"     C/2006 U10 (SOHO)",54028.22,0.0346,1.0,71.68,55.57,74.91,20061020.2200000,SAO_2008,,,,,,,,,,,,
"     C/2006 U11 (SOHO)",54033.08,0.0053,1.0,144.43,87.04,10.23,20061025.0800000,SAO_2008,,,,,,,,,,,,
"     C/2006 U12 (SOHO)",54032.76,0.0051,1.0,144.51,81.79,1.57,20061024.7600000,SAO_2008,,,,,,,,,,,,
"     C/2006 U13 (SOHO)",54033.75,0.0051,1.0,146.57,81.23,356.90,20061025.7500000,SAO_2008,,,,,,,,,,,,
"     C/2006 U14 (SOHO)",54036.72,0.0048,1.0,144.88,82.81,4.96,20061028.7200000,SAO_2008,,,,,,,,,,,,
"     C/2006 U15 (SOHO)",54036.65,0.0051,1.0,144.37,77.01,358.99,20061028.6500000,SAO_2008,,,,,,,,,,,,
"     C/2006 U16 (SOHO)",54039,0.0051,1.0,144.00,93.66,8.59,20061031.0000000,SAO_2008,,,,,,,,,,,,
"     C/2006 V1 (Catalina)",54217,2.674903170814772,.9896164788907722,31.11947447988198,253.4035499081907,335.7242301184163,20071126.5242071,"JPL 44",,9.3,11.9,,,,,4134.78874447807,1.86008,1667.6,9.5,5.
"     C/2006 V2 (SOHO)",54042.78,0.0050,1.0,144.58,84.76,5.89,20061103.7800000,SAO_2008,,,,,,,,,,,,
"     C/2006 V3 (SOHO)",54042.38,0.0051,1.0,143.44,85.84,7.96,20061103.3800000,SAO_2008,,,,,,,,,,,,
"     C/2006 V4 (SOHO)",54043.71,0.0051,1.0,142.54,81.88,4.03,20061104.7100000,SAO_2008,,,,,,,,,,,,
"     C/2006 V5 (SOHO)",54046.74,0.0051,1.0,146.74,76.77,351.91,20061107.7400000,SAO_2008,,,,,,,,,,,,
"     C/2006 V6 (SOHO)",54046.88,0.0052,1.0,145.10,80.60,0.34,20061107.8800000,SAO_2008,,,,,,,,,,,,
"     C/2006 V7 (SOHO)",54047.93,0.0050,1.0,145.17,80.94,0.02,20061108.9300000,SAO_2008,,,,,,,,,,,,
"     C/2006 V8 (SOHO)",54051.26,0.0063,1.0,146.33,79.12,357.76,20061112.2600000,SAO_2008,,,,,,,,,,,,
"     C/2006 V9 (SOHO)",54053.46,0.0052,1.0,144.40,84.93,6.68,20061114.4600000,SAO_2008,,,,,,,,,,,,
"     C/2006 V10 (SOHO)",54053.34,0.0051,1.0,144.18,79.41,359.31,20061114.3400000,SAO_2008,,,,,,,,,,,,
"     C/2006 VZ13 (LINEAR)",54264,1.015252020867551,1.000245861924317,134.7933201543051,174.1153118872615,66.02690429093474,20070810.8916161,"JPL 36",,13.9,,,,,,,.00467188,,4.5,
"     C/2006 W3 (Christensen)",54901,3.126233019657879,.9998244303114467,127.0746942515534,133.5144801700162,113.5705967850911,20090706.6495338,"JPL 174",,8.2,,,,,,2376106.55787774,2.29871,6.001E6,5.5,
"     C/2006 WD4 (Lemmon)",54120,.591244392009421,.998987244642222,152.7046157400259,292.6908965878657,226.7905410531592,20070428.3982255,"JPL 29",,17.2,,,,,,14105.9366741281,.0873403,9369.8,4.5,
"     C/2006 W5 (SOHO)",54059.33,0.0053,1.0,145.02,41.35,311.44,20061120.3300000,SAO_2008,,,,,,,,,,,,
"     C/2006 W6 (SOHO)",54059.39,0.0052,1.0,146.60,51.84,323.33,20061120.3900000,SAO_2008,,,,,,,,,,,,
"     C/2006 W7 (SOHO)",54064.87,0.0055,1.0,140.72,90.07,14.66,20061125.8700000,SAO_2008,,,,,,,,,,,,
"     P/2006 WY182 (Christensen)",54115,2.796403645104988,.558564657632408,26.49173558578973,186.9859464443242,301.0455137332103,20070117.9055993,"JPL 16",,13.7,16.2,,,,,15.9443691330649,1.81345,.35618,10.,5.
"     C/2006 X1 (LINEAR)",54090,6.126053537630059,1.0,42.61779482250989,101.2836642501202,255.2422870023432,20060305.7127491,"JPL 9",,6.9,11.3,,,,,,5.41337,,10.,5.
"     C/2006 XA1 (LINEAR)",54175,1.804375601583269,.9928377408084249,30.62940353111515,187.4180485205175,318.663523774219,20070721.8970069,"JPL 30",,7.4,12.9,,,,,3998.7437209514,.820211,2370.5,17.,5.
"     C/2006 X2 (SOHO)",54078.52,0.0055,1.0,137.00,102.11,28.68,20061209.5200000,SAO_2008,,,,,,,,,,,,
"     C/2006 X3 (SOHO)",54079.03,0.0052,1.0,139.23,99.85,25.84,20061210.0300000,SAO_2008,,,,,,,,,,,,
"     C/2006 X4 (SOHO)",54080.59,0.0047,1.0,143.31,92.11,14.95,20061211.5900000,SAO_2008,,,,,,,,,,,,
"     C/2006 X5 (SOHO)",54079.98,0.0050,1.0,139.89,95.78,20.39,20061210.9800000,SAO_2008,,,,,,,,,,,,
"     C/2006 X6 (SOHO)",54081.07,0.0051,1.0,144.58,78.55,1.53,20061212.0700000,SAO_2008,,,,,,,,,,,,
"     C/2006 X7 (SOHO)",54081.73,0.0044,1.0,143.15,85.18,6.34,20061212.7300000,SAO_2008,,,,,,,,,,,,
"     C/2006 X8 (SOHO)",54081.9,0.0051,1.0,143.38,67.67,346.90,20061212.9000000,SAO_2008,,,,,,,,,,,,
"     C/2006 X9 (SOHO)",54084.5,0.0076,1.0,136.77,58.64,332.65,20061215.5000000,SAO_2008,,,,,,,,,,,,
"     C/2006 X10 (SOHO)",54084.61,0.0348,1.0,72.63,56.92,74.20,20061215.6100000,SAO_2008,,,,,,,,,,,,
"     C/2006 X11 (SOHO)",54084.73,0.0051,1.0,145.24,65.84,344.66,20061215.7300000,SAO_2008,,,,,,,,,,,,
"     C/2006 YC (Catalina-Christensen)",54135,4.948205263739766,1.000157069406929,69.56356434464648,335.5192811007929,154.2873795476916,20060911.7801274,"JPL 17",,7.0,12.8,,,,,,4.02814,,12.75,5.
"     C/2006 Y3 (SOHO)",54087.43,0.0077,1.0,147.08,72.22,353.37,20061218.4300000,SAO_2008,,,,,,,,,,,,
"     C/2006 Y4 (SOHO)",54089.41,0.0050,1.0,144.50,71.50,350.75,20061220.4100000,SAO_2008,,,,,,,,,,,,
"     C/2006 Y5 (SOHO)",54091.11,0.0048,1.0,145.46,82.74,4.13,20061222.1100000,SAO_2008,,,,,,,,,,,,
"     C/2006 Y6 (SOHO)",54091.53,0.0048,1.0,145.67,82.31,3.67,20061222.5300000,SAO_2008,,,,,,,,,,,,
"     C/2006 Y7 (SOHO)",54091.23,0.0051,1.0,144.69,56.71,335.09,20061222.2300000,SAO_2008,,,,,,,,,,,,
"     C/2006 Y8 (SOHO)",54091.24,0.0051,1.0,146.07,66.97,347.22,20061222.2400000,SAO_2008,,,,,,,,,,,,
"     C/2006 Y9 (SOHO)",54091.28,0.0050,1.0,144.83,65.39,344.25,20061222.2800000,SAO_2008,,,,,,,,,,,,
"     C/2006 Y10 (SOHO)",54092.88,0.0053,1.0,144.09,86.02,6.79,20061223.8800000,SAO_2008,,,,,,,,,,,,
"     C/2006 Y11 (SOHO)",54094.33,0.0061,1.0,146.99,61.71,343.29,20061225.3300000,SAO_2008,,,,,,,,,,,,
"     C/2006 Y12 (SOHO)",54097.14,0.0049,1.0,146.32,83.24,4.61,20061228.1400000,SAO_2008,,,,,,,,,,,,
"     C/2006 Y13 (SOHO)",54097.83,0.0050,1.0,144.77,83.60,4.81,20061228.8300000,SAO_2008,,,,,,,,,,,,
"     C/2006 Y14 (SOHO)",54097.82,0.0049,1.0,143.82,86.64,8.37,20061228.8200000,SAO_2008,,,,,,,,,,,,
"     C/2006 Y15 (SOHO)",54098.8,0.0049,1.0,144.29,74.48,354.98,20061229.8000000,SAO_2008,,,,,,,,,,,,
"     C/2006 Y16 (SOHO)",54098.75,0.0049,1.0,145.66,73.96,354.78,20061229.7500000,SAO_2008,,,,,,,,,,,,
"     C/2006 Y17 (SOHO)",54099.26,0.0064,1.0,142.60,91.97,13.47,20061230.2600000,SAO_2008,,,,,,,,,,,,
"     C/2007 A4 (SOHO)",54105.44,0.0049,1.0,144.40,72.84,353.01,20070105.4400000,SAO_2008,,,,,,,,,,,,
"     C/2007 A5 (SOHO)",54109.98,0.0051,1.0,145.38,80.93,2.44,20070109.9800000,SAO_2008,,,,,,,,,,,,
"     C/2007 A6 (SOHO)",54111.24,0.0382,1.0,70.57,57.64,70.67,20070111.2400000,SAO_2008,,,,,,,,,,,,
"     C/2007 A7 (SOHO)",54110.69,0.0191,1.0,144.23,48.06,284.70,20070110.6900000,SAO_2008,,,,,,,,,,,,
"     C/2007 B2 (Skiff)",54533,2.974915592409739,.9959632120957022,27.49529650163132,205.997313610038,14.86889202703974,20080820.8412116,"JPL 83",,9.2,,,,,,20006.276944374,1.99498,6525.2,7.25,
"     C/2007 B4 (SOHO)",54118.82,0.0050,1.0,143.99,73.54,353.31,20070118.8200000,SAO_2008,,,,,,,,,,,,
"     C/2007 B5 (SOHO)",54120.16,0.0051,1.0,145.33,82.53,4.43,20070120.1600000,SAO_2008,,,,,,,,,,,,
"     C/2007 B6 (SOHO)",54132.49,0.0049,1.0,144.46,84.98,6.24,20070201.4900000,SAO_2008,,,,,,,,,,,,
"     P/2007 C2 (Catalina)",54357,3.779481805345609,.4622502879028537,8.674701748388756,179.465757586062,276.1174513193986,20070904.6374154,"JPL 28",,12.7,,,,,,18.6331513200301,2.7953,.19192,5.5,
"     C/2007 C3 (SOHO)",54133.47,0.0049,1.0,144.03,77.76,358.07,20070202.4700000,SAO_2008,,,,,,,,,,,,
"     C/2007 C4 (SOHO)",54134.66,0.0051,1.0,143.82,82.52,6.02,20070203.6600000,SAO_2008,,,,,,,,,,,,
"     C/2007 C5 (SOHO)",54135.23,0.0051,1.0,144.91,69.50,346.22,20070204.2300000,SAO_2008,,,,,,,,,,,,
"     C/2007 C6 (SOHO)",54138.25,0.0080,1.0,138.61,57.91,334.57,20070207.2500000,SAO_2008,,,,,,,,,,,,
"     C/2007 C7 (SOHO)",54133.85,0.0172,1.0,70.99,3.33,309.40,20070202.8500000,SAO_2008,,,,,,,,,,,,
"     C/2007 C8 (SOHO)",54137.45,0.0052,1.0,144.75,73.58,355.56,20070206.4500000,SAO_2008,,,,,,,,,,,,
"     C/2007 C9 (SOHO)",54138.32,0.0050,1.0,142.71,78.57,356.18,20070207.3200000,SAO_2008,,,,,,,,,,,,
"     C/2007 C10 (SOHO)",54138.32,0.0351,1.0,72.77,58.50,73.19,20070207.3200000,SAO_2008,,,,,,,,,,,,
"     C/2007 C11 (SOHO)",54139.81,0.0049,1.0,144.05,80.07,0.21,20070208.8100000,SAO_2008,,,,,,,,,,,,
"     C/2007 C12 (SOHO)",54140.36,0.0408,1.0,122.22,338.86,285.89,20070209.3600000,SAO_2008,,,,,,,,,,,,
"     C/2007 C13 (SOHO)",54147.16,0.0049,1.0,144.81,83.83,5.56,20070216.1600000,SAO_2008,,,,,,,,,,,,
"     C/2007 D1 (LINEAR)",54643,8.7933658462154,.9999486868384484,41.5070126780864,340.1435810791873,171.0848675105216,20070618.8670555,"JPL 69",,8.9,,,,,,70941073.3687541,7.82947,1.4781E10,4.5,
"     C/2007 D2 (Spacewatch)",54156,1.245655690624108,.9776348352351319,178.618010652201,65.12663680012705,297.1257926251728,20061124.3368886,"JPL 9",,18.6,,,,,,415.6684613449,.236865,7635.4,4.5,
"     C/2007 D3 (LINEAR)",54432,5.208969090396245,.9920129254610761,45.92025802896347,309.0941365137065,148.4295275765757,20070527.7016806,"JPL 24",,8.8,12.1,,,,,16655.3692939604,4.40271,30185.,8.5,5.
"     C/2007 D4 (SOHO)",54148.42,0.0048,1.0,144.23,76.68,357.19,20070217.4200000,SAO_2008,,,,,,,,,,,,
"     C/2007 D5 (SOHO)",54150.43,0.0050,1.0,144.24,75.88,355.51,20070219.4300000,SAO_2008,,,,,,,,,,,,
"     C/2007 E1 (Garradd)",54241,1.285862745222523,.9802174151709101,174.3939925291876,7.102012791077837,153.8266389275221,20070523.8305927,"JPL 33",,13.9,,,,,,524.053430222241,.297279,24.517,9.25,
"     C/2007 E2 (Lovejoy)",54235,1.092938235617152,.9991756528860143,95.88290133343503,340.5337773673682,232.4318366430011,20070327.5010642,"JPL 49",,10.3,16.1,,,,,48276.5747478691,.112833,1099900.,17.5,5.
"     C/2007 E4 (SOHO)",54162.48,0.0046,1.0,144.36,77.26,356.73,20070303.4800000,SAO_2008,,,,,,,,,,,,
"     C/2007 E5 (SOHO)",54169.23,0.0048,1.0,145.42,63.86,0.56,20070310.2300000,SAO_2008,,,,,,,,,,,,
"     C/2007 F1 (LONEOS)",54260,.4023748568953251,1.000088147778723,116.0820890155959,153.710777374497,172.8866681506297,20071028.7603118,"JPL 23",,10.8,14.7,,,,,,.570619,,11.,5.
"     C/2007 F2 (SOHO)",54181.38,0.0053,1.0,144.00,79.02,359.24,20070322.3800000,SAO_2008,,,,,,,,,,,,
"     C/2007 F3 (SOHO)",54187.28,0.0082,1.0,138.39,60.61,337.83,20070328.2800000,SAO_2008,,,,,,,,,,,,
"     C/2007 F4 (SOHO)",54187.57,0.0347,1.0,71.41,55.09,76.09,20070328.5700000,SAO_2008,,,,,,,,,,,,
"     C/2007 F5 (SOHO)",54189.48,0.0086,1.0,144.45,77.24,5.76,20070330.4800000,SAO_2008,,,,,,,,,,,,
"     C/2007 G1 (LINEAR)",54476,2.646214378044024,1.001505642827773,88.35839672545637,224.0204574092175,78.9922561627364,20081116.4245628,"JPL 100",,10.8,,,,,,,1.84315,,4.5,
"     C/2007 G2 (SOHO)",54198.38,0.0051,1.0,144.32,83.71,3.25,20070408.3800000,SAO_2008,,,,,,,,,,,,
"     C/2007 H2 (Skiff)",54214,1.410451992233322,.9716786347382529,52.19080812308153,319.3024310223102,203.7718363150624,20070217.0546359,"JPL 10",,18.3,,,,,,351.458772127973,.539705,5643.4,6.25,
"     C/2007 H4 (SOHO)",54209.28,0.0052,1.0,139.51,78.85,8.21,20070419.2800000,SAO_2008,,,,,,,,,,,,
"     C/2007 H5 (SOHO)",54211.11,0.0051,1.0,143.78,80.36,1.05,20070421.1100000,SAO_2008,,,,,,,,,,,,
"     C/2007 H6 (SOHO)",54212.24,0.0052,1.0,144.28,84.75,8.55,20070422.2400000,SAO_2008,,,,,,,,,,,,
"     C/2007 H7 (SOHO)",54213.58,0.0050,1.0,144.54,85.57,1.83,20070423.5800000,SAO_2008,,,,,,,,,,,,
"     C/2007 H8 (SOHO)",54220.33,0.0051,1.0,144.38,76.55,357.26,20070430.3300000,SAO_2008,,,,,,,,,,,,
"     C/2007 H9 (SOHO)",54220.92,0.0050,1.0,143.75,79.42,0.72,20070430.9200000,SAO_2008,,,,,,,,,,,,
"     C/2007 J1 (SOHO)",54222.95,0.0348,1.0,72.59,56.99,73.87,20070502.9500000,SAO_2008,,,,,,,,,,,,
"     C/2007 J2 (SOHO)",54223.5,0.0052,1.0,144.06,79.56,0.42,20070503.5000000,SAO_2008,,,,,,,,,,,,
"     C/2007 J3 (SOHO)",54225.4,0.0052,1.0,144.37,84.69,6.02,20070505.4000000,SAO_2008,,,,,,,,,,,,
"     C/2007 J4 (SOHO)",54225.15,0.0051,1.0,143.87,79.89,0.66,20070505.1500000,SAO_2008,,,,,,,,,,,,
"     C/2007 J5 (SOHO)",54227.92,0.0051,1.0,143.82,77.23,358.87,20070507.9200000,SAO_2008,,,,,,,,,,,,
"     C/2007 J6 (SOHO)",54229.60,0.0066,1.0,145.18,82.60,2.22,20070509.6000000,SAO_2008,,,,,,,,,,,,
"     C/2007 J8 (SOHO)",54233.33,0.0052,1.0,138.32,97.49,20.64,20070513.3300000,SAO_2008,,,,,,,,,,,,
"     C/2007 J9 (SOHO)",54234.64,0.0060,1.0,142.32,83.52,8.79,20070514.6400000,SAO_2008,,,,,,,,,,,,
"     C/2007 J10 (SOHO)",54234.56,0.0052,1.0,144.67,82.86,4.42,20070514.5600000,SAO_2008,,,,,,,,,,,,
"     C/2007 J11 (SOHO)",54236.84,0.0049,1.0,144.38,87.28,9.48,20070516.8400000,SAO_2008,,,,,,,,,,,,
"     C/2007 J12 (SOHO)",54236.91,0.0079,1.0,142.26,90.08,18.31,20070516.9100000,SAO_2008,,,,,,,,,,,,
"     C/2007 JA21 (LINEAR)",54359,5.368565480053716,1.001766659323936,89.84038847398162,93.7218905620818,65.52268502585838,20061114.5614277,"JPL 28",,11.9,,,,,,,5.21092,,4.5,
"     C/2007 K1 (Lemmon)",54311,9.239070069939158,.9788041086149378,108.4325181970134,51.97607452780513,294.6602271226383,20070507.7602253,"JPL 14",,11.1,,,,,,9100.66368840739,8.54519,12803.,4.5,
"     P/2007 K2 (Gibbs)",54247,2.268547431321185,.6839537338627112,7.61972689620524,345.6763327124284,189.853947450227,20070608.4351020,"JPL 7",,14.0,16.8,,,,,19.231094527742,1.2744,22.101,10.,5.
"     C/2007 K3 (Siding Spring)",54505,2.050740116677682,1.001240613870733,16.30056020399352,23.59315298521131,263.2526660125711,20080421.7114627,"JPL 15",,13.3,,,,,,,1.04382,,13.,
"     C/2007 K4 (Gibbs)",54264,3.527847815489595,1.002971423816648,98.62655005934894,162.4138918182288,68.51631188202296,20070503.7172230,"JPL 12",,11.9,14.7,,,,,,2.55041,,10.,5.
"     C/2007 K5 (Lovejoy)",54266,1.149170994217303,.9766934836994186,64.88321475106216,255.5849995505291,193.7387343778322,20070501.9598000,"JPL 10",,12.0,16.8,,,,,346.233544023544,.599921,5766.9,10.,5.
"     C/2007 K6 (McNaught)",54293,3.432981317219916,.9846294383210449,105.0637155284396,337.140499768179,298.07517051,20070701.4770980,"JPL 12",,10.6,13.9,,,,,3337.95713395587,2.4765,31038.,10.,5.
"     C/2007 K7 (SOHO)",54237.31,0.0081,1.0,140.36,82.04,6.91,20070517.3100000,SAO_2008,,,,,,,,,,,,
"     C/2007 K8 (SOHO)",54238,0.0051,1.0,143.86,80.55,1.23,20070518.0000000,SAO_2008,,,,,,,,,,,,
"     C/2007 K9 (SOHO)",54238.02,0.0048,1.0,143.58,76.94,357.17,20070518.0200000,SAO_2008,,,,,,,,,,,,
"     C/2007 K10 (SOHO)",54238.64,0.0055,1.0,143.61,86.43,9.17,20070518.6400000,SAO_2008,,,,,,,,,,,,
"     C/2007 K11 (SOHO)",54238.68,0.0051,1.0,142.27,84.11,6.82,20070518.6800000,SAO_2008,,,,,,,,,,,,
"     C/2007 K12 (SOHO)",54238.61,0.0346,1.0,72.52,56.89,73.94,20070518.6100000,SAO_2008,,,,,,,,,,,,
"     C/2007 K13 (SOHO)",54241.62,0.0049,1.0,143.98,88.29,10.78,20070521.6200000,SAO_2008,,,,,,,,,,,,
"     C/2007 K14 (SOHO)",54241.63,0.0051,1.0,143.91,87.64,10.93,20070521.6300000,SAO_2008,,,,,,,,,,,,
"     C/2007 K15 (SOHO)",54242.75,0.0084,1.0,141.95,89.16,14.31,20070522.7500000,SAO_2008,,,,,,,,,,,,
"     C/2007 K16 (SOHO)",54242.75,0.0059,1.0,143.81,84.51,6.64,20070522.7500000,SAO_2008,,,,,,,,,,,,
"     C/2007 K17 (SOHO)",54245.06,0.0050,1.0,144.05,83.57,5.69,20070525.0600000,SAO_2008,,,,,,,,,,,,
"     C/2007 K18 (SOHO)",54246.8,0.0052,1.0,143.17,87.35,9.71,20070526.8000000,SAO_2008,,,,,,,,,,,,
"     C/2007 K19 (SOHO)",54248.70,0.0085,1.0,125.18,80.93,12.41,20070528.7000000,SAO_2008,,,,,,,,,,,,
"     C/2007 K20 (SOHO)",54251.5,0.0049,1.0,141.43,36.12,307.96,20070531.5000000,SAO_2008,,,,,,,,,,,,
"     C/2007 K21 (SOHO)",54243.83,0.0073,1.0,139.84,87.87,16.27,20070523.8300000,SAO_2008,,,,,,,,,,,,
"     C/2007 L1 (SOHO)",54255.88,0.0049,1.0,140.33,91.71,15.52,20070604.8800000,SAO_2008,,,,,,,,,,,,
"     C/2007 L2 (SOHO)",54257.373,0.00502,1.0,144.627,83.377,4.137,20070606.3730000,SAO_2008,,,,,,,,,,,,
"     C/2007 L3 (SOHO)",54259.227,0.00712,1.0,144.542,83.803,4.824,20070608.2270000,SAO_2008,,,,,,,,,,,,
"     C/2007 L4 (SOHO)",54259.16,0.0048,1.0,141.03,89.08,12.48,20070608.1600000,SAO_2008,,,,,,,,,,,,
"     C/2007 L5 (SOHO)",54260.86,0.0078,1.0,146.66,61.04,340.06,20070609.8600000,SAO_2008,,,,,,,,,,,,
"     C/2007 L6 (SOHO)",54262.17,0.0072,1.0,143.02,88.47,10.65,20070611.1700000,SAO_2008,,,,,,,,,,,,
"     C/2007 L7 (SOHO)",54262.15,0.0057,1.0,144.79,80.55,1.29,20070611.1500000,SAO_2008,,,,,,,,,,,,
"     C/2007 L8 (SOHO)",54262.25,0.0071,1.0,143.53,87.08,8.56,20070611.2500000,SAO_2008,,,,,,,,,,,,
"     C/2007 L9 (SOHO)",54262.57,0.0072,1.0,143.46,86.73,8.62,20070611.5700000,SAO_2008,,,,,,,,,,,,
"     C/2007 L10 (SOHO)",54265.20,0.0050,1.0,143.63,81.49,1.26,20070614.2000000,SAO_2008,,,,,,,,,,,,
"     C/2007 L11 (SOHO)",54266.76,0.0048,1.0,145.30,83.35,4.55,20070615.7600000,SAO_2008,,,,,,,,,,,,
"     C/2007 L12 (SOHO)",54266.33,0.0051,1.0,125.73,106.53,33.95,20070615.3300000,SAO_2008,,,,,,,,,,,,
"     C/2007 L13 (SOHO)",54267.307,0.00712,1.0,144.668,83.457,4.336,20070616.3070000,SAO_2008,,,,,,,,,,,,
"     C/2007 M1 (McNaught)",54738,7.474648055521858,.9952147944421238,139.7214382177829,52.63268538959377,326.8086292891636,20080811.6881204,"JPL 36",,5.9,10.8,,,,,61736.7022824203,6.61255,144230.,9.75,5.
"     C/2007 M2 (Catalina)",54611,3.541045914231915,.9993327041959283,80.94566192569906,220.6689510428519,357.2828495609787,20081208.5650372,"JPL 38",,11.9,,,,,,386569.822756966,2.7344,1850200.,4.5,
"     C/2007 M3 (LINEAR)",54330,3.468759083528654,.9797597060609181,161.7608985027344,125.7394785492207,41.62074932149631,20070904.6268970,"JPL 26",,10.0,12.4,,,,,2243.59356655671,2.49727,560.07,8.75,5.
"     C/2007 M4 (SOHO)",54277.37,0.0072,1.0,144.60,83.44,4.52,20070626.3700000,SAO_2008,,,,,,,,,,,,
"     C/2007 M5 (SOHO)",54276.53,0.0011,1.0,154.15,120.01,14.62,20070625.5300000,SAO_2008,,,,,,,,,,,,
"     C/2007 M6 (SOHO)",54276.97,0.0058,1.0,124.45,115.18,42.43,20070625.9700000,SAO_2008,,,,,,,,,,,,
"     C/2007 M7 (SOHO)",54276.82,0.0054,1.0,144.63,62.91,342.27,20070625.8200000,SAO_2008,,,,,,,,,,,,
"     C/2007 M8 (SOHO)",54276.81,0.0478,1.0,82.04,228.58,288.26,20070625.8100000,SAO_2008,,,,,,,,,,,,
"     C/2007 M9 (SOHO)",54279,0.0049,1.0,145.79,73.34,353.21,20070628.0000000,SAO_2008,,,,,,,,,,,,
"     C/2007 M10 (SOHO)",54281.58,0.0049,1.0,145.31,82.79,3.72,20070630.5800000,SAO_2008,,,,,,,,,,,,
"     C/2007 N3 (Lulin)",54805,1.212258533074899,.9999836220148743,178.3736105242984,136.8621908598421,338.5351631643972,20090110.6398161,"JPL 108",,10.2,,,,,,20137723.2642719,.211003,1.8442E8,6.,
"     C/2007 N4 (SOHO)",54285.72,0.0048,1.0,144.26,74.60,354.50,20070704.7200000,SAO_2008,,,,,,,,,,,,
"     C/2007 N5 (SOHO)",54289.94,0.0050,1.0,143.64,82.35,2.68,20070708.9400000,SAO_2008,,,,,,,,,,,,
"     C/2007 N6 (SOHO)",54293.3,0.0053,1.0,144.43,77.01,357.31,20070712.3000000,SAO_2008,,,,,,,,,,,,
"     C/2007 N7 (SOHO)",54295.54,0.0048,1.0,144.60,86.64,8.43,20070714.5400000,SAO_2008,,,,,,,,,,,,
"     C/2007 N8 (SOHO)",54295.15,0.0049,1.0,143.16,84.64,5.45,20070714.1500000,SAO_2008,,,,,,,,,,,,
"     C/2007 O1 (LINEAR)",54282,2.876714057364892,1.004829076723759,24.38132302890931,159.3985409974448,116.2336258701752,20070603.2857841,"JPL 16",,11.1,13.6,,,,,,1.87428,,10.5,5.
"     C/2007 O3 (SOHO)",54300.14,0.0051,1.0,139.85,102.61,24.28,20070719.1400000,SAO_2008,,,,,,,,,,,,
"     C/2007 O4 (SOHO)",54309.17,0.0048,1.0,144.04,76.80,357.02,20070728.1700000,SAO_2008,,,,,,,,,,,,
"     C/2007 P1 (McNaught)",54322,.5222457576990139,1.000425642155445,119.1816617914002,90.19285134416148,187.0613529615025,20070403.2804237,"JPL 6",,13.6,,,,,,,.0258538,,10.,
"     C/2007 Q1 (Garradd)",54345,2.989255069843284,1.000987618704342,82.00759842657143,282.13314092,5.894731907720129,20061211.2339197,"JPL 10",,6.9,14.9,,,,,,2.62729,,16.5,5.
"     P/2007 Q2 (Gilmore)",54356,1.839016016948962,.671229477753322,10.23843876984043,163.1503071578466,172.2489573604292,20070823.8809774,"JPL 12",,16.7,18.4,,,,,13.2296136841534,.831868,1.3993,10.,5.
"     C/2007 Q3 (Siding Spring)",55064,2.251688840321883,1.000238095566419,65.65049191520966,2.092806987877506,149.4126834444779,20091007.2705995,"JPL 119",,8.9,,,,,,,1.26176,,5.5,
"     C/2007 Q4 (SOHO)",54330.23,0.0049,1.0,144.69,81.40,3.15,20070818.2300000,SAO_2008,,,,,,,,,,,,
"     C/2007 Q5 (SOHO)",54330.18,0.0059,1.0,143.42,90.34,10.25,20070818.1800000,SAO_2008,,,,,,,,,,,,
"     C/2007 Q6 (SOHO)",54330.21,0.0049,1.0,144.34,76.98,358.48,20070818.2100000,SAO_2008,,,,,,,,,,,,
"     C/2007 Q7 (SOHO)",54338.13,0.0052,1.0,144.50,83.89,5.39,20070826.1300000,SAO_2008,,,,,,,,,,,,
"     C/2007 Q8 (SOHO)",54341.48,0.0050,1.0,143.93,80.01,0.80,20070829.4800000,SAO_2008,,,,,,,,,,,,
"     C/2007 Q9 (SOHO)",54341.83,0.0051,1.0,144.40,78.34,359.06,20070829.8300000,SAO_2008,,,,,,,,,,,,
"     P/2007 R4 (Garradd)",54393,1.921358945083809,.6714227440063454,20.22560680874782,282.8691451197767,87.50280821858877,20070927.2837950,"JPL 11",,14.7,17.7,,,,,14.1404983203843,1.03459,.37195,11.,5.
"     C/2007 R6 (SOHO)",54344.36,0.0071,1.0,139.74,81.72,345.79,20070901.3600000,SAO_2008,,,,,,,,,,,,
"     C/2007 R7 (SOHO)",54351.86,0.0074,1.0,132.44,49.04,324.07,20070908.8600000,SAO_2008,,,,,,,,,,,,
"     C/2007 R8 (SOHO)",54353.55,0.0087,1.0,145.01,76.13,2.76,20070910.5500000,SAO_2008,,,,,,,,,,,,
"     C/2007 R9 (SOHO)",54357.05,0.0051,1.0,143.54,82.87,0.47,20070914.0500000,SAO_2008,,,,,,,,,,,,
"     C/2007 R10 (SOHO)",54358.01,0.0370,1.0,75.80,55.74,73.16,20070915.0100000,SAO_2008,,,,,,,,,,,,
"     P/2007 S1 (Zhao)",54372,2.494391132433192,.3433843439604613,5.97303901079358,245.4250199828714,141.6185840570706,20071206.8370721,"JPL 10",,13.5,15.9,,,,,7.40437119645561,1.50561,.8512,10.,5.
"     C/2007 S2 (Lemmon)",54609,5.557929220405052,.5570565858744083,16.86305017076221,210.4704844071931,296.2531536323054,20080914.9094944,"JPL 46",,10.4,,,,,,44.4483195947419,4.58403,.22679,6.25,
"     C/2007 S3 (SOHO)",54359.73,0.0051,1.0,143.99,82.92,357.06,20070916.7300000,SAO_2008,,,,,,,,,,,,
"     C/2007 S4 (SOHO)",54367.31,0.0050,1.0,138.08,57.15,325.85,20070924.3100000,SAO_2008,,,,,,,,,,,,
"     C/2007 S5 (SOHO)",54371.109,0.00492,1.0,144.691,85.903,7.746,20070928.1090000,SAO_2008,,,,,,,,,,,,
"     C/2007 S6 (SOHO)",54371.77,0.0048,1.0,144.82,83.22,4.32,20070928.7700000,SAO_2008,,,,,,,,,,,,
"     C/2007 S7 (SOHO)",54372,0.0050,1.0,143.36,79.38,354.14,20070929.0000000,SAO_2008,,,,,,,,,,,,
"     C/2007 S8 (SOHO)",54372.89,0.0051,1.0,144.78,81.66,3.61,20070929.8900000,SAO_2008,,,,,,,,,,,,
"     C/2007 S9 (SOHO)",54373.10,0.0052,1.0,144.10,76.07,358.39,20070930.1000000,SAO_2008,,,,,,,,,,,,
"     C/2007 S10 (SOHO)",54373.93,0.0049,1.0,144.08,80.06,358.88,20070930.9300000,SAO_2008,,,,,,,,,,,,
"     C/2007 S11 (SOHO)",54371.56,0.0563,1.0,116.94,141.10,178.66,20070928.5600000,SAO_2008,,,,,,,,,,,,
"     C/2007 T1 (McNaught)",54437,.9685029319303839,.9997597349154286,117.6424445495776,233.7551315159975,111.433283685437,20071212.5298862,"JPL 21",,11.1,15.2,,,,,255931.426103541,.172462,2765400.,15.75,5.
"     P/2007 T2 (Kowalski)",54411,.6958173476844763,.7750089844606387,9.8964223084264,358.553635866107,3.997656530187372,20070919.0225758,"JPL 22",Y,18.5,,,,,,5.43880284999769,.156333,1.0742,4.5,
"     C/2007 T5 (Gibbs)",54491,4.049258054536288,.9136273693472521,45.61523467260506,34.41647131572467,109.8430748447948,20080524.2366643,"JPL 34",,12.8,,,,,,321.001575304951,3.14995,24.917,4.5,
"     C/2007 T7 (SOHO)",54378.48,0.0048,1.0,144.14,79.36,358.34,20071005.4800000,SAO_2008,,,,,,,,,,,,
"     C/2007 T8 (SOHO)",54384.20,0.0049,1.0,144.44,77.13,359.12,20071011.2000000,SAO_2008,,,,,,,,,,,,
"     C/2007 T9 (SOHO)",54384.69,0.0049,1.0,144.17,79.49,358.46,20071011.6900000,SAO_2008,,,,,,,,,,,,
"     C/2007 T10 (SOHO)",54384.63,0.0049,1.0,144.09,77.63,358.34,20071011.6300000,SAO_2008,,,,,,,,,,,,
"     C/2007 T11 (SOHO)",54386.79,0.0050,1.0,144.21,81.31,359.32,20071013.7900000,SAO_2008,,,,,,,,,,,,
"     C/2007 T12 (SOHO)",54386.93,0.0050,1.0,145.90,79.58,352.14,20071013.9300000,SAO_2008,,,,,,,,,,,,
"     C/2007 T13 (SOHO)",54388.67,0.0049,1.0,144.34,89.33,9.46,20071015.6700000,SAO_2008,,,,,,,,,,,,
"     C/2007 T14 (SOHO)",54388.81,0.0051,1.0,140.92,44.22,302.47,20071015.8100000,SAO_2008,,,,,,,,,,,,
"     C/2007 U1 (LINEAR)",54713,3.329202420804098,1.001425947415824,157.7866159217199,.9270384072027337,50.04313536198831,20080807.0481513,"JPL 63",,10.3,,,,,,,2.33908,,7.5,
"     C/2007 U3 (SOHO)",54397.99,0.0052,1.0,145.80,82.85,358.97,20071024.9900000,SAO_2008,,,,,,,,,,,,
"     C/2007 U4 (SOHO)",54397.5,0.0051,1.0,145.35,84.47,1.80,20071024.5000000,SAO_2008,,,,,,,,,,,,
"     C/2007 U5 (SOHO)",54397.98,0.0050,1.0,146.63,82.12,356.78,20071024.9800000,SAO_2008,,,,,,,,,,,,
"     C/2007 U6 (SOHO)",54398.09,0.0050,1.0,144.93,85.48,1.28,20071025.0900000,SAO_2008,,,,,,,,,,,,
"     C/2007 U7 (SOHO)",54400.31,0.0325,1.0,73.43,59.55,71.48,20071027.3100000,SAO_2008,,,,,,,,,,,,
"     C/2007 U8 (SOHO)",54401.35,0.0049,1.0,144.89,82.82,3.14,20071028.3500000,SAO_2008,,,,,,,,,,,,
"     C/2007 U9 (SOHO)",54401.69,0.0050,1.0,146.59,82.07,356.28,20071028.6900000,SAO_2008,,,,,,,,,,,,
"     C/2007 U10 (SOHO)",54402.27,0.0050,1.0,144.07,77.89,358.78,20071029.2700000,SAO_2008,,,,,,,,,,,,
"     C/2007 U11 (SOHO)",54402.4,0.0052,1.0,145.74,75.73,354.13,20071029.4000000,SAO_2008,,,,,,,,,,,,
"     C/2007 U12 (SOHO)",54404.05,0.0052,1.0,143.48,81.95,5.11,20071031.0500000,SAO_2008,,,,,,,,,,,,
"     C/2007 U13 (SOHO)",54404.53,0.0050,1.0,143.66,79.51,0.95,20071031.5300000,SAO_2008,,,,,,,,,,,,
"     C/2007 V3 (SOHO)",54405.91,0.0051,1.0,145.17,84.82,4.56,20071101.9100000,SAO_2008,,,,,,,,,,,,
"     C/2007 V4 (SOHO)",54407.815,0.00458,1.0,144.063,78.117,357.856,20071103.8150000,SAO_2008,,,,,,,,,,,,
"     C/2007 V5 (SOHO)",54407.9,0.0050,1.0,143.82,77.95,359.55,20071103.9000000,SAO_2008,,,,,,,,,,,,
"     C/2007 V6 (SOHO)",54409.03,0.0051,1.0,147.63,79.45,352.82,20071105.0300000,SAO_2008,,,,,,,,,,,,
"     C/2007 V7 (SOHO)",54410.01,0.0051,1.0,143.77,80.55,1.81,20071106.0100000,SAO_2008,,,,,,,,,,,,
"     C/2007 V8 (SOHO)",54410.51,0.0049,1.0,147.61,74.84,348.03,20071106.5100000,SAO_2008,,,,,,,,,,,,
"     C/2007 V9 (SOHO)",54411.5,0.0051,1.0,144.36,87.15,9.61,20071107.5000000,SAO_2008,,,,,,,,,,,,
"     C/2007 V10 (SOHO)",54413.49,0.0350,1.0,76.95,59.68,73.51,20071109.4900000,SAO_2008,,,,,,,,,,,,
"     C/2007 V11 (SOHO)",54416.20,0.0048,1.0,144.10,84.35,6.22,20071112.2000000,SAO_2008,,,,,,,,,,,,
"     C/2007 V12 (SOHO)",54415.53,0.0076,1.0,140.62,89.22,18.14,20071111.5300000,SAO_2008,,,,,,,,,,,,
"     C/2007 V13 (SOHO)",54417.8,0.0057,1.0,143.86,77.56,1.12,20071113.8000000,SAO_2008,,,,,,,,,,,,
"     C/2007 V14 (SOHO)",54419.01,0.0057,1.0,141.15,86.39,11.32,20071115.0100000,SAO_2008,,,,,,,,,,,,
"     C/2007 VO53 (Spacewatch)",55070,4.842734567608385,.999604991912809,86.99480599983461,75.0198657740919,59.74441368982531,20100426.4299933,"JPL 80",,7.1,11.1,,,,,1357485.56497579,4.49894,6680300.,10.,5.
"     C/2007 W1 (Boattini)",54612,.8496978678597608,1.000225261434392,9.88966080522319,306.5477234631232,334.529359420988,20080624.8883259,"JPL 63",,12.8,16.9,,,,,,.0178282,,18.5,5.
"     C/2007 W3 (LINEAR)",54524,1.776638458074681,1.000163266058586,78.67355028796534,112.6255885139545,73.06945146596402,20080602.7951242,"JPL 24",,15.3,,,,,,,1.19677,,4.5,
"     C/2007 W4 (SOHO)",54424.10,0.0074,1.0,140.84,94.25,21.88,20071120.1000000,SAO_2008,,,,,,,,,,,,
"     C/2007 W5 (SOHO)",54423.76,0.0052,1.0,147.89,90.59,9.97,20071119.7600000,SAO_2008,,,,,,,,,,,,
"     C/2007 W6 (SOHO)",54427.12,0.0049,1.0,142.69,85.06,8.13,20071123.1200000,SAO_2008,,,,,,,,,,,,
"     C/2007 W7 (SOHO)",54428.31,0.0048,1.0,143.50,81.13,2.24,20071124.3100000,SAO_2008,,,,,,,,,,,,
"     C/2007 W8 (SOHO)",54428.15,0.0080,1.0,134.92,94.96,28.29,20071124.1500000,SAO_2008,,,,,,,,,,,,
"     C/2007 W9 (SOHO)",54427.55,0.0078,1.0,138.46,62.93,339.67,20071123.5500000,SAO_2008,,,,,,,,,,,,
"     C/2007 W10 (SOHO)",54428.54,0.0062,1.0,141.44,88.07,12.23,20071124.5400000,SAO_2008,,,,,,,,,,,,
"     C/2007 W11 (SOHO)",54433.8,0.0068,1.0,146.86,72.78,351.32,20071129.8000000,SAO_2008,,,,,,,,,,,,
"     C/2007 W12 (SOHO)",54435.29,0.0071,1.0,145.02,81.79,2.55,20071201.2900000,SAO_2008,,,,,,,,,,,,
"     C/2007 X1 (SOHO)",54437.20,0.0272,1.0,129.20,74.32,156.13,20071203.2000000,SAO_2008,,,,,,,,,,,,
"     C/2007 X2 (SOHO)",54439.10,0.0077,1.0,146.74,55.72,334.17,20071205.1000000,SAO_2008,,,,,,,,,,,,
"     C/2007 X3 (SOHO)",54439.16,0.0064,1.0,142.81,39.53,315.29,20071205.1600000,SAO_2008,,,,,,,,,,,,
"     C/2007 X4 (SOHO)",54440.58,0.0051,1.0,144.47,84.51,5.63,20071206.5800000,SAO_2008,,,,,,,,,,,,
"     C/2007 X5 (SOHO)",54442.77,0.0050,1.0,143.37,82.97,4.10,20071208.7700000,SAO_2008,,,,,,,,,,,,
"     C/2007 X6 (SOHO)",54444.74,0.0052,1.0,140.08,94.76,18.68,20071210.7400000,SAO_2008,,,,,,,,,,,,
"     C/2007 X7 (SOHO)",54444.55,0.0378,1.0,71.98,57.26,73.58,20071210.5500000,SAO_2008,,,,,,,,,,,,
"     C/2007 X8 (SOHO)",54445.27,0.0053,1.0,142.94,89.01,11.64,20071211.2700000,SAO_2008,,,,,,,,,,,,
"     C/2007 X9 (SOHO)",54446.8,0.0053,1.0,136.35,104.43,31.85,20071212.8000000,SAO_2008,,,,,,,,,,,,
"     C/2007 X10 (SOHO)",54448.45,0.0046,1.0,144.15,76.70,356.33,20071214.4500000,SAO_2008,,,,,,,,,,,,
"     C/2007 X11 (SOHO)",54446.95,0.0051,1.0,143.29,81.51,2.32,20071212.9500000,SAO_2008,,,,,,,,,,,,
"     C/2007 X12 (SOHO)",54448.28,0.0052,1.0,132.77,103.74,32.67,20071214.2800000,SAO_2008,,,,,,,,,,,,
"     C/2007 X13 (SOHO)",54448.42,0.0076,1.0,138.31,27.73,305.98,20071214.4200000,SAO_2008,,,,,,,,,,,,
"     C/2007 X14 (SOHO)",54448.29,0.0345,1.0,72.47,56.25,73.79,20071214.2900000,SAO_2008,,,,,,,,,,,,
"     C/2007 X15 (SOHO)",54449.82,0.0087,1.0,142.34,55.19,333.02,20071215.8200000,SAO_2008,,,,,,,,,,,,
"     C/2007 Y1 (LINEAR)",54494,3.340908507048429,1.000732661818874,110.1786446049486,357.1323663663976,133.09164689,20080319.3536317,"JPL 17",,13.6,,,,,,,2.3562,,4.5,
"     C/2007 Y2 (McNaught)",54535,4.208957709060332,.9965260045907306,98.50319667374737,257.6867314415668,303.4620121274397,20080408.3993832,"JPL 15",,9.2,12.9,,,,,42172.1929641663,3.88386,193300.,10.,5.
"     C/2007 Y3 (SOHO)",54455.47,0.0049,1.0,144.63,71.21,350.64,20071221.4700000,SAO_2008,,,,,,,,,,,,
"     C/2007 Y4 (SOHO)",54456.16,0.0505,1.0,28.59,23.03,82.08,20071222.1600000,SAO_2008,,,,,,,,,,,,
"     C/2007 Y5 (SOHO)",54458.06,0.0099,1.0,144.01,73.01,352.51,20071224.0600000,SAO_2008,,,,,,,,,,,,
"     C/2007 Y6 (SOHO)",54460.65,0.0098,1.0,141.24,28.86,313.80,20071226.6500000,SAO_2008,,,,,,,,,,,,
"     C/2007 Y7 (SOHO)",54461.02,0.0049,1.0,146.64,80.31,359.96,20071227.0200000,SAO_2008,,,,,,,,,,,,
"     C/2007 Y8 (SOHO)",54462.18,0.0344,1.0,72.77,56.95,73.61,20071228.1800000,SAO_2008,,,,,,,,,,,,
"     C/2007 Y9 (SOHO)",54463.41,0.0050,1.0,140.64,96.17,18.61,20071229.4100000,SAO_2008,,,,,,,,,,,,
"     C/2007 Y10 (SOHO)",54464.429,0.00506,1.0,144.288,85.219,6.486,20071230.4290000,SAO_2008,,,,,,,,,,,,
"     C/2008 A1 (McNaught)",54735,1.073074540971431,1.000230471730961,82.54917530843085,348.4732575918569,277.8836993312148,20080929.1244195,"JPL 78",,8.1,12.1,,,,,,.0666484,,10.,5.
"     C/2008 A3 (SOHO)",54480.75,0.0493,1.0,22.28,33.70,70.18,20080115.7500000,SAO_2008,,,,,,,,,,,,
"     C/2008 B1 (SOHO)",54491.83,0.0071,1.0,136.24,57.20,330.27,20080126.8300000,SAO_2008,,,,,,,,,,,,
"     C/2008 B2 (SOHO)",54493.412,0.00472,1.0,144.076,77.796,358.278,20080128.4120000,SAO_2008,,,,,,,,,,,,
"     C/2008 B3 (SOHO)",54494.34,0.0050,1.0,144.10,88.69,13.21,20080129.3400000,SAO_2008,,,,,,,,,,,,
"     C/2008 B4 (SOHO)",54495.60,0.0069,1.0,145.30,69.85,354.15,20080130.6000000,SAO_2008,,,,,,,,,,,,
"     C/2008 C1 (Chen-Gao)",54531,1.262346036927954,1.000000661036232,61.78451974672003,180.9283918212354,307.7823774216627,20080416.8511474,"JPL 21",,13.8,,,,,,,.277513,,5.25,
"     C/2008 C3 (SOHO)",54499.74,0.0346,1.0,158.24,332.74,30.07,20080203.7400000,SAO_2008,,,,,,,,,,,,
"     C/2008 C4 (SOHO)",54500.433,0.00959,1.0,138.695,53.820,335.566,20080204.4330000,SAO_2008,,,,,,,,,,,,
"     C/2008 C5 (SOHO)",54502.51,0.00479,1.0,144.763,81.431,3.373,20080206.5100000,SAO_2008,,,,,,,,,,,,
"     C/2008 C6 (SOHO)",54504.195,0.00665,1.0,145.163,77.356,3.319,20080208.1950000,SAO_2008,,,,,,,,,,,,
"     C/2008 C7 (SOHO)",54505.9,0.00425,1.0,143.410,82.576,0.847,20080209.9000000,SAO_2008,,,,,,,,,,,,
"     C/2008 C8 (SOHO)",54512.09,0.0083,1.0,138.74,56.72,334.80,20080216.0900000,SAO_2008,,,,,,,,,,,,
"     C/2008 C9 (SOHO)",54511.27,0.0627,1.0,74.32,38.03,335.76,20080215.2700000,SAO_2008,,,,,,,,,,,,
"     C/2008 D1 (STEREO)",54513.76,0.0052,1.0,140.28,99.09,15.82,20080217.7600000,SAO_2008,,,,,,,,,,,,
"     C/2008 D2 (STEREO)",54516.51,0.0051,1.0,143.49,90.43,11.17,20080220.5100000,SAO_2008,,,,,,,,,,,,
"     C/2008 D3 (STEREO)",54518.398,0.00528,1.0,143.994,78.905,358.785,20080222.3980000,SAO_2008,,,,,,,,,,,,
"     C/2008 D4 (STEREO)",54517.79,0.0049,1.0,145.98,77.24,15.67,20080221.7900000,SAO_2008,,,,,,,,,,,,
"     C/2008 D5 (SOHO)",54515.59,0.0049,1.0,142.25,70.33,345.67,20080219.5900000,SAO_2008,,,,,,,,,,,,
"     C/2008 D6 (SOHO)",54515.29,0.0338,1.0,70.85,55.43,72.50,20080219.2900000,SAO_2008,,,,,,,,,,,,
"     C/2008 D7 (SOHO)",54522.274,0.00592,1.0,144.181,88.122,6.401,20080226.2740000,SAO_2008,,,,,,,,,,,,
"     C/2008 D8 (SOHO)",54521.08,0.0054,1.0,144.27,90.06,6.20,20080225.0800000,SAO_2008,,,,,,,,,,,,
"     C/2008 D9 (SOHO)",54526.114,0.00437,1.0,143.754,80.234,359.835,20080301.1140000,SAO_2008,,,,,,,,,,,,
"     C/2008 E1 (Catalina)",54811,4.828909519996117,.5481486227040668,35.03767560658133,269.9888305320948,189.0225130395271,20080811.8443035,"JPL 33",,11.6,,,,,,34.937223545474,4.06329,.62174,4.5,
"     C/2008 E3 (Garradd)",54687,5.531014597991622,.9984900301569493,105.0765011711973,218.0945336585656,105.6749105749288,20080802.2241600,"JPL 20",,6.6,11.3,,,,,221698.624586733,4.69028,2737400.,10.,5.
"     C/2008 E4 (SOHO)",54528.01,0.0499,1.0,13.13,50.61,51.85,20080303.0100000,SAO_2008,,,,,,,,,,,,
"     C/2008 E5 (STEREO)",54531.81,0.0051,1.0,144.84,89.02,7.48,20080306.8100000,SAO_2008,,,,,,,,,,,,
"     C/2008 E6 (STEREO)",54541.22,0.0051,1.0,143.75,74.07,356.83,20080316.2200000,SAO_2008,,,,,,,,,,,,
"     C/2008 E7 (SOHO)",54530.73,0.0548,1.0,143.28,125.74,12.08,20080305.7300000,SAO_2008,,,,,,,,,,,,
"     C/2008 E8 (SOHO)",54532.767,0.00648,1.0,143.997,72.788,357.475,20080307.7670000,SAO_2008,,,,,,,,,,,,
"     C/2008 E9 (SOHO)",54537.617,0.00629,1.0,143.941,76.413,359.101,20080312.6170000,SAO_2008,,,,,,,,,,,,
"     C/2008 F1 (SOHO)",54545.01,0.0318,1.0,66.71,46.12,94.56,20080320.0100000,SAO_2008,,,,,,,,,,,,
"     C/2008 FK75 (Lemmon-Siding Spring)",55398,4.510895282168263,1.002702876054051,61.1755124687419,80.41504370520363,218.2662310267013,20100929.2113167,"JPL 168",,9.7,,,,,,,4.05614,,5.25,
"     C/2008 G1 (Gibbs)",54594,3.989818334112558,.9890722671970504,72.85609527111886,63.70400754173333,215.9164284785044,20090111.9911900,"JPL 16",,13.4,,,,,,6976.5832938419,3.41987,14510.,4.5,
"     C/2008 G3 (SOHO)",54558.31,0.0050,1.0,144.49,74.07,355.34,20080402.3100000,SAO_2008,,,,,,,,,,,,
"     C/2008 G4 (SOHO)",54565.85,0.0049,1.0,143.66,78.00,359.06,20080409.8500000,SAO_2008,,,,,,,,,,,,
"     C/2008 G5 (SOHO)",54566.37,0.0048,1.0,143.60,77.10,358.49,20080410.3700000,SAO_2008,,,,,,,,,,,,
"     C/2008 G6 (SOHO)",54569.54,0.0483,1.0,14.35,57.03,49.13,20080413.5400000,SAO_2008,,,,,,,,,,,,
"     C/2008 H1 (LINEAR)",54602,2.760293855655868,.9465878561846729,75.49217504632907,96.04351097657729,34.63042966237166,20080316.4237788,"JPL 16",,13.3,,,,,,371.519116916871,2.4533,416.32,4.5,
"     C/2008 H2 (SOHO)",54573.01,0.0054,1.0,145.29,84.66,0.99,20080417.0100000,SAO_2008,,,,,,,,,,,,
"     C/2008 H3 (SOHO)",54573.27,0.0044,1.0,144.76,82.60,2.69,20080417.2700000,SAO_2008,,,,,,,,,,,,
"     C/2008 H4 (SOHO)",54574.52,0.0373,1.0,73.46,58.57,72.35,20080418.5200000,SAO_2008,,,,,,,,,,,,
"     C/2008 H5 (SOHO)",54582.13,0.0048,1.0,144.96,83.52,3.01,20080426.1300000,SAO_2008,,,,,,,,,,,,
"     C/2008 H6 (SOHO)",54583.63,0.0086,1.0,142.03,79.66,9.59,20080427.6300000,SAO_2008,,,,,,,,,,,,
"     C/2008 H7 (SOHO)",54586.3,0.0082,1.0,142.60,82.98,10.46,20080430.3000000,SAO_2008,,,,,,,,,,,,
"     C/2008 H8 (SOHO)",54587.26,0.0051,1.0,144.78,78.84,358.71,20080501.2600000,SAO_2008,,,,,,,,,,,,
"     C/2008 H9 (SOHO)",54578.09,0.0050,1.0,145.95,78.83,356.87,20080422.0900000,SAO_2008,,,,,,,,,,,,
"     C/2008 J1 (Boattini)",54681,1.724293691677143,.9896163514106258,61.78002137334015,68.12271159860036,273.4196981140539,20080713.2616351,"JPL 49",,8.7,13.7,,,,,2139.93256731931,1.10982,267.61,17.25,5.
"     C/2008 J4 (McNaught)",54603,.4492653739957159,1.007714282012768,87.47745008862317,93.05580369126282,289.3723259881712,20080619.3952155,"JPL 11",,16.5,18.2,,,,,,.043474,,12.75,5.
"     C/2008 J5 (Garradd)",54642,1.963841989419036,.9728894816242358,93.27072433423525,313.3764021957749,287.0756956902415,20080401.0743322,"JPL 14",,10.6,15.9,,,,,616.540033942967,1.16512,1133.9,17.,5.
"     C/2008 J6 (Hill)",54654,2.003508779970767,1.002137789357535,44.98836973155564,10.70006677469248,298.1793138376611,20080410.9364226,"JPL 28",,13.4,,,,,,,.996589,,4.5,
"     C/2008 J7 (SOHO)",54588.08,0.0085,1.0,145.05,71.48,347.71,20080502.0800000,SAO_2008,,,,,,,,,,,,
"     C/2008 J8 (SOHO)",54591.51,0.0072,1.0,144.52,83.91,4.75,20080505.5100000,SAO_2008,,,,,,,,,,,,
"     C/2008 J9 (SOHO)",54591.72,0.0051,1.0,143.21,79.14,1.11,20080505.7200000,SAO_2008,,,,,,,,,,,,
"     C/2008 J10 (SOHO)",54593.24,0.0369,1.0,72.18,56.96,73.31,20080507.2400000,SAO_2008,,,,,,,,,,,,
"     C/2008 J11 (SOHO)",54594.02,0.0052,1.0,144.89,84.81,6.86,20080508.0200000,SAO_2008,,,,,,,,,,,,
"     C/2008 J12 (SOHO)",54594.29,0.0379,1.0,70.94,57.28,71.57,20080508.2900000,SAO_2008,,,,,,,,,,,,
"     C/2008 J13 (SOHO)",54598.5,0.0089,1.0,138.55,86.38,20.06,20080512.5000000,SAO_2008,,,,,,,,,,,,
"     C/2008 J14 (SOHO)",54600.4,0.0045,1.0,144.10,77.57,356.81,20080514.4000000,SAO_2008,,,,,,,,,,,,
"     C/2008 J15 (SOHO)",54599.49,0.0048,1.0,144.85,83.62,3.15,20080513.4900000,SAO_2008,,,,,,,,,,,,
"     C/2008 J16 (SOHO)",54600.77,0.0051,1.0,145.09,73.47,352.07,20080514.7700000,SAO_2008,,,,,,,,,,,,
"     P/2008 L2 (Hill)",54737,2.317378475198066,.61381543258988,25.86061975276279,141.316742506684,217.9840172096063,20080818.6010070,"JPL 37",,10.2,14.4,,,,,14.6997951752459,1.36855,.090909,15.5,5.
"     C/2008 L3 (Hill)",54643,2.011242874571091,.9937608966481061,100.2007958501394,101.814451545153,24.18545594116417,20080422.4138973,"JPL 10",,10.5,17.0,,,,,5787.90921161986,1.59915,327200.,21.5,5.
"     C/2008 N1 (Holmes)",55004,2.783511256988053,.9971396595750255,115.5210169730039,100.8134516262583,357.4722109541516,20090925.8792375,"JPL 85",,12.8,,,,,,30357.8554881773,2.35094,13409.,4.5,
"     P/2008 O3 (Boattini)",54706,2.497269353879052,.694955986292463,32.26987159164735,340.9835932297993,47.57266572908574,20080603.0832446,"JPL 10",,5.5,16.0,,,,,23.4240789780935,1.52095,9.8476,28.5,5.
"     C/2008 P1 (Garradd)",55068,3.896110850956011,1.001678589979327,64.31031500881387,11.86546407953448,357.6769940981983,20090722.9527365,"JPL 72",,11.1,,,,,,,2.9079,,4.5,
"     C/2008 Q1 (Maticic)",54840,2.959143532739588,.9950168505515636,118.6266245069558,104.4808505383467,9.307701711420462,20081230.1336056,"JPL 49",,12.8,,,,,,14471.0945322866,2.46043,5713.7,4.5,
"     C/2008 Q3 (Garradd)",55070,1.798228978746974,.9997978029560758,140.7066105698916,340.8552491356128,219.7340044222949,20090623.0931207,"JPL 58",,6.3,12.8,,,,,838713.217845932,.81361,5428100.,16.5,5.
"     P/2008 QP20 (LINEAR-Hill)",54922,1.723159422283879,.5064044816026448,7.749848894663041,72.04371866049378,325.1520351987504,20081102.7089640,"JPL 33",,12.0,17.2,,,,,6.52288285621015,.747895,.00019392,25.,5.
"     C/2008 R3 (LINEAR)",54772,1.90901618911344,.8963515096364288,43.23785261553327,84.16042528214604,270.553144162167,20081122.4929033,"JPL 31",,13.4,,,,,,79.045681448502,1.31943,14.362,8.5,
"     C/2008 S3 (Boattini)",55670,8.017919200149057,1.001077486731166,162.7027984817679,39.93776745486598,54.93805418784181,20110607.0188974,"JPL 144",,8.3,,,,,,,7.04154,,6.,
"     C/2008 T2 (Cardinal)",54870,1.202208126712226,1.00010901652112,56.30368963215431,215.8711477460971,309.678520550595,20090613.2395831,"JPL 50",,11.2,,,,,,,.317516,,5.25,
"     P/2008 WZ96 (LINEAR)",54841,1.646239076130884,.5095665828690512,6.957861907829002,337.6225910667144,59.11159969645884,20090123.9141619,"JPL 10",,15.2,16.9,,,,,6.15003347689526,.656376,.75956,10.,5.
"     C/2008 X3 (LINEAR)",54838,1.9021174448667,.9565361628704481,66.47497791092911,140.8016013463495,337.7510453301255,20081010.5876378,"JPL 15",,11.7,16.4,,,,,289.515685633554,1.05372,131.52,16.25,5.
"     P/2008 Y3 (McNaught)",54879,4.434244283598909,.447667202903401,38.81318774606871,238.2794004549053,262.9341436174457,20090111.9655460,"JPL 20",,4.5,12.5,,,,,22.7476415630517,3.61452,.36404,16.5,5.
"     P/2008 Y12 (SOHO)",55493,.06537568737604073,.9787617006560736,23.34537060288814,146.6220726022164,312.5747369881633,20081222.4731993,"JPL 5",Y,,,,,,,5.40073661534822,.0445982,.035036,,
"     P/2009 B1 (Boattini)",54862,2.426592197833084,.637190624014582,22.22847779756653,128.5938421818879,297.4383074395758,20090206.2005507,"JPL 11",,13.2,16.0,,,,,17.2975918253585,1.50595,1.5975,10.,5.
"     C/2009 B2 (LINEAR)",54901,2.327611643883904,.9442814490265479,156.8729785488167,192.4957759140045,18.81464104826284,20090307.3930441,"JPL 20",,13.0,15.6,,,,,270.006527531527,1.33396,398.53,10.,5.
"     C/2009 E1 (Itagaki)",54950,.5997215797495478,.9850726990503303,127.4533831726579,48.95523157904768,105.9620111017458,20090407.9203424,"JPL 30",,13.5,17.0,,,,,254.660028674704,.229934,10.649,16.5,5.
"     C/2009 F1 (Larson)",54916,1.830683486208616,.9827249737765008,171.3755168185271,219.5820756970418,357.9494010617847,20090625.8866225,"JPL 12",,14.9,17.5,,,,,1090.93788879149,.853218,21087.,11.5,5.
"     C/2009 F2 (McNaught)",55386,5.875026134709112,.9830269458389237,59.36697470744004,336.3444966356936,214.0553379155541,20091114.1116148,"JPL 46",,6.4,10.7,,,,,6439.95616129648,4.92892,3627.4,10.,5.
"     C/2009 F4 (McNaught)",55854,5.454872912434871,1.001810591029141,79.34729421595583,260.3812582386731,53.58328404158921,20111231.8676732,"JPL 163",,5.8,,,,,,,5.16917,,7.,
"     C/2009 F5 (McNaught)",54958,2.245337163803728,.9719914537861098,84.99035533967658,297.3668257369622,219.0641430715445,20081104.8266276,"JPL 25",,12.8,,,,,,717.785528749422,1.63955,536.25,4.5,
"     C/2009 F6 (Yi-SWAN)",54973,1.274158999145848,.9975143424739534,85.7647855400708,129.7723269890618,278.6790256429147,20090507.4336131,"JPL 29",,9.7,13.2,,,,,11605.9769619885,.504727,11315.,13.,5.
"     C/2009 G1 (STEREO)",54960,1.128742019379714,.9976784818454305,108.3102563579814,175.4440802487743,120.6349939093651,20090416.5056611,"JPL 9",,9.1,13.6,,,,,10721.1683336997,.115214,180700.,17.25,5.
"     C/2009 K2 (Catalina)",55057,3.246175989332667,.9977788229593066,66.8219148762043,147.6934962462276,123.8055109480339,20100207.4851568,"JPL 37",,11.8,,,,,,55871.654277615,2.34061,109740.,7.,
"     C/2009 K3 (Beshore)",54978,2.869026133411536,1.0,144.4209093390823,268.4007214208627,.7295199197881796,20101216.9687368,"JPL 6",,9.0,,,,,,,2.14545,,10.,
"     C/2009 K4 (Gibbs)",54991,1.548874694286783,.9625269894588714,34.82499074678188,127.4714713726371,30.12512823782707,20090619.3849093,"JPL 10",,13.8,15.9,,,,,265.738666163541,.71189,2757.5,10.,5.
"     C/2009 K5 (McNaught)",55390,1.422401377065127,1.000838543199059,103.879390451926,66.17417450273649,257.856327927103,20100430.0245758,"JPL 80",,11.9,,,,,,,.798214,,5.,
"     C/2009 O2 (Catalina)",55135,.6955471344323615,.9974990468625661,107.9604534199447,133.3971356584953,310.2320846999371,20100324.4146954,"JPL 23",,12.9,,,,,,4638.09585346664,.146439,3296.7,7.5,
"     P/2009 O3 (Hill)",55082,2.449979551827111,.6868800549996673,16.21752700237298,154.5521989545966,183.7638694711861,20090518.6043912,"JPL 25",,15.2,,,,,,21.8869776121997,1.45256,.98183,4.5,
"     C/2009 O4 (Hill)",55077,2.563789224081408,1.001336314611524,95.82327714615742,223.7319409757209,172.9365184783596,20100101.2762889,"JPL 27",,4.9,12.9,,,,,,1.76429,,21.,5.
"     C/2009 P1 (Garradd)",55887,1.550535580501496,1.000997441813209,106.1772915967264,90.74706548333198,325.9972284743513,20111223.6775558,"JPL 84",,8.8,,,,,,,1.25341,,4.5,
"     C/2009 P2 (Boattini)",55179,6.543972532527065,1.001538779429425,163.4529387916205,76.03240209071359,60.36496705679936,20100210.5107995,"JPL 41",,11.4,,,,,,,5.58181,,4.5,
"     P/2009 Q5 (McNaught)",55113,2.918511671282672,.609052850009446,40.90482225387376,209.2749179936109,160.139863948254,20090908.5767256,"JPL 27",,13.1,,,,,,20.3973278615048,1.96618,.27542,4.5,
"     C/2009 R1 (McNaught)",55297,.4050868943926803,1.000413202490796,77.03076498095443,130.6931027466904,322.6226629291746,20100702.6781501,"JPL 29",,9.9,,,,,,,.446156,,6.75,
"     C/2009 S3 (Lemmon)",55891,6.474514637878233,1.001419165834663,60.38460099167354,129.7608599733522,225.1325296041105,20111211.2507047,"JPL 62",,11.7,,,,,,,5.72572,,4.5,
"     C/2009 T1 (McNaught)",55288,6.220409381473258,.9983074266778597,89.89393225979154,282.5290506585912,54.40738633747255,20091008.2532287,"JPL 29",,8.1,11.2,,,,,222800.118121431,5.93499,2023100.,7.5,5.
"     P/2009 T2 (La Sagra)",55153,1.754749552209695,.7689905856432068,28.10638609176597,215.4709136579588,215.9856324474208,20100112.8415135,"JPL 30",,13.8,15.8,,,,,20.935647337986,.821611,.23883,10.5,5.
"     C/2009 T3 (LINEAR)",55167,2.281140242536718,.9994708513061257,148.7418178214766,32.44778903709462,60.09301710133919,20100112.0565196,"JPL 24",,13.6,,,,,,283054.190473721,1.34008,2615900.,8.75,
"     C/2009 U1 (Garradd)",55123,5.382604981428634,1.015009237069738,91.23607043896649,269.0430110232571,43.3854615225045,20081007.9185520,"JPL 4",,7.8,11.9,,,,,,5.27451,,10.,5.
"     C/2009 U3 (Hill)",55197,1.414424588668167,.9915765087278947,51.26076675878746,77.70140022082248,49.32288318921394,20100320.2547389,"JPL 36",,15.4,,,,,,2175.90386373424,.867814,392.12,6.,
"     C/2009 U5 (Grauer)",55229,6.094240030878758,.9994240212136143,25.47267563939661,23.81351304421512,121.1740914722554,20100622.4932182,"JPL 26",,11.8,,,,,,1088373.10924162,5.12417,2.1924E7,4.5,
"     C/2009 UG89 (Lemmon)",55499,3.931171206981027,1.007959783401028,130.0998277888015,60.65133772181098,321.0070613051065,20101216.2621954,"JPL 57",,5.2,12.0,,,,,,3.19625,,15.75,5.
"     C/2009 W2 (Boattini)",55177,6.90713369547101,.999553883256491,164.4905237743914,121.3259575923817,199.5800742079614,20100501.6708715,"JPL 13",,6.9,11.7,,,,,1926558.54374279,5.9522,1.2682E8,10.,5.
"     P/2009 WX51 (Catalina)",55174,.7999563761832718,.7402937988877034,9.59259893347728,118.0162516918238,31.75840423810663,20100131.0753139,"JPL 21",Y,20.6,,,,,,5.40610130193046,.0093328,.0997,10.,
"     C/2009 Y1 (Catalina)",55591,2.520494547785312,.99328973614478,107.3165615235073,127.3913282647622,160.2770456976384,20110128.9017422,"JPL 83",,6.4,11.5,,,,,7279.93412673382,1.79595,1132.9,14.25,5.
"     P/2009 Y2 (Kowalski)",55207,2.339192810141341,.6405255558675687,29.92960938254342,171.961933819713,262.1265166849132,20100330.6937535,"JPL 16",,6.2,15.9,,,,,16.5998896741438,1.35714,2.7,28.75,5.
"     P/2010 A3 (Hill)",55254,1.621827927769644,.7322295297346463,15.02825904745745,41.28186875128799,64.82907079752725,20100403.6811105,"JPL 28",,6.4,16.0,,,,,14.9063509640121,.669989,.57478,38.25,5.
"     C/2010 A4 (Siding Spring)",55320,2.737995549463117,.9906259644167691,96.73013770441914,271.6852761319831,346.6855023540158,20101008.7405642,"JPL 22",,7.1,13.5,,,,,4991.91765145857,2.53071,2226.2,15.5,5.
"     C/2010 B1 (Cardinal)",55496,2.941486383691035,.998994447126672,101.9776538367819,211.519956085382,277.2139048238981,20110207.0598794,"JPL 68",,10.1,11.8,,,,,158216.254387745,2.06597,216820.,6.75,5.
"     P/2010 C1 (Scotti)",55264,5.234903523672213,.2591090851424597,9.142473574740862,3.665919539171023,142.0341619461492,20091201.6124379,"JPL 14",,7.3,13.5,,,,,18.7819128802789,4.2474,.36425,13.75,5.
"     P/2010 D2 (WISE)",55440,3.659053504677491,.4530244026325743,57.1769742299665,120.068180014667,319.8358599165465,20100305.1614885,"JPL 13",,14.4,,,,,,17.3025222109421,2.94461,.54175,4.5,
"     C/2010 D3 (WISE)",55542,4.247541849359064,.9996287220477997,76.39482006562122,304.6426210513251,255.2346089610491,20100903.9208648,"JPL 16",,12.1,,,,,,1223674.64655008,3.58572,2.9877E7,6.,
"     C/2010 D4 (WISE)",55298,7.148208572698182,.8894597296651968,105.6596518671232,44.48931867036035,266.7835142639501,20090330.9328857,"JPL 14",,11.6,,,,,,520.023826628345,6.37261,109.09,4.5,
"     C/2010 DG56 (WISE)",55374,1.591451433561356,.9764363776999954,160.4173466758458,318.2894118826337,3.869456404747797,20100515.5622612,"JPL 11",,17.8,,,,,,555.053962815375,.650383,203.4,4.5,
"     C/2010 E1 (Garradd)",55286,2.662196801154881,.9758861608920391,71.69780414004083,296.9866694147084,169.2924259164864,20091107.9640376,"JPL 13",,11.9,14.8,,,,,1160.02914253856,2.06699,4045.1,9.75,5.
"     P/2010 E2 (Jarnac)",55288,2.39873318337915,.7223701008074761,15.43700003047995,8.294555078399933,177.8993706640858,20100407.9264522,"JPL 16",,14.4,16.4,,,,,25.3969616858988,1.40231,.82056,10.,5.
"     C/2010 E3 (WISE)",55262,2.269054650088048,.9922169094622411,96.35781398033313,50.43275312668848,117.2724645991792,20100405.5046227,"JPL 6",,13.4,18.5,,,,,4977.91541217045,1.54535,2296900.,14.75,5.
"     C/2010 E5 (Scotti)",55288,3.88844462888347,.8427393911004639,18.9101637738186,147.8582491036396,17.08381074896005,20091121.4458623,"JPL 15",,7.3,14.5,,,,,122.9538554656,2.91449,30.63,17.,5.
"     C/2010 F1 (Boattini)",55288,3.587530040704582,.9475349150908285,64.93572087323412,127.5121490470241,344.3897909706914,20091110.5650362,"JPL 15",,7.0,13.8,,,,,565.452269838176,2.87211,693.82,15.75,5.
"     C/2010 F3 (Scotti)",55384,5.446686045753883,.9132638842623999,4.647569321014638,31.25651383053776,157.4101534913772,20100804.5365442,"JPL 19",,13.2,,,,,,497.630238193244,4.44901,141.45,4.5,
"     C/2010 F4 (Machholz)",55285,.6138264939977027,1.000036470434923,89.14566820689076,120.7088308616833,237.2905545520301,20100406.1061552,"JPL 9",,13.9,,,,,,,.153026,,10.,
"     C/2010 FB87 (WISE-Garradd)",55709,2.842763152599134,.9905008479762433,107.6253577857665,265.0258401521044,89.90219171992796,20101107.3900724,"JPL 57",,11.1,,,,,,5177.16446231923,2.53837,1182.9,4.5,
"     C/2010 G1 (Boattini)",55297,1.204547141369098,.9974761783692827,78.38709952492869,168.6314916080522,287.4483957706563,20100402.5400897,"JPL 11",,14.1,16.0,,,,,10426.9170094892,.231336,655810.,4.5,5.
"     C/2010 G2 (Hill)",55772,1.980773857555262,.9794071274976454,103.7452832541167,137.4252805316589,246.7810058805305,20110902.0504143,"JPL 102",,10.8,,,,,,943.376708627961,1.16908,17.106,6.25,
"     C/2010 G3 (WISE)",55397,4.907650665905385,.9981419877202846,108.2675999646729,75.19842902924908,313.7183006100888,20100411.0748454,"JPL 25",,8.7,12.1,,,,,135751.861776561,4.49206,750580.,9.25,5.
"     C/2010 H1 (Garradd)",55324,2.745544345649212,.9996768185832923,36.53163220542724,233.8202861497062,347.384052955756,20100618.9002161,"JPL 9",,12.4,16.2,,,,,783035.272751598,1.89771,4.338E7,11.,5.
"     P/2010 H2 (Vales)",55324,3.107734396801548,.1929077165714307,14.25291236494805,130.1233349491815,64.30889926667975,20100309.3526095,"JPL 26",,7.0,,,,,,7.55595306618738,2.12986,.055003,10.,
"     P/2010 H4 (Scotti)",55321,4.820931378542509,.2721471145483182,2.314286022222926,181.188945234406,44.84659602288561,20100703.4352793,"JPL 8",,10.8,14.0,,,,,17.0466566917678,3.81185,11.546,10.,5.
"     P/2010 H5 (Scotti)",55339,6.025951078469447,.1564488022227643,14.08718373611171,175.1299397461786,24.89947620247765,20100417.7090830,"JPL 6",,9.6,13.2,,,,,19.0932313529699,5.02389,.52648,10.,5.
"     C/2010 J1 (Boattini)",55339,1.695658122071553,.9538278856884679,134.3849445974527,333.1091169501718,254.8133868845611,20100204.8196994,"JPL 17",,11.4,15.7,,,,,222.559430145519,.735101,309.06,15.,5.
"     C/2010 J2 (McNaught)",55424,3.386996133687951,.9994591944383925,125.8515399945362,4.616552714241796,311.7948456006354,20100603.8650072,"JPL 32",,10.1,12.9,,,,,495642.489623461,2.37404,4796200.,9.5,5.
"     P/2010 J3 (McMillan)",55356,2.455110518763155,.7268227351027902,13.25507775342125,157.3124586544468,106.6611888500052,20100823.4638215,"JPL 26",,11.4,14.7,,,,,26.9431236407252,1.44536,.78063,11.5,5.
"     C/2010 J4 (WISE)",55333,1.085532677520908,.9999935925132187,162.2965271698157,83.75334172763874,316.4053868551018,20100503.1716013,"JPL 8",,19.6,21.1,,,,,69733421.7422956,.306542,5.835E13,10.,5.
"     P/2010 JC81 (WISE)",55908,1.810828664947294,.7773506455785488,38.69026902738793,12.57330798719058,30.76805234895705,20110426.5538371,"JPL 51",,10.3,13.5,,,,,23.1948774839766,.827644,.12062,10.,5.
"     C/2010 KW7 (WISE)",55524,2.570441622259956,.9742556867305437,147.0608373144838,332.3057549138623,104.7615010241332,20101011.3450453,"JPL 17",,15.9,,4.870,,0.047,,997.695130378132,1.62531,319.88,4.5,
"     C/2010 L3 (Catalina)",55541,9.882906994009696,.9992416163381267,102.6310721376384,121.7739674437364,38.27534016305332,20101110.4646195,"JPL 22",,4.7,9.9,,,,,1487653.58217652,9.29284,5.0983E7,10.,5.
"     C/2010 L4 (WISE)",55385,2.825535958470039,.9647120093628968,102.8180833518523,95.76861780668467,125.5401686772342,20100223.6552528,"JPL 13",,12.9,15.5,,,,,716.504736816798,2.53019,1821.4,7.75,5.
"     C/2010 L5 (WISE)",55379,.7911694518314281,.904213935128771,147.0489422836135,214.7635879881051,206.4722722735252,20100423.1633416,"JPL 7",Y,18.9,20.6,,,,,23.7388113928874,.113177,192.12,4.5,5.
"     C/2010 M1 (Gibbs)",55368,7.977048459608634,1.003926631945283,116.5763144698034,167.1888553918067,66.48616037427887,20101207.7286081,"JPL 9",,7.4,,,,,,,6.98158,,10.,
"     C/2010 R1 (LINEAR)",56085,5.621417633849625,1.003665067972281,156.9333694322252,114.4960388905808,343.6496588264565,20120518.8928522,"JPL 85",,6.5,10.4,,,,,,4.69176,,10.,5.
"     C/2010 S1 (LINEAR)",56229,5.899919327718969,1.00124863730886,125.335282718799,118.6171867342189,93.43229157444739,20130520.3296801,"JPL 181",,5.8,,,,,,,5.20385,,6.75,
"     P/2010 T2 (PANSTARRS)",55512,3.753596250124801,.3232208543240415,8.010783500463612,355.9417701262103,59.64929723313981,20110709.8256781,"JPL 9",,7.3,14.5,,,,,13.0619821321069,2.76501,3.0074,17.5,5.
"     P/2010 TO20 (LINEAR-Grauer)",55832,5.105326446625297,.08853300950705005,2.639091348169614,251.8934416362742,43.96555995758553,20080909.5797637,"JPL 11",,7.0,,,,,,13.2565972006397,4.08952,.35643,12.5,
"     P/2010 U1 (Boattini)",55524,4.903171796662708,.2611110080475125,8.246250128126514,88.99810467202231,281.3903632199907,20100328.4002834,"JPL 16",,7.0,13.0,,,,,17.0944476662869,3.91586,.31884,13.5,5.
"     C/2010 U3 (Boattini)",57905,8.44582350505862,1.000914921354684,55.51204547415212,88.06441326204036,43.07277457679459,20190226.0994628,"JPL 143",,6.5,8.3,,,,,,7.92852,,6.,5.
"     P/2010 UH55 (Spacewatch)",55677,2.767967633769075,.5751342802270648,8.662558273712227,221.6180586378951,235.2643954496181,20110510.3611020,"JPL 16",,7.1,15.2,,,,,16.6292313861022,1.79215,.33258,18.,5.
"     P/2010 WK (LINEAR)",55583,1.765178493941443,.6919866306096585,11.47912510856336,40.8499919417121,11.48827491899084,20101019.7540289,"JPL 20",,15.7,,,,,,13.7194528757842,.793264,.13526,4.5,
"     C/2010 X1 (Elenin)",55651,.4824207940167428,1.000067251452369,1.83956811421481,343.7981179505746,323.2351474030079,20110910.7197473,"JPL 39",,12.6,,,,,,,.0306307,,6.25,
"     P/2011 A2 (Scotti)",55871,1.558431769025045,.4987107669537619,4.474173289824082,94.56619100006381,54.72627328980756,20101222.4868186,"JPL 20",,17.6,,,,,,5.48159981265836,.578915,.00049927,4.5,
"     C/2011 A3 (Gibbs)",55749,2.344841359159311,.9979938825751231,26.07435262883368,141.1610776277263,124.895271952043,20111216.0878457,"JPL 62",,9.9,12.2,,,,,39961.6926829501,1.38479,62928.,8.5,5.
"     C/2011 C1 (McNaught)",55666,.8833783523685972,.9974331783204083,16.8256172380539,84.47350922446758,192.4383668029876,20110418.0022044,"JPL 34",,12.7,16.5,,,,,6384.61601356585,.1836,4.E3,17.5,5.
"     P/2011 C2 (Gibbs)",55845,5.388547717622368,.2684718598624878,10.91094365924068,160.563611569923,12.20198083881589,20120107.9093098,"JPL 28",,7.1,12.9,,,,,19.9925985863421,4.39802,.31852,12.75,5.
"     C/2011 C3 (Gibbs)",55636,1.516894581976452,.9952743991253196,49.37610702104371,206.809904731103,20.8899634446835,20110407.5280829,"JPL 13",,14.1,18.6,,,,,5751.16390735961,.57027,44157.,22.75,5.
"     C/2011 F1 (LINEAR)",56003,1.818879458128998,1.000042540832777,56.6107679212758,192.5649188491038,85.11890675851191,20130108.0360068,"JPL 89",,10.3,,,,,,,.816003,,4.5,
"     P/2011 FR143 (Lemmon)",55779,3.735424646733953,.4530489663870787,16.01360027644634,349.9169820158194,191.022625980524,20110310.5988692,"JPL 8",,14.7,,,,,,17.8482442744529,2.73965,.52939,4.5,
"     C/2011 G1 (McNaught)",55885,2.155141635981529,1.0010001746876,162.2334981271972,354.550126456348,152.5909602984702,20110916.4121918,"JPL 32",,14.4,,,,,,,1.16492,,5.,
"     C/2011 J2 (LINEAR)",56679,3.443446474818716,1.000504558674218,122.7988226013312,85.29608230378025,163.9475684060354,20131225.3059851,"JPL 140",,7.7,10.3,,,,,,3.00424,,7.5,5.
"     C/2011 J2-B (LINEAR)",56936,3.442848400894227,1.001330781705065,122.8023475103961,85.26719263970504,163.9429873370576,20131225.2470361,"JPL 4",,6.9,13.9,,,,,,3.00374,,14.5,5.
"     C/2011 J2-C (LINEAR)",56958,3.442653441532593,1.0,122.7947263450786,85.27425531831003,163.9521129325959,20131225.1898986,"JPL 4",,,13.7,,,,,,3.0033,,,5.
"     C/2011 J3 (LINEAR)",55711,1.450992227876091,.9258319357568648,114.7123817918573,27.84496409840208,21.51228368098265,20110124.3879787,"JPL 12",,16.2,,,,,,86.5327319489364,.516632,154.1,4.5,
"     P/2011 JB15 (Spacewatch-Boattini)",55721,5.018709948932572,.3187358370517921,19.14127272657622,110.926709178121,153.7681804936313,20120121.6711236,"JPL 15",,6.9,12.2,,,,,19.9950747226468,4.06236,.39791,13.,5.
"     C/2011 K1 (Schwartz-Holvorcem)",55715,3.376629209638878,1.007027970829694,122.62486475,167.09708095,70.73739296643215,20110421.9276282,"JPL 9",,11.7,14.2,,,,,,2.37805,,10.,5.
"     C/2011 KP36 (Spacewatch)",57558,4.883307120111355,.8728684587173366,18.98678073766201,180.5951008379727,173.4003272363083,20160526.8749413,"JPL 108",,7.5,9.5,55.100,,0.101,,238.067050876826,3.87888,.80926,7.,5.
"     C/2011 L1 (McNaught)",55734,2.242373711221951,.7967985213593568,65.51267762366047,294.4706598268829,252.3638461023042,20101218.3020451,"JPL 15",,10.4,14.2,,,,,36.6589394320441,1.61025,7.6005,12.5,5.
"     C/2011 L2 (McNaught)",55812,1.943448904548063,1.001772573495169,104.2574261261314,257.0281276952634,131.3477253936223,20111101.2731257,"JPL 15",,11.8,17.3,,,,,,1.49674,,13.,5.
"     C/2011 L3 (McNaught)",55778,1.923845534598865,1.000101676263677,87.11442266015185,27.72702943918406,307.7552007754244,20110810.5004344,"JPL 25",,14.7,,,,,,,.986314,,4.5,
"     C/2011 L4 (PANSTARRS)",56365,.3015442238164768,1.000032767108972,84.20819702923397,333.6516376633611,65.66588639150341,20130310.1699600,"JPL 137",,7.8,,,,,,,.660345,,6.5,
"     C/2011 L6 (Boattini)",55793,6.787628639215751,1.003737758104043,171.4562474433502,331.5987257996812,214.4826575429092,20110122.7896935,"JPL 8",,13.2,,,,,,,5.77856,,4.5,
"     C/2011 M1 (LINEAR)",55744,.8957526051155204,1.002674264300668,70.18317197361739,119.568946668613,324.7956733500447,20110907.5724667,"JPL 8",,12.3,17.8,,,,,,.177596,,18.25,5.
"     P/2011 N1 (ASH)",55925,2.857717480375384,.5459461023265804,35.66888367032587,331.0561884672269,77.69050998736151,20120531.2865162,"JPL 32",,12.8,,,,,,15.7897781160933,1.91231,.11459,5.25,
"     P/2011 NO1 (Elenin)",55757,1.240969025407936,.7789841914811642,15.38420163394576,263.4465227318821,296.1139033145848,20110120.1980794,"JPL 10",Y,17.1,,,,,,13.3049916733301,.380671,3.1733,4.5,
"     C/2011 N2 (McNaught)",55767,2.563359894667371,.9997033297941526,33.67502507449191,357.0414130407124,274.0190324563712,20111018.7428209,"JPL 10",,7.1,14.6,,,,,803177.771714591,1.54755,5.4526E8,21.25,5.
"     C/2011 N3 (SOHO)",55747,.005310329843512392,1.000271255920924,144.4434282960196,85.04573901047411,6.431114815952422,20110706.0020636,"JPL 2",,,,,,,,,.554792,,,
"     C/2011 O1 (LINEAR)",56169,3.890652677082244,.9967843041955771,76.49888598673195,232.3825977424196,89.81681151984263,20120818.4708169,"JPL 58",,7.5,11.2,,,,,42085.2060293142,3.18751,51497.,9.5,5.
"     P/2011 P1 (McNaught)",55833,4.955674343083501,.3596771664206813,6.170965019659189,342.5814462413733,9.531979043645689,20100721.9994535,"JPL 24",,6.9,12.3,,,,,21.530983007222,3.95039,1.6889,11.75,5.
"     C/2011 P2 (PANSTARRS)",55966,6.148104958574098,.369819231884631,8.989635670048697,76.38463321861438,204.0185248369797,20100913.5143899,"JPL 12",,6.7,12.4,,,,,30.4735039633523,5.14701,1.5383,12.,5.
"     C/2011 Q1 (PANSTARRS)",55825,6.780085405768498,.9979126544659841,94.86201443804366,135.9264482236275,142.2439066896546,20110629.4548810,"JPL 13",,7.5,11.3,,,,,185126.857223639,6.01858,5058900.,10.,5.
"     C/2011 Q2 (McNaught)",55820,1.349560902203217,1.000074961854828,36.86657639635956,34.62856985816699,287.3695262596481,20120119.7884934,"JPL 12",,4.7,12.9,,,,,,.415556,,23.25,5.
"     P/2011 Q3 (McNaught)",55838,2.367778574982807,.5315328110342771,6.051989489989321,310.2201147806904,35.31891708058635,20110814.2859715,"JPL 18",,14.8,,,,,,11.3632108156077,1.36575,.17995,8.,
"     C/2011 Q4 (SWAN)",55870,1.112227416706415,.974158227443668,147.8430700500252,1.880850387483179,252.0857091205893,20110921.0834551,"JPL 7",,11.7,16.2,,,,,282.367785043417,.0987022,33.512,9.25,5.
"     C/2011 R1 (McNaught)",56224,2.07957108377623,1.00074116581749,116.1968421515487,308.861191719694,221.4084577921081,20121019.6209315,"JPL 76",,9.9,,,,,,,1.313,,6.,
"     P/2011 S1 (Gibbs)",56405,6.894272392227426,.2031871808841568,2.679312493288621,193.3401340178101,218.8963097728602,20140823.5808689,"JPL 36",,7.0,11.5,,,,,25.4510902635046,5.9063,.2161,11.,5.
"     C/2011 S2 (Kowalski)",55857,1.115120350025716,.9316148499421462,17.57253785793546,192.1899849795159,288.0703246751929,20111026.3477658,"JPL 17",Y,15.6,,,,,,65.848836850884,.137793,12.536,4.5,
"     C/2011 U3 (PANSTARRS)",55873,1.071437247480918,1.000449228774744,116.7759557054995,287.8238931135182,228.3789198430203,20120603.8961070,"JPL 8",,11.8,,,,,,,.469106,,14.5,
"     P/2011 UA134 (Spacewatch-PANSTARRS)",55886,2.051509997031235,.6327008112046073,10.53949438836599,32.32197937519727,40.63821959388974,20111207.1942516,"JPL 14",,15.7,17.6,,,,,13.2004490423712,1.07409,.63777,10.,5.
"     C/2011 UF305 (LINEAR)",56194,2.138211981833665,1.000674103519054,93.96074438890552,121.9944825257625,297.4358691551147,20120722.1654056,"JPL 64",,6.6,12.0,,,,,,1.49299,,15.5,5.
"     P/2011 V1 (Boattini)",55867,1.709324459954524,.5553639464704978,7.398202171237043,259.5431656798639,60.08354864566956,20110511.9185165,"JPL 5",,17.6,,,,,,7.53768442288156,.714972,8.4397,4.5,
"     P/2011 W1 (PANSTARRS)",55934,3.312060743982322,.2886515598754274,3.718612751134682,282.4728480997156,161.8837154125267,20120122.5391750,"JPL 17",,7.3,14.4,,,,,10.0468997054363,2.33076,.11891,19.,5.
"     C/2011 W3 (Lovejoy)",55901,.005553814151232848,.9999294152687143,134.3558107377023,53.50921241435645,326.3691470244605,20111216.0118090,"JPL 58",,15.3,20.6,,,,,697.957643736574,.490179,1213.8,9.3,5.
"     P/2011 Y2 (Boattini)",55923,1.787147805365588,.7129204468767503,6.351398892805054,131.1876136876323,310.0183882902152,20120321.6960094,"JPL 9",,13.6,,,,,,15.5326486365204,.810148,1.1236,16.25,
"     C/2011 Y3 (Boattini)",55927,3.497843193107734,.7049148254644865,26.51685373785763,340.6799065742463,84.80260480082671,20110822.9386690,"JPL 7",,11.7,15.0,,,,,40.8119758483711,2.52451,31.222,10.,5.
"     C/2012 A1 (PANSTARRS)",56287,7.604434452614377,1.001194957692109,120.9000173923967,191.7586959021335,277.9720387449908,20131129.6396267,"JPL 57",,10.1,,,,,,,6.63522,,5.25,
"     C/2012 A2 (LINEAR)",56263,3.537474521666916,.9963877725497086,125.8684773041127,101.6720433046215,191.4047721428131,20121105.1008413,"JPL 94",,10.6,,,,,,30646.8293583988,3.00404,9978.6,5.5,
"     P/2012 B1 (PANSTARRS)",56329,3.825152587479493,.410505348289204,7.62778125982812,162.1829386713441,36.19420302319435,20130723.1432874,"JPL 74",,6.4,11.3,,,,,16.5295695640004,2.82397,.0008472,12.75,5.
"     C/2012 B3 (La Sagra)",56018,3.536536414914726,1.001183364923015,106.9329153015011,50.73326108789811,252.9994940349564,20111206.8347148,"JPL 24",,13.4,,,,,,,2.80727,,4.5,
"     C/2012 BJ98 (Lemmon)",56027,2.15657774250929,.8736495875635185,2.636891990126354,72.96983048833226,124.0317461903936,20120920.4359236,"JPL 19",,8.0,14.8,,,,,70.5165220684791,1.15734,8.5311,19.25,5.
"     C/2012 C1 (McNaught)",56236,4.837975154766315,.9962058321457286,96.2777092518686,279.8891505012245,300.6399259612749,20130204.5224913,"JPL 46",,6.7,11.2,,,,,45533.2702101518,4.55739,83965.,11.25,5.
"     C/2012 C2 (Bruenjes)",55974,.8023137706433678,1.003077829586966,162.7892307787573,62.65860349207035,117.9966890339537,20120312.6418107,"JPL 10",,16.6,19.6,,,,,,.0522726,,37.75,5.
"     P/2012 C3 (PANSTARRS)",55974,3.624891488598848,.626527172629985,9.189868050182183,344.8516122270328,135.4412675874763,20111005.4159600,"JPL 7",,13.5,15.9,,,,,30.2386364555772,2.64203,44.795,10.,5.
"     C/2012 CH17 (MOSS)",56023,1.296093483069156,.9999881805608714,27.74419206731434,137.9935516752915,125.9847154706221,20120928.2225607,"JPL 30",,14.0,,,,,,36313439.8544346,.378617,1.534E10,4.5,
"     C/2012 E1 (Hill)",56043,7.502903883059695,.998012849590497,122.5420184092779,48.88731357943042,286.3196423018894,20110704.0461318,"JPL 15",,6.9,10.9,,,,,232009.712425554,6.71587,3121900.,9.75,5.
"     C/2012 E2 (SWAN)",55999,.006961609332190363,1.000491306930326,144.430740514462,82.41229437495095,6.576461397899894,20120315.0290653,"JPL 5",,,,,,,,,.542986,,,
"     C/2012 E3 (PANSTARRS)",56015,3.827318559353372,.9827149050986322,105.6586084481255,103.515421946193,5.530997824829866,20110512.9203973,"JPL 11",,9.9,13.2,,,,,3294.90173384011,3.4375,36719.,10.,5.
"     C/2012 F1 (Gibbs)",56008,2.550933607818484,.9657066951325476,159.3968325987302,300.4253992488747,129.9654975442234,20120219.0900423,"JPL 8",,13.8,16.4,,,,,641.568341042896,1.62571,15617.,10.,5.
"     P/2012 F2 (PANSTARRS)",56292,2.897067593860656,.5422397548673589,14.72469123202542,33.19284004876128,227.1351640056861,20130410.0155203,"JPL 25",,12.0,,,,,,15.9216852781384,1.8975,.36104,8.,
"     C/2012 F3 (PANSTARRS)",56988,3.45693941739493,1.00163676179241,11.35469753212712,104.0205141177845,164.617309024508,20150406.6974213,"JPL 95",,8.1,10.6,,,,,,2.46602,,7.5,5.
"     C/2012 F6 (Lemmon)",56502,.7312382532220438,.9984989157707214,82.60887339118153,304.9869169886965,332.7152960821801,20130324.5139671,"JPL 79",,5.6,11.1,,,,,10751.9927481989,.0723709,1283.7,14.75,5.
"     P/2012 G1 (PANSTARRS)",56032,2.583702565294662,.3851947795955829,11.70752499171704,287.9265011659082,282.2357168226553,20120606.8763028,"JPL 3",,15.2,,,,,,8.61520581568965,1.60849,294.13,10.,
"     C/2012 H2 (McNaught)",56065,1.71677217643348,.8936094438037731,92.83558531160249,295.9019823745012,184.1359475078656,20120503.7318147,"JPL 8",,15.7,17.8,,,,,64.8220232729397,1.09512,150.38,10.,5.
"     C/2012 J1 (Catalina)",56247,3.158710755121596,1.001327766442323,34.18608906305249,147.2727329549897,235.2170616046954,20121207.2342851,"JPL 80",,6.0,10.5,,,,,,2.21956,,12.,5.
"     C/2012 K1 (PANSTARRS)",56697,1.054597098294,1.000152915493971,142.4282581726916,203.1066008825931,317.7376491689354,20140827.6603630,"JPL 126",,7.3,,,,,,,.107091,,6.75,
"     P/2012 K3 (Gibbs)",56094,2.076862345208615,.425960081442983,13.20116707544377,172.3005719123418,125.8813161908328,20120930.3313227,"JPL 15",,7.4,16.4,,,,,6.88187261706586,1.06137,.16439,29.5,5.
"     C/2012 K5 (LINEAR)",56215,1.141810998978076,.9985264981019603,92.8480254183311,139.289758710655,279.0390212042847,20121128.6877874,"JPL 54",,12.8,,,,,,21571.1593067002,.292656,5928.7,5.75,
"     C/2012 K6 (McNaught)",56657,3.35303220900968,.9991987753308721,135.2151033902068,338.8267850717343,206.8985408988809,20130521.4607432,"JPL 71",,8.9,11.1,,,,,270728.091357197,2.37848,609290.,7.75,5.
"     C/2012 K8 (Lemmon)",56721,6.463005008005234,1.002343080761075,106.1112633262136,75.84979315957342,312.8056772311116,20140819.3310330,"JPL 100",,5.5,10.2,,,,,,6.08116,,10.5,5.
"     C/2012 L1 (LINEAR)",56251,2.262410000030632,.9970529043988378,87.21916562775003,140.2893267650839,271.7668746031932,20121225.4136677,"JPL 40",,11.8,,,,,,21270.3106891674,1.4418,13351.,8.25,
"     C/2012 L2 (LINEAR)",56279,1.508544861358737,.9973334994126962,70.98059405297921,205.7863950788161,270.3021161932506,20130509.3367480,"JPL 48",,11.3,,,,,,13456.5280647413,.583684,8546.1,6.25,
"     C/2012 L3 (LINEAR)",56126,3.045029464598844,.9907916418741552,134.1966469627778,107.0934182632089,53.48978216542861,20120612.2200121,"JPL 19",,8.9,14.0,,,,,6013.42847006669,2.37164,17823.,15.25,5.
"     C/2012 LP26 (Palomar)",57304,6.536054577980472,.999279756298616,25.37984911505306,145.153209688357,153.9872478090405,20150816.5731980,"JPL 49",,9.4,,,,,,864495.035842277,5.55505,5018800.,6.25,
"     P/2012 NJ (La Sagra)",56158,1.29189011014861,.8480620374298449,84.3754608943381,338.4139062493553,315.763185318045,20120613.0902811,"JPL 33",Y,14.8,,,,,,24.7940295832896,.315258,.42996,4.5,
"     C/2012 OP (Siding Spring)",56315,3.60707075470781,.996579402905264,114.8287856983966,351.4353643079992,267.3703391406573,20121204.7433197,"JPL 14",,14.4,,,,,,34244.2225223343,2.59997,111790.,4.5,
"     P/2012 O1 (McNaught)",56162,1.499145533803354,.5792439383964281,11.4285782017345,222.1098868944044,111.2789608167202,20120723.9065375,"JPL 13",,18.9,,,,,,6.72555801288796,.510875,.32185,4.5,
"     P/2012 O2 (McNaught)",56139,1.6608341837378,.5382710102096243,24.52745486680309,183.0473914904109,120.8135816327748,20120625.0994411,"JPL 9",,17.3,,,,,,6.82208145807649,.645459,.15738,10.,
"     P/2012 O3 (McNaught)",56174,1.599448442025251,.6488070622051638,16.49672170524013,343.6503537316458,336.9963402114882,20120816.0725655,"JPL 22",,15.8,18.0,,,,,9.71952204407191,.593845,.11982,15.,5.
"     C/2012 Q1 (Kowalski)",56322,9.482233072331526,.6371248046829634,45.18265072196867,139.2424263814257,184.4372917191307,20120209.3938624,"JPL 30",,6.6,9.3,,,,,133.579009069422,8.58888,7.0012,8.25,5.
"     C/2012 S1 (ISON)",56413,.0124667131396643,1.000005095690719,62.16289397901024,345.5411989420559,295.6865418045648,20131128.7645303,"JPL 56",,10.2,,,,,,,.0229939,,4.75,
"     C/2012 S3 (PANSTARRS)",56434,2.308065988634098,1.000708290426972,112.9307981250601,183.7527333481647,121.3058181629985,20130831.1351524,"JPL 37",,13.7,,,,,,,1.29421,,4.5,
"     C/2012 S4 (PANSTARRS)",56406,4.348728415231951,.9999819926719808,126.5413341641622,163.6154852424364,173.1035240071253,20130628.0234030,"JPL 44",,9.4,11.9,,,,,118680049.273387,3.37148,2.4756E10,8.75,5.
"     P/2012 T2 (PANSTARRS)",56218,4.821431224329933,.1596239134462965,12.56239166911833,309.5973315107189,73.73622823927289,20130412.9614735,"JPL 10",,10.2,13.3,,,,,13.7423700141666,3.84237,12.77,10.,5.
"     P/2012 T3 (PANSTARRS)",56215,2.383874255590181,.6045348954980396,9.509711898087438,196.8025293364212,114.2596965639697,20120427.9300492,"JPL 7",,14.9,17.3,,,,,14.8003152459101,1.37028,41.705,10.,5.
"     C/2012 T4 (McNaught)",56234,1.953268657949536,.9825597467463987,24.09210048882733,219.825018131916,99.45169398580465,20121010.8215010,"JPL 8",,16.1,17.7,,,,,1185.28283136581,.996312,139760.,4.5,5.
"     C/2012 T5 (Bressi)",56253,.322825502558134,1.000433520647339,72.09841478034346,318.0941911123026,230.594453549634,20130224.0584701,"JPL 18",,15.3,,,,,,,.420191,,4.75,
"     C/2012 T6 (Kowalski)",56234,1.775087002995631,.8763375117617659,33.27550117765739,198.0986533890619,186.2204609950616,20120826.3853563,"JPL 12",,15.7,,,,,,54.3851959102657,.794507,13.472,7.,
"     P/2012 TK8 (Tenagra)",56279,3.090933808237938,.2613695211948251,6.294573115095142,128.2322672129606,289.7399473633304,20130510.7927867,"JPL 14",,7.6,15.7,,,,,8.56055502069896,2.10804,.2242,20.75,5.
"     C/2012 U1 (PANSTARRS)",56657,5.263903477331076,.9995648847685535,56.33902021318833,70.04990253920136,26.98257342534774,20140704.7226801,"JPL 52",,8.3,11.5,,,,,1330649.41868317,4.67541,2.7326E7,10.,5.
"     P/2012 U2 (PANSTARRS)",56245,3.62778506356466,.5065687344688919,10.53447533300739,229.534875779256,186.8630689771828,20121204.2691985,"JPL 10",,12.1,15.1,,,,,19.9356558667953,2.65192,.82673,10.,5.
"     P/2012 US27 (Siding Spring)",56294,1.820843212129459,.6485800781421639,39.29294285783462,1.270449712973052,49.20658082506954,20130208.5587978,"JPL 18",,6.9,15.0,,,,,11.7944437292785,.831489,.28277,33.75,5.
"     C/2012 V1 (PANSTARRS)",56274,2.089028200367195,.9994452126134354,157.8399443709963,123.3401726265572,85.36942147896498,20130721.5373226,"JPL 18",,15.1,,,,,,231065.330757271,1.16092,1.2865E7,4.5,
"     C/2012 V2 (LINEAR)",56358,1.454755746792016,.9976239367080847,67.18478717225561,217.3232572628736,262.1647709080186,20130816.5003775,"JPL 53",,8.4,12.2,,,,,15149.7796838798,.590604,6622.8,12.,5.
"     P/2012 WA34 (Lemmon-PANSTARRS)",56238,3.173201440598142,.3402501650904209,6.116702704758546,353.2424817531507,94.52890686805915,20130125.1745360,"JPL 7",,15.5,,,,,,10.548379136917,2.18919,.18509,6.5,
"     C/2012 X1 (LINEAR)",56644,1.59891007410995,.989572081770421,44.36732616876064,132.11367729,113.1464275550719,20140221.6334783,"JPL 66",,5.5,10.8,,,,,1898.66277193891,.751503,310.89,14.25,5.
"     C/2012 X2 (PANSTARRS)",56422,4.748158036287616,.7704974093897997,34.12391112553792,215.6311350370557,271.0232944392426,20130331.3134040,"JPL 35",,12.6,,,,,,94.1054037113787,3.8225,3.8022,4.5,
"     C/2012 Y1 (LINEAR)",56309,2.016200871477807,.9468643291534705,20.95942008244565,268.8307657516833,193.2450890692166,20130118.1968673,"JPL 15",,15.1,,,,,,233.738174284883,1.15274,150.38,10.,
"     C/2012 Y3 (McNaught)",56324,1.764843475839666,.93994216589211,73.23190669390085,235.6942960582961,122.7079621602757,20120825.8463426,"JPL 16",,12.9,,,,,,159.298979628238,1.03791,65.352,4.5,
"     C/2013 A1 (Siding Spring)",57480,1.399764990633582,1.000085526301256,129.0329176101494,2.449169482138664,300.9994099243701,20141025.1758111,"JPL 105",,8.5,12.0,,,,,,.383565,,9.,5.
"     P/2013 AL76 (Catalina)",56309,2.047469722863937,.6838864958843407,144.858571736202,27.2008959264397,145.9376195028269,20121213.3256266,"JPL 6",,16.1,18.5,,,,,16.4842753890908,1.10163,18.039,10.,5.
"     C/2013 B2 (Catalina)",56428,3.734134526326589,1.002702966807801,43.45488960995864,156.4335851318248,331.9587887079546,20130701.5191927,"JPL 25",,13.1,,,,,,,2.7863,,5.5,
"     C/2013 C2 (Tenagra)",57167,9.131003023108132,.4313243906275829,21.33991543645082,308.7561973967266,247.5217826521379,20150829.4176249,"JPL 80",,6.6,,,,,,64.3411812058735,8.17393,.62172,7.75,
"     C/2013 D1 (Holvorcem)",56377,2.460129113768066,.7808786089923646,10.09356443867105,252.6315005274206,294.9748842134969,20130413.7204567,"JPL 15",,13.5,,,,,,37.6199218307639,1.48544,2.9701,10.,
"     C/2013 E1 (McNaught)",56454,7.781629632021834,1.002258434672265,158.7203766750952,311.4257641083902,134.0288213597025,20130612.1172142,"JPL 31",,6.6,10.5,,,,,,6.82706,,8.75,5.
"     C/2013 E2 (Iwamoto)",56516,1.41332182935946,.9939350539065243,21.85772128814889,95.82364373135009,182.4705454026325,20130309.0317886,"JPL 48",,10.8,,,,,,3557.3728394027,.598277,829.6,6.5,
"     C/2013 F1 (Boattini)",56396,1.859992455482002,1.002797014816797,79.68788232424005,92.00332970660324,30.12275703766364,20121202.6581891,"JPL 13",,15.1,,,,,,,1.58471,,4.5,
"     C/2013 F2 (Catalina)",56501,6.217862421942114,.9992588859681922,61.74926684549699,122.9911322238638,344.2722199507122,20130419.0089308,"JPL 23",,7.1,11.3,,,,,768497.23803115,5.54822,2.1786E7,10.,5.
"     C/2013 F3 (McNaught)",56463,2.252615171232545,.9970413488822141,85.44457782563765,18.75763373115787,266.1087019996768,20130525.2573259,"JPL 22",,15.4,,,,,,21008.6465564286,1.27395,122400.,4.5,
"     P/2013 G1 (Kowalski)",56667,3.353098228334131,.5123914261751833,5.468623084856366,51.23985947365227,221.4840746059673,20131210.9574309,"JPL 37",,13.4,,,,,,18.0331093606724,2.34134,.22221,4.5,
"     C/2013 G2 (McNaught)",56436,2.154122131383129,1.000176665997053,96.00196467210205,293.9121925445317,274.1125303176966,20121206.3500327,"JPL 18",,13.7,,,,,,,1.5837,,4.5,
"     C/2013 G3 (PANSTARRS)",56824,3.852198309719482,1.000463664717419,64.67151605841789,76.49550050978054,208.1305037228386,20141115.1919232,"JPL 66",,7.1,12.0,,,,,,3.39359,,12.5,5.
"     P/2013 G4 (PANSTARRS)",56407,2.613193638282798,.4104154317501504,5.925605669212879,214.390935128071,339.7728387568012,20130209.6877127,"JPL 10",,15.1,17.5,,,,,9.33139189158863,1.61583,1.5928,10.,5.
"     C/2013 G5 (Catalina)",56406,.9289342865343642,.9996764070640465,40.61553118267817,165.6653052733491,144.2869625481821,20130901.5123673,"JPL 14",,14.5,17.4,,,,,153810.910447067,.0660035,1.8633E7,10.,5.
"     C/2013 G6 (Lemmon)",56461,2.048498822908568,.9947049782284707,124.0843255020043,215.6924751538695,44.5674022883934,20130725.2283082,"JPL 33",,7.1,15.4,,,,,7609.57067857115,1.15335,4577.1,27.,5.
"     C/2013 G7 (McNaught)",56496,4.677407087165468,.997861349375547,105.1100836796873,218.2638287615662,48.40271725001593,20140318.6678128,"JPL 37",,6.0,11.7,,,,,102283.643995562,3.84272,342910.,12.25,5.
"     C/2013 G8 (PANSTARRS)",56549,5.14117578638264,.998448860555856,27.61504568188224,80.16849312219385,241.0219443150382,20131114.9791984,"JPL 32",,7.7,12.2,,,,,190820.759405997,4.26404,1471700.,11.,5.
"     C/2013 G9 (Tenagra)",56836,5.337621413733156,1.00127208924158,146.2335950655413,204.9304395303559,35.68865956311475,20150114.6110434,"JPL 64",,6.5,10.3,,,,,,4.36625,,10.,5.
"     C/2013 H1 (La Sagra)",56430,2.646966062826507,.9854256151570497,27.089519009166,136.5811611354714,84.96986232025259,20130519.6680861,"JPL 16",,7.2,15.2,,,,,2447.62799825916,1.70599,3321.2,22.75,5.
"     C/2013 H2 (Boattini)",56656,7.498742730262731,1.001848978233687,128.3963459785515,35.99835781719458,262.7459608900462,20140123.2105394,"JPL 47",,6.6,10.5,,,,,,6.5978,,9.,5.
"     P/2013 J2 (McNaught)",56553,2.147830211537714,.6561496960562588,15.49555983451273,37.88933525772833,289.3935088646078,20130822.9982114,"JPL 52",,12.8,,,,,,15.6118368386527,1.15824,.069771,7.25,
"     C/2013 J3 (McNaught)",56476,3.988691614120003,.9979576577805536,118.2253978475814,320.9585168760608,200.7571594708771,20130222.8768056,"JPL 24",,6.9,13.2,,,,,86310.0005977692,3.13696,887920.,14.25,5.
"     C/2013 J5 (Boattini)",56437,4.904877617039292,.9993772111930332,136.0106257564619,19.15622709322044,256.765894594848,20121129.9358837,"JPL 14",,10.0,13.8,,,,,698938.989533808,3.91881,1.5529E9,10.,5.
"     C/2013 J6 (Catalina)",56439,2.415721323964017,.9596335681672769,85.05491888521236,125.644530765059,68.42126376481397,20130409.5640046,"JPL 12",,16.5,,,,,,462.964732473464,1.71271,1358.3,4.5,
"     C/2013 K1 (Christensen)",56443,.9482633061732122,.9881156749766993,42.34152090569845,171.3325625204554,125.9087092805298,20130530.1665084,"JPL 12",,18.4,,,,,,712.754289001354,.0614255,2395.2,9.,
"     C/2013 L2 (Catalina)",56470,4.872285271080254,1.000927495460975,106.7764274290012,1.941214790786657,285.8777047762762,20120511.1955110,"JPL 19",,12.3,,,,,,,3.85605,,4.5,
"     P/2013 N3 (PANSTARRS)",56503,3.028877492461664,.592428704053406,2.17040773111895,323.9496119664098,17.6805754675579,20140211.7741462,"JPL 13",,7.4,15.5,,,,,20.2593440009711,2.02043,3.7769,20.5,5.
"     C/2013 N4 (Borisov)",56550,1.21040462585708,.9748028948917493,37.03527841987731,142.2807062608926,322.6099540923197,20130821.5137900,"JPL 37",,12.1,,,,,,332.949289918022,.320346,50.873,5.25,
"     P/2013 N5 (PANSTARRS)",56516,1.823049163502036,.7319149920161367,23.24247806480001,176.2425500230491,187.7460260466454,20130702.4404441,"JPL 9",,18.1,,,,,,17.7336029993515,.821569,7.8481,4.5,
"     C/2013 O3 (McNaught)",56570,3.180103545760106,.9961206628760106,102.8397411385465,337.9685167225937,276.7521142223828,20130909.9862479,"JPL 19",,14.5,,,,,,23471.119797079,2.21766,102970.,4.5,
"     P/2013 P1 (PANSTARRS)",56525,3.390237402510275,.6052286355115399,18.70201139936367,138.1088311110453,160.7951849716734,20130226.0883491,"JPL 13",,14.7,,,,,,25.167200236065,2.40598,4.1225,4.5,
"     C/2013 P2 (PANSTARRS)",56711,2.834924519556432,.9989018212796867,125.5321593467803,104.9736952254173,2.028689591567995,20140217.0543157,"JPL 42",,14.7,,,,,,131162.871677784,2.27273,436170.,4.5,
"     C/2013 P3 (Palomar)",56907,8.646522003821483,1.001155944867761,93.90620443423489,177.1907140783719,177.2758079951302,20141123.9589170,"JPL 56",,6.4,9.4,,,,,,7.64335,,8.,5.
"     C/2013 P4 (PANSTARRS)",56851,5.967053042661649,.5960599293962326,4.26436714381977,113.5590275690512,256.6145609357201,20140812.3926420,"JPL 40",,6.9,11.4,,,,,56.777026525687,4.96987,1.7633,10.75,5.
"     C/2013 PE67 (Catalina-Spacewatch)",56609,1.84707194854103,.9668055607914965,116.7175639428231,59.48436778391407,325.9609790887851,20131209.3019961,"JPL 18",,13.5,,,,,,415.083927497668,1.14838,51.422,13.5,
"     C/2013 R1 (Lovejoy)",56655,.8118255757863039,.9984251867685469,64.04095258556559,67.16644868331953,70.71117523072714,20131222.7331217,"JPL 70",,11.5,,,,,,11704.6575967177,.146111,2163.9,7.25,
"     P/2013 R3 (Catalina-PANSTARRS)",56580,2.203588793257993,.2734489118620981,.8989192243273189,8.233884857093038,342.6847853749584,20130805.1488829,"JPL 18",,6.5,16.0,,,,,5.28207785868288,1.19719,.036304,31.75,5.
"     P/2013 R3-A (Catalina-PANSTARRS)",56675,2.203803514735728,.2733215443742632,.8979975018126948,8.327918120205032,342.641978077693,20130805.2911569,"JPL 5",,,,,,,,5.28146106494429,1.19885,.014229,,
"     P/2013 R3-B (Catalina-PANSTARRS)",56662,2.203923267916311,.273337708801935,.8996156105825073,8.283804910825646,342.6971109316509,20130805.3188511,"JPL 5",,,,,,,,5.28206779987155,1.19641,.014296,,
"     C/2013 S1 (Catalina)",56575,2.824322888207647,1.000432438530511,83.96196593199859,166.0642808247633,221.5365591426394,20130802.9177018,"JPL 16",,13.5,16.0,,,,,,1.85394,,10.,5.
"     P/2013 T1 (PANSTARRS)",56573,2.210495402199654,.6232686662257201,24.21024060655235,345.8400077174686,10.28383493653419,20130731.2652487,"JPL 8",,16.6,18.6,,,,,14.213302899916,1.21381,3.5693,10.,5.
"     P/2013 T2 (Schwartz)",56596,1.599620003772879,.5284963970971704,9.352147374931391,342.5217733011883,2.629851004780589,20130620.6845811,"JPL 14",,14.5,17.1,,,,,6.24893372295553,.595213,.26626,13.5,5.
"     C/2013 TW5 (Spacewatch)",56831,5.830627123433017,.9869381216924474,31.40140745036839,190.3754236090685,319.7038313041371,20140817.6600122,"JPL 54",,11.0,,,,,,9431.32379394727,4.84669,5410.2,4.5,
"     C/2013 U1 (Catalina)",56596,2.418806648806813,.7971688952407384,23.94166080289842,143.1422029981101,211.2514316565494,20131118.7247150,"JPL 12",,13.9,16.4,,,,,41.1820630003163,1.45886,35.738,10.,5.
"     C/2013 U2 (Holvorcem)",56966,5.116737375729997,.9942988827733247,43.09409508267152,107.3755091470014,7.001118645699393,20141025.8704612,"JPL 61",,6.9,11.1,,,,,26887.9650981321,4.40776,28617.,11.,5.
"     C/2013 UQ4 (Catalina)",56850,1.080974935574438,.9821535430641831,145.2585720800541,23.31216387401101,317.6623965796692,20140705.9595828,"JPL 72",,13.8,17.5,,,,,471.415248228734,.106252,10.048,6.,5.
"     C/2013 US10 (Catalina)",57349,.8229694432560084,1.000280111752132,148.8782970590471,340.3587540701534,186.1445801306016,20151115.7216403,"JPL 84",,8.4,,,,,,,.138599,,6.5,
"     C/2013 V1 (Boattini)",56699,1.660846320128432,1.001427041252947,65.3100809339828,48.03465068098152,72.81032519005767,20140421.2329145,"JPL 58",,10.9,13.6,,,,,,.879651,,8.75,5.
"     C/2013 V2 (Borisov)",56891,3.507922974318053,1.004462309749723,37.84837710715393,94.46254280848652,48.43565604424714,20141014.3494625,"JPL 73",,6.6,11.7,,,,,,2.79082,,12.,5.
"     C/2013 V3 (Nevski)",56629,1.386693935064072,.8909706912478069,32.13452891082039,339.6433628488162,100.9181548214613,20131029.9058710,"JPL 32",,15.4,,,,,,45.3590801114936,.427245,2.8142,5.75,
"     C/2013 V4 (Catalina)",57258,5.185419335502647,1.002610347872751,67.85444921445716,40.44588127423415,55.62050084194885,20151007.5694546,"JPL 86",,6.0,9.6,,,,,,4.37905,,9.25,5.
"     C/2013 V5 (Oukaimeden)",56784,.6255855185279982,.9987202166667474,154.8854897586862,314.5681259861423,278.6162849540126,20140928.2230327,"JPL 51",,10.8,,,,,,10807.7068797124,.188812,2188.2,7.25,
"     P/2013 W1 (PANSTARRS)",56648,1.415612858066342,.5938812586743125,4.699497435261886,1.327117721612507,117.8560103321427,20140308.1758260,"JPL 17",,18.8,19.8,,,,,6.50796791328351,.431594,.29497,5.75,5.
"     C/2013 W2 (PANSTARRS)",57042,4.444439223454371,.574706903562746,4.567063284367919,307.1979328070702,179.8427950328569,20150105.2573960,"JPL 27",,6.9,13.7,,,,,33.7832292426947,3.46217,.83714,13.75,5.
"     C/2013 X1 (PANSTARRS)",57376,1.31423483366901,1.001010361640351,163.2316780514113,164.4618429306748,130.9556792609409,20160420.7290909,"JPL 82",,7.9,10.8,,,,,,.309749,,8.25,5.
"     C/2013 Y2 (PANSTARRS)",56727,1.919085233379467,.9912740229678684,29.41474414954199,308.8416426804029,243.4009249184748,20140613.6455262,"JPL 37",,9.7,14.3,,,,,3261.58348605666,1.03257,1944.5,15.,5.
"     P/2013 YG46 (Spacewatch)",56686,1.815242541572423,.451646452718995,8.219141483471311,232.7965811541767,56.86808472531349,20170119.5369958,"JPL 10",,10.6,,,,,,6.02308799242093,.811332,.5724,10.,
"     P/2014 A2 (Hill)",56676,2.074674800357519,.6498341367743001,24.51348041039608,356.2263846074935,106.672023831915,20131028.3378850,"JPL 14",,17.0,,,,,,14.421902055745,1.09195,.70662,4.5,
"     P/2014 A3 (PANSTARRS)",56715,3.546905788169315,.2417497739140982,13.66991575188777,213.1547418413575,230.5942350191126,20130418.1937394,"JPL 10",,12.3,15.2,,,,,10.1172820884306,2.57243,.28095,10.25,5.
"     C/2014 A4 (SONEAR)",57323,4.180179913894354,1.000854761348521,121.3599676757322,356.7884135882254,29.72722044157839,20150905.8646485,"JPL 75",,9.5,,,,,,,3.18652,,5.75,
"     C/2014 A5 (PANSTARRS)",56808,4.799904891158912,.9684730949503101,31.9046193584999,182.6981683256107,310.1119512591454,20140814.4040224,"JPL 18",,14.8,,,,,,1878.60356490361,3.81357,2226.1,4.5,
"     C/2014 AA52 (Catalina)",56950,2.002638068555632,1.000423887897101,105.2112010947399,292.259253994859,330.493052124626,20150227.6404303,"JPL 42",,13.6,,,,,,,1.43768,,4.5,
"     C/2014 B1 (Schwartz)",58150,9.556670656424883,1.003268696609035,28.37516830346059,345.8579983814208,161.3945766124144,20170910.8516837,"JPL 65",,6.2,,,,,,,8.57537,,6.5,
"     P/2014 C1 (TOTAS)",56698,1.685731530864317,.4461170657760468,2.679621241568598,23.9985097734569,167.8682338072765,20131218.9561455,"JPL 10",,15.6,,,,,,5.30962489842079,.686952,6.1459,10.,
"     C/2014 C2 (STEREO)",56724,.5123404929128847,1.0,135.5021633928436,56.07550106725654,283.3471055667167,20140218.2453675,"JPL 8",,14.4,19.7,,,,,,.289358,,9.3,5.
"     C/2014 C3 (NEOWISE)",56744,1.862025414436991,.9828284207570523,151.784310122964,345.8767951690551,204.4069433022532,20140116.7285706,"JPL 31",,15.0,,,,,,1129.20099235604,.865963,3382.6,4.5,
"     C/2014 E2 (Jacques)",56871,.6639164806301531,.9990362488564763,156.3927539375293,344.037051387196,56.39159704902931,20140702.5141482,"JPL 54",,12.0,,,,,,18081.3568263749,.276173,17807.,6.5,
"     C/2014 F1 (Hill)",56766,3.496337214644849,.9990751795893179,108.2530497678035,8.242942530562066,239.902412867951,20131004.8333582,"JPL 25",,13.7,,,,,,232456.696933104,2.49214,2.2826E7,4.5,
"     C/2014 F2 (Tenagra)",56879,4.314456476543356,.9708833458853167,119.0611856001521,86.04142017730415,267.4497761200571,20150102.2973558,"JPL 38",,5.4,12.4,,,,,1803.78653057001,3.90971,406.22,15.25,5.
"     C/2014 F3 (Sheppard-Trujillo)",56918,5.721618384947208,.6440678553591316,6.483148741505119,1.300816826182621,327.5671675002746,20210509.9168810,"JPL 11",,7.2,,,,,,64.4518989563476,4.71017,106.1,9.,
"     C/2014 G1 (PANSTARRS)",56774,5.468447518398121,.9941673301311467,165.640267846861,77.05395371566303,337.9308719149016,20131106.6431687,"JPL 14",,7.1,,,,,,28708.0160995856,4.48929,2652300.,12.5,
"     C/2014 G3 (PANSTARRS)",56925,4.697983289061335,.9156411963638399,155.8245472582966,147.8032193543032,4.542216565203479,20150202.5765791,"JPL 27",,6.9,12.2,,,,,415.604064031814,3.71972,36.842,12.75,5.
"     C/2014 H1 (Christensen)",56780,2.138899189903828,.9848508618876368,99.93593238389384,169.1848488834509,34.70152845884021,20140415.3294174,"JPL 15",,14.8,,,,,,1677.69028141072,1.14465,59555.,10.,
"     C/2014 HU195 (Valdes-TOTAS)",57487,5.121184062182178,.7659544479580388,5.822083707136079,145.0742672306394,115.7890993247589,20150518.0861102,"JPL 12",,9.5,,,,,,102.355973277003,4.10742,11.09,9.5,
"     C/2014 J1 (Catalina)",56794,1.708541491865351,.8023933876862093,159.6964747664906,195.4800264938343,41.94212865338176,20140620.0154926,"JPL 12",,16.8,,,,,,25.4240238989117,.711192,94.384,10.,
"     P/2014 L2 (NEOWISE)",56905,2.23454179868563,.6467628123620112,5.184411891277072,182.7779497044684,149.4058430545082,20140715.4173294,"JPL 32",,8.6,14.2,,,,,15.9107737064921,1.22363,.12671,18.,5.
"     P/2014 L3 (Hill)",56858,1.853963046049281,.7730941528388678,6.264055830205153,178.6099143280899,115.566369160727,20140628.5715086,"JPL 17",,17.2,,,,,,23.3556135787168,.83763,1.2705,4.5,
"     C/2014 L5 (Lemmon)",56905,6.203168878614375,1.002643158276895,122.8051339962255,45.61120967844888,35.68347220214331,20141126.3786752,"JPL 18",,6.9,12.7,,,,,,5.39987,,11.5,5.
"     C/2014 M1 (PANSTARRS)",57175,5.5766950335018,1.00235797029927,160.176837769628,336.7421143705524,234.6732805489668,20150826.5160990,"JPL 21",,7.2,12.0,,,,,,4.57261,,12.25,5.
"     C/2014 M2 (Christensen)",56879,6.908484800300556,.9929102201300316,32.40624489593321,40.70369528122116,245.3283463615971,20140718.0071506,"JPL 12",,8.0,,,,,,30418.1841921296,5.96221,184140.,10.,
"     C/2014 M3 (Catalina)",56865,2.434266815462506,.9823531085140425,164.9096495530918,93.7403093482292,80.36746479653861,20140621.9341928,"JPL 14",,12.9,15.6,,,,,1620.16090248527,1.48436,15855.,12.,5.
"     P/2014 M4 (PANSTARRS)",56916,2.351456800136888,.5955391085386973,3.3451558509136,145.270395143059,265.0622676688925,20141227.5851828,"JPL 20",,16.6,,,,,,14.0184148143426,1.3623,.38329,4.5,
"     P/2014 MG4 (Spacewatch-PANSTARRS)",57083,3.713216536999024,.2591736454370925,9.368771256114695,298.7714295083904,311.8538284513307,20130613.0189080,"JPL 26",,8.4,13.1,,,,,11.2217084331269,2.71385,.092928,12.25,5.
"     C/2014 N2 (PANSTARRS)",56873,2.18440150645131,.9995423462644396,133.0131969421272,237.8607489403907,143.8041796231378,20141008.2285231,"JPL 20",,12.0,17.5,,,,,329762.590346094,1.41681,1.0544E7,15.,5.
"     C/2014 N3 (NEOWISE)",57239,3.882230903759567,.9993310162842178,61.6382479533703,353.565396131855,19.92706462999456,20150313.1997720,"JPL 52",,5.0,10.6,,,,,442086.167299624,2.88806,1415400.,12.5,5.
"     P/2014 O3 (PANSTARRS)",56855,4.640619703527049,.3850199493911121,7.806572060902067,204.3643673632859,87.70407593423843,20140417.5508190,"JPL 12",,14.1,,,,,,20.7291087481196,3.62617,1.4939,4.5,
"     C/2014 OE4 (PANSTARRS)",57885,6.244382909146505,.9997257430378581,81.34724846571221,65.75522011076198,240.3949236334576,20161210.8794008,"JPL 59",,7.4,,,,,,3435626.94456214,5.75289,2.6675E7,7.,
"     C/2014 OG392 (PANSTARRS)",57842,9.958977140206121,.1804234496898815,9.045642350235264,254.7453382817835,145.8634939903396,20211221.5290420,"JPL 18",,11.4,,,,,,42.3590312912664,8.97776,.35228,4.5,
"     C/2014 Q1 (PANSTARRS)",57070,.3145717432769556,.9997222580500505,43.10672117116223,120.0501133884542,8.762539044504756,20150706.5110699,"JPL 49",,9.7,,,,,,38117.5997569618,.0909385,87638.,7.25,
"     C/2014 Q2 (Lovejoy)",57111,1.290358224579994,.9977739281805434,80.3012992044068,12.39526308063283,94.97505956666024,20150130.0692528,"JPL 59",,9.1,,,,,,13956.1261371581,.320031,3023.8,6.5,
"     C/2014 QU2 (PANSTARRS)",56904,2.223309474906385,.9913260997553749,124.8182588650151,320.4702385660667,332.9986815803699,20140709.9122342,"JPL 21",,17.1,,,,,,4103.80244304268,1.35162,143270.,4.5,
"     C/2014 Q3 (Borisov)",56949,1.647407423827144,.9420631902306376,89.94887840360386,47.38088320953415,63.1295171584859,20141119.0675004,"JPL 24",,8.8,15.2,,,,,151.627461446029,.866237,28.363,22.,5.
"     C/2014 Q6 (PANSTARRS)",56958,4.222706508801465,.9993488166817878,49.79680400524703,2.534775429906089,326.6559694619029,20150106.3848056,"JPL 11",,7.1,14.7,,,,,522203.34468144,3.21087,6.3581E7,15.,5.
"     C/2014 R1 (Borisov)",57031,1.345431299228065,.9924993820862569,9.932907970322701,55.64910670118728,104.0517861649778,20141119.2400236,"JPL 36",,9.7,13.4,,,,,2402.45315386823,.39025,1393.3,13.25,5.
"     C/2014 R3 (PANSTARRS)",57846,7.275645747980645,.9994803025929618,90.83968074605711,113.426046340885,334.1084949088597,20160808.2322761,"JPL 53",,6.3,8.9,,,,,1656493.34293352,6.82866,1.4557E7,8.,5.
"     C/2014 R4 (Gibbs)",56947,1.817966329414966,.9994287445479102,42.41157794066022,180.8408865394111,279.5299661836776,20141021.5146202,"JPL 19",,8.8,17.1,,,,,179531.813693467,.834211,1.3375E7,28.75,5.
"     P/2014 R5 (Lemmon-PANSTARRS)",56929,2.386144684538462,.4128092608047553,1.088215680675668,213.847840857095,126.5411398652556,20140617.4883040,"JPL 13",,16.5,,,,,,8.19189857296185,1.37702,.56973,4.5,
"     C/2014 S1 (PANSTARRS)",56973,8.137336210891016,1.000940488037347,123.8046750288448,288.8253379769216,352.6598619363149,20131030.3142116,"JPL 10",,6.9,11.8,,,,,,7.54567,,10.,5.
"     C/2014 S2 (PANSTARRS)",57397,2.100642710665925,.9876262546848744,64.67038058837301,87.80660986760738,8.122248442298307,20151209.7975684,"JPL 38",,6.0,10.4,,,,,2211.99800076945,1.76753,183.16,13.25,5.
"     C/2014 S3 (PANSTARRS)",56932,2.049581079801619,.9777010773943061,169.3212891046933,293.1651488054851,356.0467101546353,20140813.3875089,"JPL 9",,17.6,,,,,,881.211258197329,1.08954,86570.,8.25,
"     C/2014 TG64 (Catalina)",56953,3.239068134528716,.7824613293789995,22.28306511016882,294.7759103771937,50.2897278931181,20140526.0045271,"JPL 9",,7.4,,,,,,57.4557664319491,2.31753,40.736,19.25,
"     C/2014 U3 (Kowalski)",56968,2.558412224005221,.9967509896578542,152.9929997080428,51.30580681820922,163.5816130369524,20140903.5071531,"JPL 10",,15.5,,,,,,22097.2049510565,1.66464,1866400.,4.5,
"     P/2014 U4 (PANSTARRS)",56957,1.843416905751487,.4710040250169432,6.456987281991143,347.7301002133258,12.04542139242247,20140803.9256551,"JPL 5",,19.1,,,,,,6.50526510699897,.840073,.37199,4.5,
"     C/2014 UN271 (Bernardinelli-Bernstein)",57822,10.95464535571366,.9996688534612433,95.56765844650693,326.2578710263252,190.1009004080215,20310123.6498826,"JPL 6",,6.6,,,,,,6016935.4961577,10.109,1.4837E8,5.5,
"     P/2014 V1 (PANSTARRS)",56974,2.563720179945368,.5264654824106868,22.46118673356976,178.0329807716785,166.3030297679211,20150121.6633482,"JPL 10",,13.3,,,,,,12.5975668740965,1.55653,664.76,10.,
"     P/2014 W1 (PANSTARRS)",56992,2.662205747706132,.3963005545188144,8.809112537539542,150.3582312021661,247.2487194748339,20140801.1140136,"JPL 7",,16.8,,,,,,9.26060716823645,1.67378,1.2601,4.5,
"     C/2014 W2 (PANSTARRS)",57435,2.670188876150907,.9983173510807815,81.99856218826473,85.00945362146287,69.96277817409009,20160310.4832376,"JPL 54",,8.1,11.1,,,,,63216.5672615173,2.41248,42522.,8.75,5.
"     C/2014 W3 (PANSTARRS)",57102,6.066200246160525,1.006959321499515,90.11287116998255,158.9163490356947,286.3733578819933,20140227.2026958,"JPL 10",,8.9,12.8,,,,,,5.13916,,10.,5.
"     P/2014 W4 (PANSTARRS)",57279,4.261090478961036,.353077517752049,15.27434671813807,67.41178788835339,33.35259149057156,20151229.5033620,"JPL 15",,7.2,,,,,,16.904836310873,3.31445,.26937,15.5,
"     C/2014 W5 (Lemmon-PANSTARRS)",57004,2.398507063149526,.9790492320349014,145.4917160441828,281.2603750716317,245.3384012278437,20160210.6277066,"JPL 5",,14.3,,,,,,1224.95401185754,1.64501,1411.7,4.5,
"     C/2014 W6 (Catalina)",57052,3.087625389123661,1.001741539072124,53.56429833284696,209.8548036382971,338.1297906826608,20150319.0049979,"JPL 18",,14.3,,,,,,,2.1729,,4.5,
"     C/2014 W7 (Christensen)",57002,1.488259270470557,.8693006183748551,98.31374910623485,33.24015838136053,151.2609968284786,20141231.6219879,"JPL 11",,16.3,18.4,,,,,38.425170016435,.594012,48.694,10.,5.
"     C/2014 W8 (PANSTARRS)",56988,4.898630156873998,1.001135101164111,41.11102893019541,230.7830049867978,224.5585944214018,20150921.7051775,"JPL 9",,10.6,,,,,,,4.06497,,10.,
"     C/2014 W9 (PANSTARRS)",57051,1.587455271178967,.8578443412738567,10.63053084298401,167.7694395691037,21.28861558606422,20150215.7058005,"JPL 18",,14.6,17.3,,,,,37.3176442260555,.590554,2.8321,13.75,5.
"     C/2014 W10 (PANSTARRS)",56986,7.562344011352306,.9991935718930645,82.8047629966337,44.20550092908795,43.12988373983106,20160312.5763862,"JPL 9",,7.5,,,,,,908122.346061346,6.82026,1.5272E10,10.,
"     C/2014 W11 (PANSTARRS)",57174,3.426806517418358,.6502308833462318,12.70662486679601,225.6448031068552,295.942382386439,20150617.3710107,"JPL 34",,10.3,,,,,,30.6669361005628,2.45365,.25288,6.5,
"     P/2014 W12 (Gibbs)",57321,1.6747003140241,.5193224013029148,8.515618593654111,36.96552300145847,299.3223059666279,20141115.0755798,"JPL 15",,9.0,17.2,,,,,6.50328864732416,.673827,.0013785,34.25,5.
"     P/2014 X1 (Elenin)",57046,1.814878409700608,.7100055220726142,25.97138709408303,34.36800389874459,61.56934863765969,20150107.7414933,"JPL 14",,16.0,,,,,,15.6565082551363,.875976,.13079,4.5,
"     C/2014 XB8 (PANSTARRS)",57056,3.010274441406517,.9966599161502699,149.7827228025983,351.4474543121598,37.46626945994485,20150405.6248899,"JPL 17",,6.7,,,,,,27057.1023758127,2.02288,116700.,23.25,
"     C/2014 Y1 (PANSTARRS)",57131,2.240976152949842,1.002103296016681,14.92128860669347,182.2659694463042,19.51642360791671,20160117.6537130,"JPL 27",,12.8,,,,,,,1.23865,,4.5,
"     C/2015 A1 (PANSTARRS)",57110,1.995504865321403,.9008144851681094,80.36574604899475,244.8792987589252,341.0859682683059,20150313.0569740,"JPL 18",,7.3,17.0,,,,,90.2433088839722,1.40169,4.729,32.5,5.
"     C/2015 A2 (PANSTARRS)",57032,5.2667846418942,1.013746660304869,108.8991049717724,212.3704073720948,258.4742742165169,20150830.4892275,"JPL 5",,14.3,,,,,,,4.40165,,4.5,
"     P/2015 A3 (PANSTARRS)",57067,1.152929447274623,.8459095973449907,172.510659406925,249.6199231264339,277.0751587325246,20150222.8748241,"JPL 3",Y,20.7,,,,,,20.4667514205019,.20413,13.677,4.5,
"     P/2015 B1 (PANSTARRS)",57101,5.975637895538944,.3824449888865049,18.02772911451641,188.2739954206231,353.3556554001777,20150919.7267226,"JPL 13",,8.7,12.4,,,,,30.1003216325545,4.98036,.67761,10.,5.
"     C/2015 B2 (PANSTARRS)",57406,3.369607606349578,1.000235513348254,105.0881716430651,284.7679401475102,341.90129089,20160506.5733034,"JPL 29",,11.6,,,,,,,2.957,,7.,
"     P/2015 B4 (Lemmon-PANSTARRS)",57346,3.755337412760678,.5689119243696948,1.742618396817861,227.7785278874832,266.6510805028153,20150217.6511601,"JPL 10",,15.2,,,,,,25.711808998893,2.77045,.85062,4.5,
"     P/2015 C1 (TOTAS-Gibbs)",57093,2.892674554136811,.5624500574703053,13.87755976243615,178.414933871943,348.8620808448283,20150501.2913167,"JPL 15",,12.8,15.5,,,,,16.9987160129527,1.9,.26195,10.,5.
"     C/2015 C2 (SWAN)",57138,.7113771422015219,.998510303842305,94.50107358895455,334.1340622082459,49.52969988567921,20150304.5652740,"JPL 6",,12.7,,,,,,10435.4580238842,.235892,36491.,4.5,
"     C/2015 D1 (SOHO)",57073,.02832230946467193,.9943230680445667,69.61561804949724,234.9554132197588,95.88102600738615,20150219.7483322,"JPL 4",Y,10.0,,,,,,11.143732150053,.515838,610.14,4.5,
"     C/2015 D2 (PANSTARRS)",57105,5.606049472678685,.5682560290406877,31.83434752850335,291.9231162737528,162.8589466216824,20130927.6165587,"JPL 8",,7.1,12.5,,,,,46.7901210638824,4.76757,4.7445,12.,5.
"     C/2015 D3 (PANSTARRS)",57634,8.148902371786894,1.002199555118846,128.5065220247186,2.885623039618081,156.9800441698457,20160501.3856633,"JPL 30",,10.9,,,,,,,7.15829,,4.5,
"     C/2015 D4 (Borisov)",57111,.8616767442053161,.9890675559160611,77.30172342154759,314.6941647578412,305.8102982675783,20141028.2373594,"JPL 15",,9.2,14.8,,,,,699.759596426891,.00338047,676.86,16.5,5.
"     C/2015 D5 (Kowalski)",57087,4.577342952996379,.4996484891288033,20.3998034382133,40.1753323001391,74.57826667509988,20140417.0736922,"JPL 23",,13.4,,,,,,27.6704076958591,3.62435,1.2072,4.5,
"     P/2015 D6 (Lemmon-PANSTARRS)",57104,4.56365008937123,.3695673473154147,20.18384783023486,125.5720954863828,46.35101156370534,20150714.1366601,"JPL 10",,11.0,,,,,,19.4768473781233,3.61672,3.3616,10.,
"     C/2015 ER61 (PANSTARRS)",57873,1.042131915349179,.997278605169853,6.348648626051271,68.19225859030109,235.2217409789212,20170509.9438636,"JPL 64",,10.7,,,,,,7493.84858329985,.101706,3128.7,5.75,
"     C/2015 E61-B (PANSTARRS)",57937,1.044175124039388,1.000016466064013,6.35127665373667,68.31621822963767,235.2577873438787,20170509.9357490,"JPL 3",,13.7,16.1,,,,,,.102921,,10.,5.
"     C/2015 F2 (Polonia)",57156,1.210551722554712,.9684422971498322,28.6937454978253,352.0340510148476,262.551624185956,20150428.8236346,"JPL 21",,14.9,18.5,,,,,237.588356610929,.198986,164.2,21.5,5.
"     C/2015 F3 (SWAN)",57128,.8344379472121506,.9963867637788439,73.38641172274956,57.56607253071369,31.63964443770554,20150309.3554866,"JPL 6",,14.2,18.1,,,,,3509.57670272834,.0777593,26201.,8.5,5.
"     C/2015 F4 (Jacques)",57256,1.643925570607531,.9858725093367726,48.70494195049965,36.34648703871473,285.9580596787562,20150810.8628402,"JPL 30",,11.5,14.2,,,,,1255.2605641155,.731678,85.889,8.75,5.
"     C/2015 F5 (SWAN-Xingming)",57134,.3460038327134268,.9777487519411481,149.2566481258457,13.39323631810063,287.7396794019127,20150328.0996184,"JPL 10",Y,14.1,19.6,,,,,61.3194150929389,.441576,83.626,4.5,5.
"     C/2015 GX (PANSTARRS)",57278,1.971753436856135,.8781988155067391,90.25452781618878,108.9579188108349,235.5155033293428,20150826.6618830,"JPL 28",,14.2,,,,,,65.134314135312,1.45752,.94866,7.5,
"     C/2015 G2 (MASTER)",57250,.7798584813568049,1.000395105483913,147.5627212046803,257.4587835853224,110.058839611536,20150523.7874524,"JPL 28",,12.0,,,,,,,.145728,,6.,
"     C/2015 H1 (Bressi)",57169,1.926359003344659,.9407940389046346,140.6555743396824,21.75672735502181,325.8044564735717,20150328.6197492,"JPL 19",,4.2,16.3,,,,,185.594836617011,.944903,152.68,40.75,5.
"     C/2015 H2 (PANSTARRS)",57808,4.967121526642287,1.003512106761469,33.70531410514059,287.9076321077583,350.6918929538623,20160913.2743766,"JPL 33",,11.3,,,,,,,4.13369,,5.,
"     P/2015 HG16 (PANSTARRS)",57331,3.129008392326639,.3456459817113504,18.86877994069009,47.98877787343409,59.3648235646433,20140627.4218466,"JPL 9",,16.1,,,,,,10.4568079945713,2.18337,.10593,4.5,
"     C/2015 J1 (PANSTARRS)",57242,6.019565322130465,1.003182717754017,94.99829941694833,315.46788231,219.992186670806,20140629.9678155,"JPL 12",,7.5,12.3,,,,,,5.26273,,11.25,5.
"     C/2015 J2 (PANSTARRS)",57218,4.320385759551911,.9825050926317059,17.28183038231833,203.6889460776401,56.75587101892728,20150908.9138603,"JPL 13",,7.2,13.4,,,,,3880.82911800831,3.31416,3816.6,14.5,5.
"     C/2015 K1 (MASTER)",57264,2.557494351971157,.9858367415523549,29.38172891513445,280.1962000476196,5.177060176866918,20141013.5763260,"JPL 20",,11.1,,,,,,2426.52883777643,1.73531,2171.2,5.5,
"     C/2015 K2 (PANSTARRS)",57168,1.455281643964942,.9944435940488949,29.11034632296748,15.77008872083846,223.7138827547484,20150608.7966001,"JPL 7",,20.7,,,,,,4238.75024380497,.459249,140580.,10.,
"     C/2015 K4 (PANSTARRS)",57181,2.00765669478841,1.000112014890995,80.25453165069882,357.5383991951015,250.7711826220325,20150501.7654696,"JPL 11",,14.4,16.6,,,,,,.994278,,12.,5.
"     P/2015 K5 (PANSTARRS)",57185,2.986132721610053,.5539570891841983,39.98727944560723,105.9947856967642,134.2690419761483,20150606.3738241,"JPL 7",,13.7,,,,,,17.3223536172321,2.24545,2.8534,10.,
"     C/2015 LC2 (PANSTARRS)",57704,5.892045829085687,1.001274786422385,93.71028748236863,341.8731437990741,223.5667139466356,20150501.9664393,"JPL 29",,10.2,,,,,,,4.92769,,4.5,
"     C/2015 M1 (PANSTARRS)",57203,2.091599116811473,.9945792491742683,57.30953243698087,163.9830249301528,100.2916236242856,20150515.6833202,"JPL 10",,15.9,,,,,,7579.43285512074,1.09831,437470.,10.,
"     P/2015 M2 (PANSTARRS)",57418,5.912782654359772,.179076547906711,3.973864755919864,224.7869319297724,86.6113392743942,20150831.1343806,"JPL 12",,7.0,11.9,,,,,19.3304551973083,4.89984,.32168,11.75,5.
"     C/2015 M3 (PANSTARRS)",57268,3.552413799065587,.9732784718314672,65.95106477967606,123.762543525883,143.0928423336439,20150826.2320027,"JPL 14",,14.7,,,,,,1532.85681115273,2.85985,752.88,4.5,
"     C/2015 O1 (PANSTARRS)",58161,3.729638328146878,.9999942726886238,127.2110782162259,89.5938608233934,299.8558487296183,20180219.0294217,"JPL 51",,7.2,10.0,,,,,525511335.881969,3.22225,1.4032E11,8.5,5.
"     C/2015 P3 (SWAN)",57251,.7152203270236756,.9971007443233582,58.18370702468805,132.8720993332915,88.14530571752381,20150727.7965541,"JPL 4",,16.3,18.8,,,,,3874.70105820068,.1485,77668.,10.25,5.
"     P/2015 P4 (PANSTARRS)",57286,2.525161875276495,.5842389078931005,8.71375729171511,280.8168109130261,104.7469244141135,20160119.0317977,"JPL 12",,6.5,16.8,,,,,14.9684306991217,1.54735,1.0106,28.,5.
"     P/2015 PD229 (Cameron-ISON)",57319,4.831886263200296,.3267341751786454,2.026881848703597,352.3705702672645,342.7736545275477,20150814.2172893,"JPL 18",,14.2,,,,,,19.226640305743,3.82173,.33777,4.5,
"     C/2015 Q1 (Scotti)",57399,1.751706223562182,.4891631484570013,22.64904406194309,198.968763097068,203.3101674098761,20150909.1615009,"JPL 2",,13.2,16.5,,,,,6.35004469948418,.768666,.00042898,14.,5.
"     P/2015 Q2 (Pimentel)",57276,1.819120388944875,.7543658909158587,146.2021559402096,244.4079203877576,228.2447727251498,20150910.3392306,"JPL 8",,15.3,,,,,,20.1542830921328,1.0219,13.875,10.,
"     C/2015 R1 (PANSTARRS)",57313,2.165458647505386,.6328616031094446,22.66832740643245,300.5377061215045,48.51408040506756,20150625.7669283,"JPL 19",,13.5,15.8,,,,,14.3247922907842,1.25349,.38902,10.75,5.
"     P/2015 R2 (PANSTARRS)",57278,2.473558405994483,.452029740164532,15.55167277759301,149.6485822912279,168.6682518952443,20150608.2002337,"JPL 7",,15.6,,,,,,9.59082515414238,1.47463,124.23,10.,
"     C/2015 R3 (PANSTARRS)",57323,4.903296060797902,.9985452072219092,83.61358520179625,272.02094793,36.41151442251908,20140211.8774621,"JPL 10",,4.6,13.4,,,,,195676.500440572,4.75671,9108900.,15.5,5.
"     C/2015 T2 (PANSTARRS)",57742,6.93528419368787,1.000389042702436,124.543195419278,30.7733082885158,51.05822935409078,20170520.6075658,"JPL 25",,7.0,11.4,,,,,,6.03186,,10.25,5.
"     P/2015 T3 (PANSTARRS)",57307,2.169703697629267,.4647389714175506,12.22002969255031,196.6045081978149,119.889228108251,20150310.0870257,"JPL 4",,8.9,,,,,,8.16132005400771,1.15815,1.424,23.75,
"     C/2015 T4 (PANSTARRS)",57372,2.29637664384872,.9736172959439527,87.91719202629839,270.1357557671161,251.787616110196,20160618.9468030,"JPL 28",,7.1,13.4,,,,,812.07085689192,2.0883,122.96,16.75,5.
"     C/2015 T5 (Sheppard-Tholen)",57376,9.33830229810032,.6660826062637726,11.04835439001889,61.83899882362009,311.1926988187603,20160124.5101421,"JPL 6",,7.7,,,,,,147.894332755249,8.35414,67.596,10.,
"     P/2015 TO19 (Lemmon-PANSTARRS)",57329,2.925475887119088,.3589806094193843,6.499878192422687,89.28271628477785,321.6503870304229,20160306.9794245,"JPL 8",,7.7,,,,,,9.74981187806707,1.94529,.34995,22.75,
"     P/2015 TP200 (LINEAR)",57708,3.385307416367674,.5361296715326647,8.772292885299674,82.73560997339052,6.975444808703271,20161028.2027778,"JPL 27",,6.8,12.7,,,,,19.7156218956443,2.41757,.082223,15.75,5.
"     C/2015 TQ209 (LINEAR)",57371,1.413140309851461,.999051779834793,11.39246407591976,281.5020129267562,224.0831767598833,20160827.5783791,"JPL 17",,11.1,13.2,,,,,57533.7059107785,.482511,1450400.,8.5,5.
"     C/2015 V1 (PANSTARRS)",57932,4.266704204880552,1.000554640216975,139.2304871165593,179.6496651847307,197.1937556389107,20171217.8036551,"JPL 40",,8.3,10.5,,,,,,3.26775,,8.,5.
"     C/2015 V2 (Johnson)",57771,1.63695016986237,1.001702678864093,49.87481273794398,164.898091757134,69.85210234634293,20170612.3474581,"JPL 55",,10.0,,,,,,,.642465,,4.5,
"     C/2015 V3 (PANSTARRS)",57411,4.23569092288415,.9948438579645534,86.2317708224312,.8212751709183022,2.34088536076768,20151124.8667369,"JPL 22",,7.3,13.1,,,,,23545.4658376754,3.23417,86121.,15.5,5.
"     C/2015 V4 (PANSTARRS)",57465,5.459627834106404,.705601764290066,60.75130635629077,306.9071173374868,179.896328042832,20160827.9946011,"JPL 14",,12.9,,,,,,79.8637974345284,4.73178,3.323,4.5,
"     C/2015 VL62 (Lemmon-Yeung-PANSTARRS)",57829,2.720270778953799,1.002030883033814,165.6140828964958,128.3594393325243,94.54614299421908,20170828.5923329,"JPL 25",,11.4,,,,,,,1.73814,,5.,
"     C/2015 WZ (PANSTARRS)",57511,1.376637801426724,.992873806064534,134.1349376344899,66.71064787884193,40.04580966690223,20160415.7992500,"JPL 27",,10.4,16.5,,,,,2685.0432310712,.692373,728.25,25.25,5.
"     C/2015 W1 (Gibbs)",57389,2.231882581329438,1.001287000343767,87.31815055184917,48.11379935590006,114.3148576608674,20160517.1941723,"JPL 17",,12.7,15.2,,,,,,1.48554,,9.5,5.
"     P/2015 W2 (Catalina)",57361,2.678335705007854,.6341054240006232,11.61121470405174,117.6265084172363,294.2472942945438,20150930.8915559,"JPL 9",,8.8,15.4,,,,,19.8048592970561,1.71401,1.0465,21.25,5.
"     P/2015 X1 (PANSTARRS)",57337,2.103546442281027,.4203912574152381,12.16220533847695,219.0299790694078,161.7912821854724,20151010.6766185,"JPL 8",,16.3,18.4,,,,,6.91407312088697,1.11982,.10806,10.,5.
"     C/2015 XY1 (Lemmon)",58202,7.92795568998199,1.00403149022112,148.8468905335813,196.3540866111701,281.6160610553572,20180429.9599886,"JPL 36",,6.4,9.2,,,,,,6.95499,,8.25,5.
"     C/2015 X2 (Catalina)",57368,1.904555403538522,.8790792365396156,72.45847594894742,42.01818306950209,101.0941236930233,20151220.7174827,"JPL 9",,16.1,,,,,,62.5096831696469,1.08161,102.92,10.,
"     P/2015 X3 (PANSTARRS)",57358,2.822133341920437,.438156125091875,24.37206398324134,306.8916980502037,77.33339818343219,20150807.8432588,"JPL 4",,14.4,,,,,,11.2577349856568,1.90286,3.3256,10.,
"     C/2015 X4 (Elenin)",57415,3.394684182610662,.8128069022727644,29.50490070566778,176.3289764086126,262.6358029046453,20151103.4674287,"JPL 21",,13.1,,,,,,77.227596836937,2.41104,1.5219,4.5,
"     C/2015 X5 (PANSTARRS)",57945,6.801745947790341,1.003043177275224,124.2845326533225,27.75050581234631,122.311472970474,20171231.0351868,"JPL 34",,6.6,11.4,,,,,,5.89273,,10.5,5.
"     P/2015 X6 (PANSTARRS)",57378,2.287338282207777,.1696231515245035,4.55813510382726,329.0218076992219,107.1119540729192,20160318.6414707,"JPL 8",,16.1,,,,,,4.57183925091771,1.3037,.27186,10.,
"     C/2015 X7 (ATLAS)",57653,3.684549537934284,1.001890358851592,57.57892473586789,348.4885369707756,139.8840704475252,20160730.2496954,"JPL 22",,11.6,,,,,,,2.7116,,6.,
"     C/2015 X8 (NEOWISE)",57409,1.190272583071752,.9391139990453506,155.281697527881,20.40052650458582,191.1118702885223,20151023.1242024,"JPL 23",Y,16.2,18.1,,,,,86.4373954573247,.216755,28.787,4.5,5.
"     C/2015 Y1 (LINEAR)",57447,2.51405404792186,.9913853747511308,71.21903474384224,24.71055824031454,135.7777778379236,20160515.1837072,"JPL 20",,6.5,13.9,,,,,4985.57820263783,1.58989,2616.6,21.5,5.
"     C/2015 YG1 (NEOWISE)",57423,2.073411373790025,.8792362154294353,57.33603835888664,102.7917631141584,350.5118626793929,20150928.9715929,"JPL 21",,12.1,15.2,,,,,71.1428640569406,1.55452,6.0767,10.5,5.
"     C/2016 A1 (PANSTARRS)",58069,5.327762459247099,1.001966504811738,121.1853727914334,10.32002761991665,128.1744513459093,20171123.3705560,"JPL 39",,6.4,9.9,,,,,,4.3536,,9.25,5.
"     P/2016 A2 (Christensen)",57395,3.446461013761374,.2739123221061038,26.77971715744011,139.8760602653328,291.7378670535985,20150616.9896628,"JPL 8",,12.1,15.3,,,,,10.3415266999293,2.50889,13.275,10.,5.
"     P/2016 A3 (PANSTARRS)",57804,4.78951241444756,.379521203042716,8.593972262695917,338.4644923427707,187.7944028207344,20170413.5326820,"JPL 23",,7.1,12.9,,,,,21.4464166594691,3.79863,.15976,13.25,5.
"     C/2016 A5 (PANSTARRS)",57405,2.946900876612712,.997641361286414,40.31819698183355,321.6168428268885,136.215401980907,20150628.3419472,"JPL 9",,16.5,,,,,,44163.5890811298,2.05587,3.436E6,4.5,
"     C/2016 A6 (PANSTARRS)",57407,2.412922813320902,.9905998316633845,120.9341851036734,141.1186727202524,300.2536691673096,20151105.9250446,"JPL 15",,7.9,,,,,,4112.63247124398,1.5644,659090.,28.5,
"     P/2016 A7 (PANSTARRS)",57465,2.17664917682147,.5666257783071452,16.63746983894385,352.469582921735,221.4660933365108,20160225.8621861,"JPL 14",,7.8,,,,,,11.2563151960753,1.17173,.46754,33.5,
"     C/2016 A8 (LINEAR)",57611,1.881129114849751,.9463451853440923,148.2118364728456,130.2653014910948,111.2321643992461,20160830.6695855,"JPL 18",,10.4,13.9,,,,,207.597950464136,.993517,34.451,13.75,5.
"     C/2016 B1 (NEOWISE)",57840,3.206198855955992,.9923947698438305,50.47615946870098,8.559465187578116,231.9541689730266,20161204.7169246,"JPL 22",,10.5,13.0,,,,,8656.16133115754,2.20097,4839.8,8.5,5.
"     P/2016 BA14 (PANSTARRS)",57490,1.008576867528414,.6662657795907312,18.91890965022642,351.8965027284738,180.5340598593623,20160315.5171204,"JPL 58",Y,21.3,23.1,,,,36.6,5.2537644316135,.0161737,.00080356,4.5,5.
"     C/2016 C1 (PANSTARRS)",57967,8.462645179401267,1.005124247620117,56.17888771661402,328.7393610247707,181.7800570948291,20160219.2963011,"JPL 23",,6.5,10.2,,,,,,7.56495,,8.5,5.
"     C/2016 C2 (NEOWISE)",57459,1.559753588672284,.9756358251945529,38.15660978906267,214.4033528556504,24.40463409901605,20160419.5968881,"JPL 15",,13.8,17.5,,,,,512.229554172077,.631887,401.29,20.75,5.
"     C/2016 E1 (PANSTARRS)",57852,8.176818170805106,1.003156197082926,131.8906412043308,47.29033002388323,233.0345425005814,20170601.1236666,"JPL 16",,6.9,11.1,,,,,,7.34205,,9.5,5.
"     C/2016 E2 (Kowalski)",57465,1.073963222335838,.9923814162872512,135.9465461419395,321.7234478594129,186.6457579822276,20160206.4449240,"JPL 6",,20.7,,,,,,1673.71284942713,.182192,691370.,4.5,
"     P/2016 G1 (PANSTARRS)",57508,2.040494410119329,.2101020835668492,10.96783546215918,111.2800219048915,204.0747226522632,20170126.1943583,"JPL 10",,16.1,,,,,,4.15197628176882,1.05715,.029314,4.5,
"     P/2016 J1-A (PANSTARRS)",57560,2.448011732206172,.2282628376422689,14.33019350684708,46.58538308798075,199.8562829336012,20160624.2133529,"JPL 10",,16.4,19.8,,,,,5.64968616451755,1.46088,.017826,10.,5.
"     P/2016 J1-B (PANSTARRS)",57539,2.448056113004731,.2282299320954523,14.33112505729149,46.58075601348209,199.8555027811165,20160624.1295445,"JPL 8",,17.3,20.6,,,,,5.6494784727662,1.4608,.021285,10.,5.
"     C/2016 J2 (Denneau)",57522,1.518366949549062,.9975925444691603,130.3429649320893,318.4724702959125,186.1984170697213,20160411.9347871,"JPL 6",,17.7,,,,,,15839.2970742111,.652022,6638900.,4.5,
"     C/2016 KA (Catalina)",57548,5.40087470320723,.9991084768368035,104.629353983486,63.11117538548785,317.5590038467823,20160201.4428674,"JPL 13",,8.8,12.6,,,,,471525.743298722,4.84492,1.0274E8,10.,5.
"     C/2016 K1 (LINEAR)",57597,2.291521802435562,1.000274140163134,90.84599744013025,18.25342919935698,325.7025983714834,20160713.3787412,"JPL 14",,8.9,16.2,,,,,,1.31474,,22.,5.
"     C/2016 M1 (PANSTARRS)",58140,2.21047499043377,.9990509500178084,90.99375873975377,209.8268030449821,92.20400628140081,20180810.1786172,"JPL 46",,8.3,10.0,,,,,112409.491346653,1.28739,94754.,6.75,5.
"     C/2016 N4 (MASTER)",58010,3.199120947345394,.999391272808728,72.55722555074094,55.95498893014777,354.0312849560189,20170916.5957524,"JPL 31",,11.1,,,,,,380995.756856792,2.52884,633560.,4.5,
"     C/2016 N6 (PANSTARRS)",58150,2.669116377800102,.9986518606524358,105.8304205189905,162.8031991752205,298.9776751749272,20180718.2040993,"JPL 34",,6.8,10.4,,,,,88096.2233557325,1.71616,41111.,10.25,5.
"     P/2016 P1 (PANSTARRS)",57606,2.279184702019639,.2941982533876116,25.70655465395719,267.5368032129744,319.5367731165951,20150908.3028542,"JPL 3",,15.5,,,,,,5.80301096250501,1.43716,39.12,10.,
"     C/2016 P4 (PANSTARRS)",57618,5.887990739571292,.981865741916813,29.89494352141972,355.9995118972055,320.7964206230522,20161016.4773070,"JPL 3",,10.7,,,,,,5850.71834195753,4.87501,165750.,10.,
"     C/2016 Q2 (PANSTARRS)",58882,7.08290493278621,.9994477743781258,109.390622573738,84.48394998822003,322.3011293899578,20210511.3407550,"JPL 46",,10.7,,,,,,1452614.89115218,6.77647,1.5329E7,4.5,
"     C/2016 Q4 (Kowalski)",57635,7.083540378877497,.5781984583314178,7.256660923512645,99.49888926182611,271.3284026274644,20180128.5270630,"JPL 4",,7.0,11.2,,,,,68.8210855989991,6.09212,42.451,10.,5.
"     C/2016 R2 (PANSTARRS)",58267,2.602363958018401,.9963073873895085,58.22406306808122,33.19189859773018,80.56902872443624,20180509.5830848,"JPL 43",,7.3,11.2,,,,,18709.390202293,1.72033,5417.3,9.75,5.
"     C/2016 R3 (Borisov)",57646,.446783167454035,.9954861525321494,53.06784002248596,118.1359189109053,78.66939887713163,20161010.9993822,"JPL 3",,16.7,18.0,,,,,984.766094463382,.273372,89032.,4.5,5.
"     P/2016 R4 (Gibbs)",57652,2.800519824721499,.4750601235607119,10.86202118560232,174.0574598281722,168.3468069201167,20160720.4962174,"JPL 7",,13.1,,,,,,12.3225852755893,1.79261,.32458,10.,
"     C/2016 S1 (PANSTARRS)",57699,2.411907660688666,.7088477779734836,94.68967072031232,273.6112820101625,227.5382229958063,20170316.8123804,"JPL 12",,5.7,14.7,,,,,23.8434477448692,2.09404,.40035,24.,5.
"     C/2016 T1 (Matheny)",57717,2.30001561765682,.9817599017470982,129.8180327124013,137.3465073813405,56.23014288995032,20170201.6500712,"JPL 11",,15.6,,,,,,1416.00119435389,1.43246,1284.2,4.5,
"     C/2016 T2 (Matheny)",57721,1.90781282464645,.981250571897427,81.3111314853432,92.28055224745185,339.0992287738284,20161229.0972402,"JPL 16",,13.8,16.3,,,,,1026.43111818397,1.63737,394.03,11.,5.
"     C/2016 T3 (PANSTARRS)",57929,2.649481442467812,.9813874871741776,22.6759600248663,194.6779241495499,271.7483621668262,20170906.9792352,"JPL 23",,13.7,,,,,,1698.40793490375,1.67077,503.08,4.75,
"     C/2016 U1 (NEOWISE)",57734,.3191696505147323,1.000252972408931,46.4348325774933,162.7482703416102,61.4285207447346,20170114.0167121,"JPL 8",,13.1,19.5,,,,,,.589302,,12.25,5.
"     C/2016 VZ18 (PANSTARRS)",57804,.9102659132704619,.9953224034804047,24.03563546278521,36.38622084440971,98.95480816991747,20170307.3800880,"JPL 20",,18.4,21.0,,,,,2714.72902156906,.0197559,1163.3,9.,5.
"     P/2016 WM48 (Lemmon)",57760,1.748069603473235,.7867006067571972,117.5476690446145,35.85683956528158,59.87448337283545,20170226.7856879,"JPL 15",,17.4,,,,,,23.4618283892285,.863799,.36865,4.5,
"     C/2016 X1 (Lemmon)",58389,7.56418148317475,.9962528491117854,26.4550503190647,224.5694637321879,256.4252445368602,20190429.8824164,"JPL 21",,6.6,10.6,,,,,90698.3403826664,6.63578,280530.,9.25,5.
"     C/2017 A1 (PANSTARRS)",57793,2.29036724462847,.971499200010122,49.79362656110061,2.044588008599648,121.0674333607074,20170517.1265267,"JPL 12",,7.9,15.5,,,,,720.410962296795,1.30654,280.11,21.75,5.
"     C/2017 A3 (Elenin)",57794,3.854542689121162,.9110761633788587,98.50847736711791,304.1075321626525,97.90394337289965,20170130.6054663,"JPL 13",,9.7,13.2,,,,,285.390954462927,3.21827,62.709,10.,5.
"     C/2017 AB5 (PANSTARRS)",58150,9.216436295195681,.9999277722160737,32.43095325871528,78.3959174206304,42.69033044452819,20180217.8829565,"JPL 11",,6.8,10.7,,,,,45582307.3732679,8.39464,1.9361E10,9.,5.
"     C/2017 B3 (LINEAR)",58767,3.921384679393838,1.002063040975414,54.17804430777315,284.7663785605062,2.178073583082732,20190202.5927267,"JPL 44",,7.2,9.9,,,,,,3.34592,,7.75,5.
"     P/2017 B4 (PANSTARRS)",57787,2.81704306398912,.3577241048488458,20.1834522940225,16.17586231928297,121.547651580584,20170127.0575325,"JPL 5",,14.9,,,,,,9.18577908866,1.83708,.35907,10.,
"     C/2017 C1 (NEOWISE)",57818,1.501754933541643,.9278155235730685,65.75224118294994,110.2043155925726,357.4571908365644,20170118.9463716,"JPL 7",,18.1,,,,,,94.894509900358,.913583,56.962,8.5,
"     C/2017 C2 (PANSTARRS)",57823,2.430996613637693,.9753097352272239,118.5838955641769,138.7758127661445,249.8191400629763,20170121.6179711,"JPL 11",,12.4,,,,,,977.003483570329,1.60355,446.03,13.,
"     P/2017 D1 (Fuls)",57602,2.687797547112384,.4403332053906672,20.73265447649143,7.257474434177632,82.33566011217242,20160628.2938848,"JPL 5",,17.1,,,,,,10.5246756622576,1.70367,.18878,4.5,
"     C/2017 D2 (Barros)",57975,2.485874358277638,.9981990633138981,31.26563900804556,334.3397511921435,331.042014146347,20170714.5340742,"JPL 14",,13.6,,,,,,51283.6935935113,1.50453,78096.,5.25,
"     C/2017 D3 (ATLAS)",58032,4.971285980981773,1.002436391802928,125.5700385265896,340.7674986319973,186.6181732510711,20170426.7421026,"JPL 19",,11.1,,,,,,,4.00717,,4.5,
"     P/2017 D4 (PANSTARRS)",57819,2.754633813186274,.6289061298157814,10.33958660470998,209.7976531261214,266.1039589133582,20160906.6407382,"JPL 8",,16.3,,,,,,20.2245255651256,1.77671,2.737,4.5,
"     C/2017 D5 (PANSTARRS)",57817,2.167198881426453,.9807654310045604,131.0385079092644,287.8223218687593,92.72103977786205,20170108.8653782,"JPL 3",,14.7,,,,,,1196.0040913799,1.55073,10456.,13.75,
"     C/2017 E1 (Borisov)",57828,.9006625155330636,1.002574245322817,14.55415195179485,152.473457204951,142.7328256699739,20170410.1386373,"JPL 9",,14.0,16.5,,,,,,.0378754,,32.,5.
"     C/2017 E2 (Tsuchinshan)",57834,2.353028446416134,.8908894952957762,79.16979184456505,89.46316297824248,11.56209960220199,20160512.2297298,"JPL 13",,14.5,,,,,,100.149577514415,2.11564,85.636,4.5,
"     C/2017 E3 (PANSTARRS)",58200,5.925857551015699,1.012963607247163,70.71907166486929,334.2687075980025,220.7426831188265,20170606.8897039,"JPL 24",,5.7,10.3,,,,,,4.99895,,10.25,5.
"     C/2017 E4 (Lovejoy)",57843,.4935725501731164,.9989624088491835,88.18683741206246,87.24405447283101,223.171811393429,20170423.3145511,"JPL 12",,15.6,,,,,,10375.1721480833,.0299165,527240.,29.75,
"     C/2017 E5 (Lemmon)",57827,1.782770293244231,.9953262636276546,122.6369172783317,306.7448126963802,206.1908710630372,20160610.8471785,"JPL 4",,14.3,,,,,,7449.97761049125,1.01718,168900.,7.,
"     C/2017 F1 (Lemmon)",57914,4.499797958010393,1.00410815241111,146.4798027072322,64.81279889140275,158.7395389992406,20171130.9921637,"JPL 9",,8.3,,,,,,,3.6757,,13.75,
"     C/2017 F2 (PANSTARRS)",57998,6.927697258269346,1.005195458253611,42.50766550652644,134.9019457425133,38.66800611750756,20171126.1885603,"JPL 19",,7.0,,,,,,,6.05874,,11.5,
"     P/2017 G1 (PANSTARRS)",57846,2.621033404362085,.6612112774168374,3.53392526045706,218.5520682259589,259.3566869549624,20160514.0647027,"JPL 4",,16.8,,,,,,21.5190759405643,1.63782,93.256,4.5,
"     P/2017 G2 (PANSTARRS)",57889,2.846253064568043,.6503128039302977,47.90624451126158,105.9391341631882,79.8196272076933,20170613.9141304,"JPL 9",,12.9,15.4,,,,,23.2219600184926,2.19408,2.3199,10.,5.
"     C/2017 G3 (PANSTARRS)",57899,2.590476039416398,.9910579163615412,159.0517068232377,73.09657324373718,279.4730263942301,20170415.0312568,"JPL 15",,14.5,,,,,,4930.82376222983,1.67984,4768.8,9.25,
"     C/2017 K1 (PANSTARRS)",58239,7.285700456623996,1.002094016156089,154.0082962659074,4.202590776967126,225.6418434935387,20180314.7712675,"JPL 15",,6.9,11.6,,,,,,6.27828,,10.25,5.
"     C/2017 K2 (PANSTARRS)",58925,1.800273207777608,1.000392678203233,87.54234026090457,236.1502759229693,88.26749002105754,20221220.0677708,"JPL 63",,6.8,,,,,,,1.09324,,5.25,
"     P/2017 K3 (Gasparovic)",57908,2.334209064911226,.5811801327990095,4.279071848522176,253.2092467565114,354.3283419745496,20170531.4899985,"JPL 7",,7.6,,,,,,13.1576072011134,1.32521,1.0929,29.,
"     C/2017 K4 (ATLAS)",58205,2.648085020494781,.9058544980576013,16.67870561715968,15.11191084433556,298.8972699195774,20180108.0422692,"JPL 17",,4.7,13.0,,,,,149.178668435318,1.63897,8.5448,19.5,5.
"     C/2017 K5 (PANSTARRS)",58542,7.680279236066036,1.004222117866774,82.25775849778118,171.7157588750072,102.3757997353607,20200322.4576801,"JPL 16",,6.6,,,,,,,6.67215,,8.75,
"     C/2017 K6 (Jacques)",58154,2.002755660887667,.9982211440012915,57.25118272994602,303.8383837170613,85.05418657450336,20180103.1364642,"JPL 17",,12.1,13.7,,,,,37778.0002566917,1.28359,42102.,6.25,5.
"     C/2017 M3 (PANSTARRS)",58055,4.656282679889832,.9732349869693676,77.50684254894755,110.3254736949202,6.99726581720026,20170428.2763875,"JPL 11",,7.3,,,,,,2294.64771877148,4.20109,1312.1,15.5,
"     C/2017 M4 (ATLAS)",58285,3.251702020087642,1.001084237480781,105.6570899144157,167.6525920559625,65.86834588032342,20190118.3400390,"JPL 52",,9.3,,,,,,,2.25522,,6.25,
"     C/2017 M5 (TOTAS)",58231,5.989567149896836,1.003738424816829,15.88484346797461,92.65746273893599,216.2632680339553,20180602.9439533,"JPL 22",,6.6,11.1,,,,,,5.02134,,10.75,5.
"     C/2017 O1 (ASASSN)",58040,1.498687035561358,.9964249053619113,39.84841375444169,20.90784338484227,25.80948789463183,20171014.7851628,"JPL 20",,12.3,,,,,,8583.0830318743,.534777,2800.3,8.75,
"     P/2017 P1 (PANSTARRS)",57994,5.438116682935968,.3084664315048536,7.70155352264789,122.270978306229,221.3938442957773,20180618.5840165,"JPL 8",,14.2,,,,,,22.0526652522797,4.43815,1.2839,4.5,
"     C/2017 P2 (PANSTARRS)",58009,2.461776753729542,.997966525245122,50.08485640701119,132.2388051070142,165.5463586341557,20171206.5636793,"JPL 10",,9.3,,,,,,42123.3617907562,1.63342,525630.,23.75,
"     P/2017 R1 (PANSTARRS)",58004,3.327212462443799,.1948203716773859,2.57318141878953,178.3589062738405,143.6514709235502,20170408.0960583,"JPL 10",,16.7,,,,,,8.40020405259894,2.3144,.28205,4.5,
"     C/2017 S2 (PANSTARRS)",58036,3.614508152770709,.823110962000437,12.68335016260375,305.9728760915686,62.42779170726628,20170829.3393192,"JPL 7",,7.7,,,,,,92.3699343967453,2.6355,8.3261,19.75,
"     C/2017 S3 (PANSTARRS)",58235,.2084458883736399,1.000077962526293,99.03865266185421,255.8922310339763,171.0424918261466,20180815.9483681,"JPL 14",,13.2,,,,,,,.293729,,8.25,
"     P/2017 S5 (ATLAS)",58080,2.178224137232379,.3130449821713952,11.84937247696687,99.94433659429768,252.3910005331981,20170728.0238803,"JPL 13",,10.7,15.8,,,,,5.64637348164957,1.21003,.023713,19.25,5.
"     C/2017 S6 (Catalina)",58072,1.54293044245812,1.001407300841813,152.8268124520004,134.6854097804648,130.8731223491645,20180226.9325659,"JPL 9",,15.3,,,,,,,.630432,,4.75,
"     C/2017 S7 (Lemmon)",58073,7.614408126154748,1.002499815885911,124.2247425576759,187.7473830131949,262.7884159434695,20170527.8866863,"JPL 14",,6.7,10.7,,,,,,6.63539,,10.,5.
"     P/2017 S8 (PANSTARRS)",58046,1.682990982905783,.3935280558465954,29.8510671207603,254.5670252811099,191.8022455158354,20180128.6455657,"JPL 10",,18.1,,,,,,4.62290334788196,.890974,.053378,4.5,
"     P/2017 S9 (PANSTARRS)",58037,2.195183306618477,.3045179825266096,14.13799199888711,237.9014969583235,146.215861305024,20170723.5699726,"JPL 2",,16.8,,,,,,5.60770981008573,1.2329,3.7099,10.,
"     C/2017 T1 (Heinze)",58101,.5806547254801013,1.000345786802034,96.83375647604693,96.91627909591816,102.3159450857234,20180221.7081732,"JPL 11",,11.9,17.0,,,,,,.0140842,,14.,5.
"     C/2017 T2 (PANSTARRS)",58830,1.615095304558874,.9996772813343349,57.23143893598023,92.99332784795818,64.37877972206583,20200504.9499695,"JPL 54",,10.2,,,,,,354053.837754449,1.20234,774220.,4.5,
"     C/2017 T3 (ATLAS)",58113,.8252219128579639,.9993860864428709,88.10720207390392,246.8935996072179,230.0867537472919,20180719.1483902,"JPL 13",,11.1,,,,,,49283.721378977,.160585,129920.,7.25,
"     P/2017 TW13 (Lemmon)",58218,2.078803623644249,.7097633251998353,44.83634703278221,120.1088179927675,322.2776499304327,20180620.9853538,"JPL 13",,12.6,,,,,,19.169022423182,1.32325,.29371,11.25,
"     C/2017 U2 (Fuls)",58097,6.700824542584891,1.000012373315265,95.43408553536807,147.7270808345425,149.7108386702126,20170828.1236021,"JPL 11",,7.3,,,,,,,5.82645,,12.,
"     P/2017 U3 (PANSTARRS)",58033,4.443447318154925,.0999498150272525,15.90824999306771,297.4621937000473,165.149028993773,20190421.8773190,"JPL 9",,14.8,,,,,,10.9695337147837,3.49631,.34322,4.5,
"     C/2017 U4 (PANSTARRS)",58105,7.724115560653999,1.002980894816201,158.2256226876387,159.1784355825911,245.9527607228566,20180925.7129248,"JPL 12",,7.1,,,,,,,6.74946,,10.75,
"     C/2017 U5 (PANSTARRS)",58082,4.326736702644832,.7445695418910745,18.95655106224461,262.150770237268,163.1153680107009,20171219.1083062,"JPL 8",,11.8,,,,,,69.7171909715112,3.407,7.3369,10.,
"     C/2017 U7 (PANSTARRS)",58811,6.417364585852339,1.001218728060318,142.6353238812137,326.0525246751792,276.2322783987068,20190911.5217453,"JPL 27",,6.2,,,,,,,5.46475,,8.,
"     C/2017 W2 (Leonard)",58113,3.957327001114813,.7112567233701367,98.17929056760482,169.1577142195117,312.8090619476837,20171101.9377180,"JPL 12",,10.9,14.0,,,,,50.739161853776,2.98485,2.2563,10.,5.
"     P/2017 W3 (Gibbs)",58150,3.83729668083787,.5038733631134901,18.31672356942174,326.4640540396084,210.7534630208634,20180225.0911399,"JPL 12",,10.5,14.1,,,,,21.5108440672127,2.86005,.37898,10.,5.
"     C/2017 X1 (PANSTARRS)",58163,4.662645277077666,.8511091046250819,31.31099838083798,283.1063262439756,251.1267718894638,20180614.4479861,"JPL 12",,7.0,13.1,,,,,175.248599013984,3.83478,10.706,13.5,5.
"     C/2017 Y1 (PANSTARRS)",58187,3.718606328346037,.9990217605493706,55.24013336329725,134.4474522525782,307.5096753481487,20170831.4697587,"JPL 17",,9.3,,,,,,234374.710485867,2.91759,3473200.,13.,
"     C/2017 Y2 (PANSTARRS)",59035,4.632134064763024,1.000795679641139,128.425639474273,147.8500412285587,65.98105119157347,20201104.5191808,"JPL 37",,7.1,11.4,,,,,,3.70713,,10.25,5.
"     P/2017 Y3 (Leonard)",58169,1.275380853927572,.8707108805845301,27.58565185691802,67.52878617230991,153.8739129853849,20180211.2598697,"JPL 9",Y,16.5,18.6,,,,,30.9831147578272,.491091,1.6263,11.,5.
"     C/2018 A1 (PANSTARRS)",58155,2.419350919327441,.9043859806704536,53.55998148926074,96.38526729987834,336.6210525917974,20171020.4279820,"JPL 12",,15.1,,,,,,127.284094904356,1.93863,26.955,5.,
"     C/2018 A3 (ATLAS)",58459,3.27671519271034,.9933931061207733,139.5619827546883,86.42629903961053,194.2792749527277,20190112.8634984,"JPL 30",,9.4,11.9,,,,,11045.1151435218,2.60498,1997.7,9.,5.
"     P/2018 A4 (PANSTARRS)",58143,2.40256893720192,.8044266023700491,3.148044826155656,356.1360529616486,97.6343579822899,20180518.8066044,"JPL 10",,8.8,15.4,,,,,43.058343488601,1.41887,14.051,21.25,5.
"     P/2018 A5 (PANSTARRS)",58098,2.693821228217425,.5230477990971206,23.57702921670901,359.6795114438439,87.82972144250051,20170923.8225569,"JPL 4",,17.7,,,,,,13.4229840135908,1.70987,.49209,4.5,
"     C/2018 A6 (Gibbs)",58747,3.017771514548295,.8034723126661407,76.95480648494821,264.5317916899389,340.3862016767737,20190714.2840479,"JPL 43",,8.0,11.3,,,,,60.1730630163931,2.7161,.20522,10.,5.
"     C/2018 B1 (Lemmon)",58412,5.116718148521779,1.00296990247976,162.4235687682425,68.34911227383604,133.1688342676005,20180330.4449152,"JPL 16",,12.3,,,,,,,4.17906,,4.5,
"     P/2018 C1 (Lemmon-Read)",58178,2.595758548310177,.5344583103825766,5.133509888741485,234.3291286696343,270.4494370348003,20180225.5662703,"JPL 10",,14.0,16.3,,,,,13.1663917822222,1.61252,.42583,10.,5.
"     C/2018 C2 (Lemmon)",58258,1.95651250015357,1.00180655729515,34.45339329783236,134.1384875107038,91.13971556097802,20180602.2239239,"JPL 12",,7.6,14.8,,,,,,1.06202,,26.5,5.
"     C/2018 DO4 (Lemmon)",58603,2.405924492346074,.9069431691503352,160.4749772466273,175.977605046222,251.1326026858089,20190818.4190629,"JPL 36",,13.1,13.8,,,,,131.464594167819,1.42033,.7956,6.75,5.
"     C/2018 E1 (ATLAS)",58222,2.705441280664283,.9503465505489672,72.47957181767383,299.4718404456895,146.8408658450583,20180417.3225361,"JPL 10",,11.4,12.8,,,,,402.199229251547,2.08444,21.972,8.75,5.
"     C/2018 E2 (Barros)",58246,3.922307085477158,.9977843473955874,97.74279890956956,277.4813166016897,67.20134096648609,20171223.6894431,"JPL 8",,4.4,14.1,,,,,74484.8743407591,3.66786,1332400.,19.25,5.
"     C/2018 EN4 (NEOWISE)",58248,1.447950039310733,.9214147989842768,81.56200421727375,35.01112239196357,136.1651478161492,20180607.7781259,"JPL 13",,13.6,,,,,,79.0910634788728,.567501,8.6145,21.5,
"     C/2018 EF9 (Lemmon)",58227,1.556632368248482,.9975738094484522,84.69444336117306,72.61659154591342,172.5780564201747,20180523.1284025,"JPL 17",,8.7,17.8,,,,,16251.7422868447,1.04425,43677.,45.,5.
"     C/2018 F1 (Grauer)",58548,2.99304843061446,.9907106920051437,46.07061922573036,71.62811989849939,177.2858746459719,20181214.0799601,"JPL 14",,12.7,,,,,,5783.67358856641,2.3194,6451.6,6.25,
"     C/2018 F3 (Johnson)",58200,2.483147453487701,1.000016241112605,105.5349126929927,293.0107966292608,173.0311386136694,20170815.2323322,"JPL 4",,12.9,,,,,,,1.93616,,10.,
"     C/2018 F4 (PANSTARRS)",58727,3.43992104988117,1.001469536716709,78.09841927617609,263.2042802439032,26.5071931232271,20191204.0593900,"JPL 40",,5.4,11.2,,,,,,3.15895,,13.,5.
"     C/2018 F4-A (PANSTARRS)",59168,3.440167624127061,1.001304429877853,78.09545570457936,263.2207351035536,26.51302805220132,20191204.1185610,"JPL 7",,12.0,,,,,,,3.15924,,4.5,
"     C/2018 F4-B (PANSTARRS)",59171,3.439915906060742,1.001538508133337,78.09686921437026,263.2057266940589,26.51212238761489,20191204.0650783,"JPL 6",,12.1,,,,,,,3.15895,,4.5,
"     P/2018 H2 (PANSTARRS)",58234,2.027089765153293,.540046339408238,7.388853402978943,120.2296292028269,68.45587977306991,20180123.4594386,"JPL 5",,17.0,,,,,,9.25223285263854,1.03987,.37127,4.5,
"     C/2018 K1 (Weiland)",58273,1.879168895755063,.9372141102807927,164.192707343459,325.0029097838556,260.0017994169327,20180406.8986894,"JPL 5",,12.5,15.6,,,,,163.743415840084,.886288,64.335,14.75,5.
"     C/2018 KJ3 (Lemmon)",58340,3.627196888570837,.9958143405199597,136.6673282210673,217.7097829520746,91.58769673526139,20190909.9817413,"JPL 25",,6.4,12.2,,,,,25510.5050553436,2.71265,41023.,13.5,5.
"     P/2018 L1 (PANSTARRS)",58296,1.885602754447638,.4833466744464326,10.59322070191557,17.89090192564948,268.6295850630895,20181112.5270234,"JPL 6",,14.4,17.3,,,,,6.97243805232094,.872127,.58395,10.75,5.
"     C/2018 L2 (ATLAS)",58481,1.711710997421499,.9929812976392138,67.42359017314774,56.23081761810727,243.0182586407085,20181202.5805033,"JPL 20",,9.5,12.0,,,,,3808.62860496455,.985359,1411.5,10.75,5.
"     P/2018 L4 (PANSTARRS)",58298,1.676234190261363,.6603305335305464,26.62547744764037,140.432574726745,145.1930409016552,20180731.8431281,"JPL 7",,15.0,20.0,,,,,10.9629007102421,.7265,.40348,21.25,5.
"     P/2018 L5 (Leonard)",58354,2.303424902156637,.3644976378863004,2.209154642984229,93.65090975834907,219.1586936703853,20180504.5184258,"JPL 8",,16.2,,,,,,6.90070616002363,1.29028,.039056,4.5,
"     C/2018 M1 (Catalina)",58346,1.303479531146645,.9387000323283536,37.25702431998508,14.13278553680923,339.4633087072912,20180710.0244390,"JPL 8",,16.6,18.1,,,,,98.0559965102403,.309039,17.025,5.25,5.
"     C/2018 N1 (NEOWISE)",58326,1.307367774164728,.9965761975729961,159.4436347386527,354.5604126904137,292.4389583815554,20180801.9845063,"JPL 6",,15.7,,,,,,7461.76938609803,.292445,625020.,4.5,
"     C/2018 N2 (ASASSN)",58871,3.124653210419751,1.000182808598278,77.53047128224945,24.39651298242353,25.25825730282985,20191110.9627355,"JPL 54",,9.6,,,,,,,2.19487,,4.5,
"     C/2018 O1 (ATLAS)",58333,1.55817435006249,.9440984749755603,154.0410448322048,162.502789164412,87.6189996315874,20180831.5700562,"JPL 6",,12.1,17.8,,,,,147.162377285378,.556641,470.49,34.,5.
"     P/2018 P3 (PANSTARRS)",58412,1.756448249001501,.4158830416373542,8.909109429993908,305.8846455966001,59.21006670829104,20181009.4609777,"JPL 14",,8.3,17.3,,,,,5.21448613972107,.772547,.052384,37.75,5.
"     P/2018 P4 (PANSTARRS)",58374,3.666142259892883,.4493111437809952,23.11276472421761,8.115551280695698,353.1103473605847,20181107.3457997,"JPL 6",,11.6,14.8,,,,,17.1776100595447,2.6641,.34624,10.,5.
"     C/2018 P5 (PANSTARRS)",58531,4.575881743475449,.6408888733835596,7.256838348942479,131.634271796386,216.2412638978533,20190226.2169663,"JPL 11",,14.5,,,,,,45.4859320810646,3.57612,1.8545,4.5,
"     C/2018 R3 (Lemmon)",58538,1.290602078312638,.9993449053254678,69.7154101174736,112.8754588511427,324.6260258022418,20190607.1981183,"JPL 11",,11.3,,,,,,87446.1390378751,.679202,177630.,11.25,
"     C/2018 R4 (Fuls)",58374,1.709396086053835,.9941820686277859,11.6827905048735,345.1423279447695,298.4629605689906,20180303.6131248,"JPL 5",,12.5,,,,,,5036.39018675462,.695094,108770.,12.5,
"     C/2018 R5 (Lemmon)",58380,3.621228861556831,.8415681023585918,103.7580805941406,178.0117256674235,171.1415653526412,20190109.9795697,"JPL 6",,14.4,,,,,,109.276864640925,2.61566,52.806,4.5,
"     C/2018 U1 (Lemmon)",59038,4.994207440499431,1.000647034564923,108.3015656230357,180.4146848038539,75.47669750188952,20211102.7955835,"JPL 40",,6.1,9.6,,,,,,3.97966,,9.,5.
"     C/2018 V1 (Machholz-Fujikawa-Iwamoto)",58438,.3869549474667874,1.000390606749757,143.9879595892249,88.77491355817259,128.7220909046342,20181203.5081017,"JPL 10",,12.8,17.1,,,,,,.115002,,6.25,5.
"     C/2018 V2 (ATLAS)",58560,2.47483717382253,.9028851647958491,159.1099188337545,318.6624914116978,356.7908514457026,20181126.9783239,"JPL 8",,13.6,,,,,,128.64703527638,1.52275,3.8103,12.25,
"     P/2018 VN2 (Leonard)",58421,2.122602704955042,.4776648284054703,18.24013255025114,138.7733441806395,226.548850053659,20180605.3779086,"JPL 4",,16.9,,,,,,8.19195139807838,1.15727,.17927,4.5,
"     C/2018 V4 (Africano)",58441,3.199007575277276,.9850554469246305,69.00279157377852,.008376039676110659,78.38291387698652,20190301.6940450,"JPL 4",,15.7,,,,,,3131.89149450942,2.2144,31485.,4.5,
"     P/2018 V5 (Trujillo-Sheppard)",58331,4.707642962000713,.4746297979065957,10.58019311285288,260.8056028862159,171.3284400233722,20181003.8646074,"JPL 4",,6.4,,,,,,26.8234924792817,3.74313,1.1532,19.,
"     C/2018 W1 (Catalina)",58509,1.360177019486447,.937663286002328,83.27887865438332,251.2480655704364,233.5895787467877,20190511.8529375,"JPL 12",,14.0,15.8,,,,,101.926120387778,.804903,1.6827,10.,5.
"     C/2018 W2 (Africano)",58691,1.454667716683242,1.000759657441667,116.6157705464602,157.9728542243786,181.8494553095173,20190905.7291620,"JPL 23",,13.4,,,,,,,.493664,,4.5,
"     C/2018 X2 (Fitzsimmons)",58524,2.125879109091798,.986280223636649,23.06823387310232,162.0470445413797,340.8332096515571,20190708.5348632,"JPL 11",,10.6,14.3,,,,,1928.83687452224,1.14863,1445.2,12.75,5.
"     C/2018 X3 (PANSTARRS)",58462,2.698917421231605,.7827195269894678,43.36964116597223,359.8344819908737,78.92475844913288,20181230.7999648,"JPL 4",,16.9,,,,,,43.7785678505668,1.71418,13.388,4.5,
"     C/2018 Y1 (Iwamoto)",58545,1.286994409166389,.9910793921481993,160.4035376693905,358.0572189618863,147.4835613131589,20190207.0306227,"JPL 17",,13.6,,,,,,1732.93199549395,.298944,235.35,5.25,
"     P/2018 Y2 (Africano)",58494,3.893253361816097,.4793481795777027,11.68034539858378,162.4986169608806,297.2649107480066,20190102.5984362,"JPL 6",,10.9,12.9,,,,,20.448248596195,2.91225,.90007,10.,5.
"     P/2019 A1 (PANSTARRS)",58501,2.211667199618293,.5689283377561671,13.74362190698565,150.8467500270507,312.2994958682227,20181011.0428196,"JPL 5",,17.3,,,,,,11.6215393406965,1.23914,.88771,4.5,
"     P/2019 A2 (ATLAS)",58523,3.542902472642814,.3819936956454806,14.85526061514254,324.2262522930324,139.4626445990163,20181121.4487615,"JPL 8",,11.7,13.5,,,,,13.7264312852963,2.57376,.11864,8.25,5.
"     P/2019 A3 (PANSTARRS)",58540,2.313413911073454,.2649898432145765,15.36654445192976,325.4771165369539,31.33366855326886,20180801.8213239,"JPL 5",,19.3,,,,,,5.58403595154707,1.32792,.051094,4.5,
"     P/2019 A4 (PANSTARRS)",58506,2.379359933030969,.08960942226457405,13.31891991230288,341.899550527304,119.3001862649014,20181205.4492070,"JPL 7",,15.4,,,,,,4.22529257953394,1.39915,.058193,10.,
"     C/2019 A5 (PANSTARRS)",58701,6.324147236061602,.7078740415075246,67.53900248937774,356.039843208373,146.6192515475469,20190609.4461987,"JPL 13",,7.3,,,,,,100.729327707151,5.33747,2.8715,12.75,
"     P/2019 A6 (Lemmon-PANSTARRS)",58488,1.938506123021695,.6391774183457983,33.2283281029066,156.3050040416362,280.2718903170902,20180829.3092560,"JPL 4",,17.9,,,,,,12.4528398721779,.982898,.79508,4.5,
"     P/2019 A7 (PANSTARRS)",58425,2.675761023797798,.1607429016579503,17.77280435982495,119.5420953948404,280.5214370966657,20180108.0489812,"JPL 6",,17.2,,,,,,5.69294060174579,1.73534,.0217,4.5,
"     P/2019 A8 (PANSTARRS)",58498,1.872575257166376,.4274080526007016,2.96666017830655,20.3825210251697,127.8881473640005,20180830.7107272,"JPL 8",,7.7,,,,,,5.91424442448771,.884952,33.844,33.5,
"     C/2019 A9 (PANSTARRS)",58567,1.426375684838149,.9632606680161629,84.34107788066017,237.8023357180343,278.3684397481954,20190726.5251968,"JPL 13",,10.3,,,,,,241.914672301131,.736078,10.04,17.5,
"     C/2019 B1 (Africano)",58527,1.597250547961846,.9894970033261195,123.3617017890528,174.8876844466255,290.4336485690607,20190319.9295834,"JPL 5",,17.4,,,,,,1875.41734811142,.615808,15203.,4.5,
"     P/2019 B2 (Groeller)",58543,2.416517389281517,.3729015582306672,16.82914955331195,358.7099213502992,176.4592980725458,20190608.0276676,"JPL 9",,7.4,16.8,,,,,7.56466163314554,1.4215,.11866,25.75,5.
"     C/2019 B3 (PANSTARRS)",58709,6.823961409051374,1.002974953394554,66.52645464464165,263.8720927170853,358.4072730255905,20210119.4193460,"JPL 15",,6.6,10.1,,,,,,6.45839,,9.,5.
"     C/2019 C1 (ATLAS)",58963,6.581320388170327,.9920988753742428,36.01648895884428,319.1897067363857,212.3972245750634,20200505.7243494,"JPL 29",,6.5,,,,,,24040.5491721462,5.66747,17308.,9.,
"     C/2019 D1 (Flewelling)",58653,1.57755492918724,.9885493537292273,34.09837281325536,70.47743015651987,231.7178047787487,20190511.8422657,"JPL 15",,11.9,15.7,,,,,1617.11140098506,.828835,464.97,15.75,5.
"     C/2019 E3 (ATLAS)",58724,10.31671707944562,1.005157968614925,84.26677060704247,280.5771900609483,347.2086757856907,20231111.3649035,"JPL 17",,5.3,,,,,,,10.0723,,7.75,
"     C/2019 F1 (ATLAS-Africano)",58822,3.596819220638343,1.003121731731786,54.1735391402967,251.0981739000835,38.72593093696144,20210622.8147019,"JPL 35",,8.8,,,,,,,2.98712,,6.25,
"     C/2019 F2 (ATLAS)",58611,2.232881685230068,.8650697162295637,19.18865186056912,10.9540272531322,175.8679182602183,20190908.8932182,"JPL 15",,5.0,13.6,,,,,67.3197692903328,1.23803,3.0995,24.75,5.
"     P/2019 GG21 (PANSTARRS)",58576,3.932206588884873,.4740477702689088,6.076965513184619,208.7925855401245,340.5840390469012,20190512.8567877,"JPL 4",,12.2,,,,,,20.4429346915024,2.93515,3.4355,10.,
"     C/2019 H1 (NEOWISE)",58622,1.844747255592719,.9920041960847409,104.5792575191668,19.27980101690913,269.1848904639019,20190427.7319446,"JPL 10",,16.9,,,,,,3504.45355735095,.865018,31173.,4.5,
"     C/2019 J1 (Lemmon)",58655,2.47865333673563,.9653450129158248,24.5497810701096,167.7940322782512,98.08704929838677,20190409.3390688,"JPL 11",,11.8,,,,,,604.899570963301,1.46782,231.23,11.75,
"     C/2019 J2 (Palomar)",58644,1.727001803430942,.9976739454976579,105.1357438298953,98.69562817961662,25.4681296647531,20190719.7150444,"JPL 14",,9.4,17.4,,,,,20231.009733527,1.32674,1354800.,22.5,5.
"     C/2019 J3 (ATLAS)",58674,2.373521710384135,1.000677947687315,131.4149075211576,16.55239858554766,270.5170347609708,20190801.8898766,"JPL 14",,15.3,,,,,,,1.38004,,4.5,
"     C/2019 JU6 (ATLAS)",58622,2.044882195440916,.9935472046794304,148.297910824992,94.86862584655267,21.72924348472905,20190531.8864863,"JPL 8",,14.5,18.1,,,,,5641.42486084308,1.29117,1.515E6,10.,5.
"     C/2019 K1 (ATLAS)",58647,2.012740021828432,1.000552640410847,87.15723246961954,265.6825364524518,73.37757244126112,20200212.8724208,"JPL 25",,13.2,,,,,,,1.71991,,4.5,
"     C/2019 K4 (Ye)",58720,2.259417449561461,.9990612977850601,105.3052736960367,139.7721542778129,180.1651287668925,20190616.4192909,"JPL 12",,12.9,14.6,,,,,118089.465282782,1.42136,1098100.,8.25,5.
"     C/2019 K5 (Young)",58739,2.035047035158644,.9865348783605891,15.31538130379544,174.916615586373,177.1884106440093,20190622.7514443,"JPL 14",,12.1,14.6,,,,,1858.03742634044,1.02987,598.24,9.5,5.
"     C/2019 K6 (PANSTARRS)",58707,3.928974130782172,.9975645867658924,132.3943172998712,187.578585548449,42.9260272778689,20200520.0226734,"JPL 5",,9.6,,,,,,64798.9492707934,2.92695,67390.,11.25,
"     C/2019 K7 (Smith)",59104,4.475037868983195,1.000505984386739,103.540966818337,27.30062304803243,307.9281060159939,20200616.9464948,"JPL 37",,8.8,10.1,,,,,,3.54918,,6.5,5.
"     C/2019 K8 (ATLAS)",58674,3.195048278859553,.9977306269835555,93.22215501273681,85.35283992138542,291.0463747635025,20190721.2196461,"JPL 14",,6.8,14.3,,,,,52828.1630657568,2.96294,106030.,17.5,5.
"     C/2019 L1 (PANSTARRS)",58675,2.890226976063039,.7066198588564014,9.993563153478053,49.91965884620201,254.4097128818326,20190811.2857939,"JPL 8",,13.5,,,,,,30.9214647193598,1.88817,1.2699,10.,
"     C/2019 L2 (NEOWISE)",58655,1.621532124857112,.9367514145823834,152.1873028226871,18.81569090590202,12.53386626090697,20190402.0810883,"JPL 5",,10.4,,,,,,129.813635500066,.636695,3163.1,27.75,
"     P/2019 LD2 (ATLAS)",58996,4.578026126503306,.1353290640260059,11.55135694543478,123.4475701851361,179.7490989195049,20200410.4973567,"JPL 27",,6.8,12.0,,,,,12.1828615978106,3.58038,.02654,13.,5.
"     C/2019 L3 (ATLAS)",59070,3.553808594244937,1.000585377478715,48.3663604460646,171.6501097539642,290.7837504674096,20220109.8386033,"JPL 39",,5.8,8.5,,,,,,2.57671,,8.25,5.
"     P/2019 LM4 (Palomar)",58962,2.371611219662196,.5852049454946888,36.39476118828992,68.37085088280203,72.85836955452187,20190618.2386889,"JPL 12",,13.4,,,,,,13.6717180051272,1.60368,.42122,4.5,
"     C/2019 LB7 (Kleyna)",58653,2.482822027281863,.9293061023752756,164.2318603536247,335.8940514040899,3.285918377765849,20190327.2315336,"JPL 4",,16.5,,,,,,208.139111783536,1.49676,3049.6,10.5,
"     P/2019 M2 (ATLAS)",58707,1.063394969329297,.6485296423873891,12.28204823928401,332.520471324768,307.6032963355323,20190622.6676237,"JPL 10",Y,20.6,,,,,,5.26280222357998,.0772954,.072806,4.5,
"     C/2019 M3 (ATLAS)",58699,2.417809152775207,1.002214701060755,99.43629501880999,87.93505314713686,154.8962719281839,20190103.0517812,"JPL 9",,13.8,14.4,,,,,,2.18768,,6.,5.
"     C/2019 N1 (ATLAS)",58948,1.704637088070094,.9998651218417356,82.42468208218776,193.4451617337045,13.57714076769455,20201201.8083818,"JPL 40",,11.0,,,,,,1420835.04814706,.721857,1.7104E7,4.5,
"     C/2019 NJ3 (Lemmon)",59001,4.361765406687514,1.00085667460458,99.43738953685252,246.8231177667943,142.4533377301321,20201022.1661672,"JPL 10",,6.7,,,,,,,3.86233,,13.25,
"     C/2019 O3 (Palomar)",59085,8.819649457395972,1.001777647625513,89.81457798729416,60.02275005459394,300.3800458295037,20210307.4820725,"JPL 21",,6.0,8.0,,,,,,8.27068,,7.,5.
"     C/2019 Q1 (Lemmon)",58865,4.997163171177008,1.001041120253547,155.722395082386,55.91282434287455,42.33963912588074,20200719.5972012,"JPL 11",,13.9,,,,,,,4.06396,,4.5,
"     C/2019 Q3 (PANSTARRS)",58715,7.250302466188464,1.004703542297618,65.5382484200568,152.6253285415753,151.3253394024313,20180820.7889564,"JPL 4",,8.7,,,,,,,6.3235,,10.,
"     C/2019 Q4 (Borisov)",59062,2.006581893840375,3.356215101434632,44.05257068647377,209.12367864,308.1487262895379,20191208.5450702,"JPL 53",,13.7,,,,,,,1.0939,,4.5,
"     P/2019 S2 (PANSTARRS)",58738,3.755252905185749,.2066639495144366,10.47299174917376,216.7449481255086,93.12370946338561,20190220.8313779,"JPL 3",,13.1,,,,,,10.2986714575891,2.748,.70341,10.,
"     P/2019 S3 (PANSTARRS)",58756,1.806805990262698,.4706535496244196,8.692751245553332,212.9506092211195,150.1708639960917,20190826.0971440,"JPL 5",,17.9,,,,,,6.30616713858307,.81028,.32832,10.,
"     C/2019 S4 (Lemmon)",58893,3.441736369929445,.985828012673497,92.02527327694939,71.35438762107385,63.16961500957389,20200407.9363230,"JPL 21",,9.0,,,,,,3784.67395146731,3.01261,1088.3,12.75,
"     C/2019 T2 (Lemmon)",58984,2.645920471803522,.9987766645866003,111.4666595418522,239.3888401255237,155.6377729197849,20210422.3059194,"JPL 17",,10.8,12.2,,,,,100590.058344145,1.98532,226170.,7.5,5.
"     C/2019 T3 (ATLAS)",59122,5.946560531487751,.998644759401587,121.8626138313068,112.2631986549793,139.5192338737012,20210302.5653379,"JPL 31",,6.3,10.2,,,,,290658.0553351,5.34239,8.61E5,9.25,5.
"     C/2019 T4 (ATLAS)",59086,4.241475014872236,.9959582674141373,53.61669820766372,351.2167033064613,199.9641456422594,20220609.2709261,"JPL 25",,6.0,8.5,,,,,33996.3434563455,3.24717,43600.,8.,5.
"     C/2019 T5 (ATLAS)",58790,1.528889304643945,.8092059221695207,33.42239412493824,189.6172608556432,247.6963682263689,20190801.1430505,"JPL 9",,14.9,,,,,,22.684276418057,.548606,3.4849,9.5,
"     P/2019 T6 (PANSTARRS)",58799,2.051927124683703,.6222232721145564,18.69701846901449,328.9097245503653,71.31094806176851,20191107.7595347,"JPL 10",,17.2,,,,,,12.6589679425029,1.08323,.25436,4.5,
"     P/2019 U4 (PANSTARRS)",58775,1.847129219710201,.4751830087247092,11.69228887930533,180.9602166117129,200.040609409866,20190918.3601659,"JPL 4",,18.6,,,,,,6.60301508180194,.849486,1.3202,10.,
"     C/2019 U5 (PANSTARRS)",59088,3.62213236538465,1.000089685033721,113.5182744088751,181.5938469130209,2.662630616887661,20230330.4650975,"JPL 12",,6.2,9.0,,,,,,2.62586,,8.25,5.
"     C/2019 U6 (Lemmon)",58966,.9142642781287389,.9979034687076265,61.00133602200042,329.6590298743008,235.7057593048608,20200618.8218012,"JPL 28",,13.1,,,,,,9106.75821133091,.0284928,1680.7,7.75,
"     C/2019 V1 (Borisov)",58816,3.096758467308047,.9989790282635146,61.86362644639813,51.21582942816991,83.20648793033887,20200716.6065153,"JPL 9",,14.5,,,,,,167050.824433716,2.36124,4320500.,4.5,
"     P/2019 V2 (Groeller)",58979,5.020620281370219,.3325078025460388,11.800205954521,336.0434365700422,189.1877103887604,20201020.2083887,"JPL 11",,13.9,,,,,,20.6288480209196,4.03285,.48465,4.5,
"     P/2019 W1 (PANSTARRS)",58749,3.339879543010912,.2660226685465896,23.46187448791008,18.74863888542396,35.42597139490795,20190507.9989219,"JPL 3",,16.2,,,,,,9.70689735262293,2.35824,.17652,4.5,
"     P/2019 X1 (Pruyne)",58634,4.305512536567683,.3026069687769674,10.24654454578892,36.92927044510412,43.72770978303249,20190722.4109049,"JPL 10",,10.5,,,,,,15.3401315684013,3.32665,.0011697,10.,
"     P/2019 X2 (PANSTARRS)",58845,1.824131493018153,.4992556071036759,15.88161333035058,213.5588316360951,250.8568180892825,20191209.3121704,"JPL 3",,18.1,,,,,,6.95293664069014,.861053,1.3081,10.,
"     C/2019 Y1 (ATLAS)",58951,.8378238170996761,.9965077833291826,73.34813584511478,57.49817110569519,31.36633889319365,20200315.5636889,"JPL 23",,11.9,,,,,,3716.08366713088,.0831923,1396.5,21.5,
"     P/2019 Y3 (Catalina)",58846,.9119993524439929,.6957830669769098,24.63522477666607,2.266734996109198,139.3826941270183,20191213.4595339,"JPL 4",Y,19.1,,,,,,5.19068795777922,.0740474,.75909,4.5,
"     C/2019 Y4 (ATLAS)",58915,.2528378480236659,.9992352330367696,45.38387091906765,177.4083971162164,120.5720880573815,20200531.0164187,"JPL 13",,11.3,,,,,,6011.42802898712,.631177,16190.,11.,
"     C/2019 Y4-A (ATLAS)",58948,.2503483608868151,1.002209521213027,45.98190846135657,177.184327522225,121.0466187320116,20200531.0464906,"JPL 6",,14.3,,,,,,,.635242,,4.5,
"     C/2019 Y4-B (ATLAS)",58957,.2525414373085628,.9996207788164868,45.45425932217252,177.3826846341452,120.6254768924723,20200531.0224727,"JPL 7",,15.8,,,,,,17185.7420975134,.631678,848890.,4.5,
"     C/2019 Y4-C (ATLAS)",58951,.252209357064097,1.001737081173832,45.57221417930071,177.2933526849599,120.6318347256435,20200531.0024151,"JPL 7",,14.3,,,,,,,.6328,,4.5,
"     C/2019 Y4-D (ATLAS)",58953,.2542429731250058,.9898679875903229,44.95467243950517,177.7425034424157,120.6559390884409,20200531.1413190,"JPL 7",Y,13.3,15.5,,,,,125.700808346058,.626411,31255.,4.5,5.
"     C/2019 Y5 (PANSTARRS)",59046,4.91444285890693,.9939188493784312,82.83261476286536,303.5002963765875,51.77760898837332,20190818.1725960,"JPL 11",,12.6,,,,,,22974.23168222,4.30023,22718.,7.75,
"     C/2020 A2 (Iwamoto)",58902,.9780133914551264,.9990835794740994,120.7501284141871,68.20932804790831,286.3793238085581,20200108.3207894,"JPL 21",,15.1,17.2,,,,,34864.4800299598,.312559,817260.,11.25,5.
"     C/2020 A3 (ATLAS)",58891,5.767111048324495,.9991528114381665,146.700350994834,268.4246507423387,120.7916407702266,20190629.0139099,"JPL 11",,7.7,,,,,,561662.654177813,4.95747,9.963E7,10.,
"     C/2020 B2 (Lemmon)",58883,2.768047308375635,.9592218007679778,55.70413762650088,143.6296708055627,354.3388683055248,20200126.2872618,"JPL 6",,17.2,,,,,,559.276278996648,1.89362,808.38,4.5,
"     C/2020 B3 (Rankin)",58922,3.344486691282788,.9982692262492009,20.70185466560774,325.0926822473944,185.8245940019983,20191019.8910160,"JPL 14",,14.6,,,,,,84945.8097094028,2.3818,1501200.,4.5,
"     C/2020 F2 (ATLAS)",59160,8.816846947037858,1.002558126568231,163.5755051624089,48.37504460720157,250.2510068659777,20220716.6835524,"JPL 25",,6.3,8.9,,,,,,7.83949,,7.5,5.
"     C/2020 F3 (NEOWISE)",59035,.2946512373186049,.9991780666127325,128.9375020337457,37.2786546880135,61.01042723312359,20200703.6788964,"JPL 28",,12.1,,,,,,6787.59112211857,.362512,3855.1,12.25,
"     C/2020 F5 (MASTER)",59223,4.325967845744048,1.003097395806609,51.7044573853828,311.0623857726938,350.6341616051438,20210324.2348547,"JPL 32",,9.5,,,,,,,3.51292,,4.5,
"     C/2020 F6 (PANSTARRS)",58994,3.511043462512514,.9908043234696371,174.5813732908771,344.5924574207143,207.8798918597012,20200411.5720602,"JPL 14",,9.7,,,,,,7460.82720256056,2.50302,30250.,16.5,
"     C/2020 F7 (Lemmon)",59067,5.331513577830203,.9932329371947852,93.9494818239554,227.9922776367389,321.8860640689625,20211114.1425814,"JPL 6",,6.7,,,,,,22114.8333398824,4.62676,15767.,10.75,
"     C/2020 F8 (SWAN)",58965,.4303320065673257,.999935216427192,110.7977498883903,68.19332611345386,260.0292279461612,20200527.5449029,"JPL 7",,11.6,,,,,,541397.606776848,.193693,2.3227E8,4.5,
"     P/2020 G1 (Pimentel)",58973,.5057638788200425,.8596115494546572,18.47273220875296,207.6375916401896,240.1054961929072,20200317.4077765,"JPL 11",Y,17.4,18.5,,,,,6.83805901959216,.271784,.49258,4.5,5.
"     C/2020 H2 (Pruyne)",58974,.8336124482528915,.9954595237029604,125.0445023796069,26.6902003344211,277.6341313288875,20200427.5885382,"JPL 10",,19.8,,,,,,2487.7249963581,.130618,42430.,35.25,
"     C/2020 H3 (Wierzchos)",59011,2.304388354972246,1.002218815626618,62.36838376631006,29.6076089263114,270.5693478869658,20200603.5664758,"JPL 18",,7.4,17.0,,,,,,1.37202,,27.5,5.
"     C/2020 H4 (Leonard)",58969,.9382941467325887,.9933206299811913,84.32043239382038,116.7725265145809,307.7679276567063,20200829.2483279,"JPL 6",,16.5,,,,,,1664.9970127556,.25657,137850.,4.5,
"     C/2020 H5 (Robinson)",59171,9.345334700841233,.9975891344709188,70.20891731495085,326.4113424712665,210.6426976638721,20201212.2253355,"JPL 13",,4.5,,,,,,241346.503505409,8.47914,2719800.,10.,
"     C/2020 H6 (ATLAS)",59295,4.702922096742461,1.000822762392952,79.95957761745358,20.34498076926312,213.7054787466886,20211001.0509960,"JPL 22",,6.3,10.5,,,,,,3.74765,,10.5,5.
"     C/2020 H7 (Lemmon)",58990,4.420107126086732,.9994272431941341,135.9229008383305,82.76916030735829,323.5291286379471,20200603.5065632,"JPL 10",,11.2,,,,,,677956.778240632,3.74861,9.4351E7,10.,
"     C/2020 H8 (PANSTARRS)",59024,4.674529620803108,.9923750890834079,99.64691731677347,128.8955245473641,68.40655428497983,20200604.1962498,"JPL 14",,11.1,13.7,,,,,15179.6904467019,3.9723,40067.,9.,5.
"     C/2020 J1 (SONEAR)",59279,3.355133104248236,1.00022746823455,142.2934271173705,341.7435795396643,226.5819444487097,20210418.5501874,"JPL 28",,5.7,10.2,,,,,,2.36362,,12.,5.
"     C/2020 K1 (PANSTARRS)",59294,3.07510957391104,.9995945223679121,89.65232469839137,213.9550597870317,94.37069983771599,20230509.1656322,"JPL 23",,6.2,9.7,,,,,660463.380222026,2.19158,1.2407E7,8.75,5.
"     C/2020 K2 (PANSTARRS)",59055,8.878218618598442,1.00129323211958,91.03595283056541,67.27262150861603,288.3389024598395,20200804.7158157,"JPL 13",,7.0,11.1,,,,,,8.43809,,9.25,5.
"     C/2020 K3 (Leonard)",59008,1.593446005426791,.992421870314414,128.7154438229167,62.69777462450055,27.92776695147553,20200530.1220180,"JPL 14",,14.9,17.5,,,,,3049.09657594964,.896077,1680.3,13.,5.
"     C/2020 K4 (PANSTARRS)",59016,1.772741710328081,.9612193791188401,125.9143071650451,310.2918343290547,264.1051342983477,20200306.5027609,"JPL 11",,17.9,,,,,,309.068155449957,.959934,829.71,6.25,
"     C/2020 K5 (PANSTARRS)",59094,1.535425913027777,1.001351980349303,67.16179234493761,249.6020808938464,86.16366419405799,20210605.5940049,"JPL 11",,15.1,,,,,,,.944916,,4.5,
"     C/2020 K6 (Rankin)",59224,5.86901165427064,1.003399732020949,103.6485976088765,44.2409272033279,291.5287921350617,20210914.8809234,"JPL 15",,9.5,,,,,,,5.09061,,8.5,
"     C/2020 K7 (PANSTARRS)",59108,6.383997755256676,.9413493538857469,32.0655880698739,358.1288148787495,286.1086865704464,20191028.7763342,"JPL 15",,12.2,,,,,,1135.63322343569,5.36698,392.68,4.5,
"     C/2020 K8 (Catalina-ATLAS)",59043,.4745747893689997,1.000152233626527,31.41395025946461,260.0644167865724,181.5167921815602,20200914.5193491,"JPL 18",,16.8,17.2,,,,,,.0601002,,4.5,5.
"     P/2020 K9 (Lemmon-PANSTARRS)",59082,2.849537456590568,.3221243689467893,23.20260718828968,196.8347021467903,166.2421951581782,20210211.6291496,"JPL 12",,15.6,,,,,,8.6187587562538,1.8528,.11198,4.5,
"     P/2020 M1 (PANSTARRS)",59022,2.66091108734041,.4769697021742044,8.63278951485465,67.86431219836528,142.9523017508467,20191221.1520336,"JPL 8",,7.1,,,,,,11.4752848863185,1.67108,1.9766,27.,
"     C/2020 M3 (ATLAS)",59180,1.268248800964934,.9527075288679625,23.47352824552504,328.4463454946915,71.25023501329339,20201025.6239117,"JPL 21",Y,14.6,,,,,,138.87589849162,.327398,3.7981,6.,
"     C/2020 M5 (ATLAS)",59208,3.004420528789371,.9996869354921027,93.22239916125538,126.3383912933858,352.0978305005499,20210819.8886751,"JPL 18",,8.5,12.5,,,,,940152.990348135,2.32858,6539200.,10.75,5.
"     C/2020 N1 (PANSTARRS)",59180,1.320691834119749,1.000506026114057,29.7037734047959,186.7727224661568,279.9816511570764,20210312.2284062,"JPL 16",,15.5,,,,,,,.340404,,4.5,
"     C/2020 N2 (ATLAS)",59060,1.793803853164444,.9823950393257168,161.0343486167139,331.2265612387828,257.0764420663938,20200823.7120889,"JPL 8",,16.6,,,,,,1028.53255426059,.800269,1585.3,6.5,
"     P/2020 O1 (Lemmon-PANSTARRS)",59059,2.329334434263673,.1198571503419016,5.223476693804598,104.827482351413,175.9886843766403,20200503.7671062,"JPL 5",,16.0,,,,,,4.30552608670641,1.31944,.083192,10.,
"     C/2020 O2 (Amaral)",59339,4.862229222476217,1.002437918821425,71.74740964649635,10.2837475117774,256.7557955516373,20210828.4198939,"JPL 16",,6.3,9.6,,,,,,3.85934,,10.,5.
"     P/2020 O3 (PANSTARRS)",59079,4.167303263453128,.1061048410632883,8.442826518127564,81.17148789459857,266.8974586358181,20210127.5233866,"JPL 5",,12.3,,,,,,10.0660940441211,3.17378,.60064,10.,
"     C/2020 P1 (NEOWISE)",59101,.3421832464863244,1.000296889185875,45.05381720839782,8.894962102747048,53.53936560237292,20201020.1789839,"JPL 10",,15.3,,,,,,,.643082,,5.25,
"     C/2020 P3 (ATLAS)",59170,6.81232750125518,.9986978122480181,61.88710673263639,82.24694150633891,19.49712558717094,20210420.9281454,"JPL 15",,6.6,10.4,,,,,378391.237356249,6.37926,2136500.,9.25,5.
"     C/2020 P4-A",59069,.09075632086947151,1.001954017158182,26.32560483738927,177.4644221848315,175.2244387536765,20200808.2174482,"JPL 4",,17.2,,,,,,,.24164,,10.,
"     C/2020 P4-B",59068,.09261307585795861,.9092091821956565,28.1473125338304,171.6064874118356,173.4267943140723,20200808.0848844,"JPL 2",Y,16.2,,,,,,1.03027644908801,.135011,1061.6,10.,
"     C/2020 P4-C",59069,.08423821391335916,.9394205210769577,37.5593616220339,116.4217171171131,165.2569180109129,20200806.8361004,"JPL 2",Y,15.6,,,,,,1.63977260729396,.335478,73603.,10.,
"     C/2020 PV6 (PANSTARRS)",59402,2.295664525835071,.9450963585963705,128.2392509833847,71.37466813358162,329.1439100128396,20210925.9822382,"JPL 12",,8.1,12.9,,,,,270.376606639146,1.6708,29.483,15.5,5.
"     C/2020 Q1 (Borisov)",59098,1.314955623503384,.977790758201509,142.9237450694629,9.881885543248339,52.37856951066012,20200814.6549916,"JPL 13",,11.7,18.1,,,,,455.590068986229,.331954,3591.9,41.25,5.
"     C/2020 Q2 (PANSTARRS)",59071,5.401818320729496,.5054675845722414,3.309967362847889,118.5134166624757,179.9574298064358,20200207.0792157,"JPL 3",,10.9,,,,,,36.1015639837177,4.38747,10.417,10.,
"     C/2020 R2 (PANSTARRS)",59242,4.692781018887529,.9884562785521641,53.22308187466451,211.6894956230519,195.0921483239087,20220224.1953002,"JPL 12",,8.5,,,,,,8196.62144357998,3.78794,12810.,10.25,
"     C/2020 R4 (ATLAS)",59279,1.028583285344941,.989334728232775,164.4633771198244,46.70852590357713,323.272664467092,20210301.9354855,"JPL 17",,12.2,15.6,,,,,947.129811855726,.118427,240.38,13.75,5.
"     P/2020 R5 (PANSTARRS)",59034,3.413048356081532,.3144781653597279,11.4543466598749,82.30844123672745,272.9685896733677,20200528.1251682,"JPL 6",,7.5,15.6,,,,,11.1093826602876,2.4361,.14922,20.,5.
"     C/2020 R6 (Rankin)",59117,3.130428469577675,.9936892104882804,82.84721476048999,272.0343279622311,12.16789819622727,20190910.1584493,"JPL 8",,7.5,,,,,,11048.1188247903,2.93436,2050600.,15.25,
"     C/2020 R7 (ATLAS)",59177,2.957512377274096,.9996522091826099,114.8937889774881,347.8050057741522,268.2875158342438,20220916.2440690,"JPL 13",,8.9,,,,,,784189.262803578,1.95696,2.6212E7,6.75,
"     P/2020 S1 (PANSTARRS)",59102,2.947362244704244,.5072233036124295,13.73388107812369,254.8661867123474,129.4585248652962,20210116.8844937,"JPL 4",,17.5,,,,,,14.6279421351924,1.98941,1.2749,4.5,
"     C/2020 S2 (PANSTARRS)",59137,1.75605497856086,.8274890386352106,22.39781805675232,202.2631431295887,197.6853842546581,20201221.9359529,"JPL 8",,16.3,19.2,,,,,32.478078125698,.778947,1.9677,13.5,5.
"     C/2020 S3 (Erasmus)",59224,.3985082434475159,.9979693409286368,19.86110990529666,349.8846591923346,222.9974341872843,20201212.6701757,"JPL 18",,13.1,14.8,,,,,2749.2146103565,.315236,2550.1,4.75,5.
"     C/2020 S4 (PANSTARRS)",59185,3.367342889810957,.999558447611279,20.57493787801367,21.07881189151067,117.7123355770543,20230209.6554302,"JPL 11",,8.0,11.4,,,,,665987.161812697,2.39204,7.8732E7,9.25,5.
"     P/2020 S5 (PANSTARRS)",59136,2.678655258783158,.3383166676929201,12.35413353661474,52.99851422402282,316.0001317052693,20200808.3167300,"JPL 6",,16.9,,,,,,8.14531989954325,1.69885,.18561,4.5,
"     P/2020 S6 (Leonard)",59163,1.874827737133829,.4790382230455177,15.45993470110843,176.6525749073456,242.5709039023803,20201123.6091812,"JPL 7",,8.6,17.7,,,,,6.82718178849589,.887187,.075506,37.75,5.
"     P/2020 S7 (PANSTARRS)",59121,2.961017040429798,.4105791170677164,16.09182383079424,40.39730582656799,328.0182271378994,20201118.0355399,"JPL 4",,14.6,,,,,,11.2598157597656,1.98095,.42524,10.,
"     C/2020 S8 (Lemmon)",59294,2.36383899403975,.9913992135165143,108.5179792959268,160.3340702999688,24.05198981620519,20210410.9294026,"JPL 10",,9.9,14.7,,,,,4556.46240753559,1.39966,1639.7,16.5,5.
"     C/2020 T2 (Palomar)",59320,2.054699426930459,.9934460576602777,27.87280905245482,150.3804821500469,83.04877851624741,20210711.1430359,"JPL 15",,8.4,12.2,,,,,5551.07030327971,1.08108,725.45,13.25,5.
"     P/2020 T3 (PANSTARRS)",59185,1.436615025151385,.5914915193088052,7.295759831581329,357.0427036464525,74.02087515088033,20210120.4722664,"JPL 8",,12.8,,,,,,6.59503634438547,.450935,.15824,33.,
"     C/2020 T4 (PANSTARRS)",59176,2.191878376768356,1.000040873103494,83.81738875929472,79.60252930264839,50.62233092464598,20210705.2475684,"JPL 8",,15.8,,,,,,,1.82828,,4.5,
"     C/2020 T5 (Lemmon)",59134,1.889010621360344,.9979705420866538,66.60387857868822,90.29238329148595,237.8616978595229,20201009.6220009,"JPL 4",,16.2,,,,,,28398.1290172128,1.58706,188290.,10.5,
"     P/2020 U2 (PANSTARRS)",59226,1.848824979580445,.5104876427563801,6.420975400745727,84.64492964850187,342.9015225679184,20201225.6991099,"JPL 9",,9.9,15.6,,,,,7.34017498425261,.875267,.12426,26.,5.
"     C/2020 U3 (Rankin)",59171,2.276186036412872,.9647886953264533,30.17697599594739,124.2612626894554,282.6790907305371,20210205.9729559,"JPL 7",,9.0,,,,,,519.752585863223,1.41723,127.48,23.75,
"     C/2020 U4 (PANSTARRS)",59164,5.3537301126539,1.002751024872581,167.0374404632632,69.51655338185451,120.021127226487,20220407.6615191,"JPL 7",,6.9,11.9,,,,,,4.39112,,10.75,5.
"     C/2020 U5 (PANSTARRS)",59224,3.755856630429173,.9999535238843246,97.27998009001011,75.40973323969644,107.3431272406868,20220427.7901930,"JPL 10",,9.5,,,,,,22973489.9715557,3.39088,5.3744E9,8.25,
"     C/2020 V2 (ZTF)",59286,2.227896602952436,1.001415965047434,131.5946974735971,162.3819006228881,212.3359735226273,20230508.3854928,"JPL 12",,6.4,8.9,,,,,,1.2587,,7.75,5.
"     P/2020 V3 (PANSTARRS)",59184,6.230275849969386,.254766997566681,23.03363613618341,249.3449694851379,198.2901715541495,20210209.1244718,"JPL 6",,8.6,,,,,,24.1730247694652,5.32479,.8294,10.,
"     P/2020 V4 (Rankin)",59183,5.148423526264332,.4485102958847856,14.24444952666694,257.0140793612266,203.5195348240703,20210718.2223824,"JPL 8",,6.9,,,,,,28.5242010054752,4.20047,.32208,12.25,
"     P/2020 W1 (Rankin)",59161,5.287626606018131,.2649178340952061,10.79208625670894,264.7712854921515,124.25721744,20200404.1710417,"JPL 3",,10.4,,,,,,19.292812411688,4.31375,1.3572,10.,
"     C/2020 W5 (Lemmon)",59184,3.364185720512125,1.000959428016853,88.58638340907569,24.48488838540301,75.51260802233716,20201130.1243062,"JPL 2",,14.2,,,,,,,2.44828,,10.,
"     P/2020 X1 (ATLAS)",59190,2.871788926288596,.3652375726702757,31.70372153565627,323.2039522057347,56.02828458721064,20200720.0986216,"JPL 4",,12.6,,,,,,9.62321433296106,1.93205,6.0565,10.,
"     C/2020 X2 (ATLAS)",59215,3.828508631594834,.7662729286336968,18.19170430076134,347.3522284393998,105.4587813653301,20201115.8618792,"JPL 11",,10.5,,,,,,66.2962742084182,2.84796,2.6398,10.,
"     C/2020 X4 (Leonard)",59247,5.205771585050995,.8793887521482429,80.48943234635682,139.9022931123625,161.9064584836409,20201114.3964329,"JPL 5",,7.2,,,,,,283.565994734878,4.39123,128.09,13.,
"     C/2020 Y2 (ATLAS)",59289,3.132390349654528,.9974537958976233,101.2841721921892,266.0988943733444,26.50617634974275,20220617.6583512,"JPL 11",,5.2,10.2,,,,,43150.1388894214,2.89306,114290.,12.,5.
"     C/2020 Y3 (ATLAS)",59270,1.999242841566377,.9867669675408208,83.09706217935629,342.0436102915362,191.4267735002245,20201203.4859622,"JPL 10",,13.9,,,,,,1857.0237586093,1.03276,1310.6,8.75,
"     C/2021 A1 (Leonard)",59290,.6151078169828911,1.00008177311967,132.6862652977663,225.088395331965,255.8809516554508,20220103.2898310,"JPL 11",,11.6,12.6,,,,,,.231467,,6.,5.
"     C/2021 A2 (NEOWISE)",59264,1.412973992667787,.994513458355345,106.9782520303497,338.8489982984172,125.2382919330819,20210122.6340628,"JPL 9",,14.9,,,,,,4132.96221351101,.467008,17603.,4.5,
"     C/2021 A4 (NEOWISE)",59261,1.145477002372773,.9732497158441192,111.5698605042606,204.6654783776571,307.0847463855005,20210320.0370066,"JPL 12",,13.7,17.5,,,,,280.217441983153,.208722,264.12,27.75,5.
"     P/2021 A5 (PANSTARRS)",59223,2.620938853170057,.1398094971239406,18.1879404264611,61.0246493438682,328.7565446983727,20201111.1561290,"JPL 2",,15.0,,,,,,5.31865194306406,1.67248,10.993,10.,
"     C/2021 A6 (PANSTARRS)",59256,7.928933745878593,.999330694252097,75.60536932645611,351.7603776656902,164.07985847,20210505.2169945,"JPL 6",,7.1,,,,,,1289417.4805036,6.94609,1.9473E8,10.,
"     C/2021 A7 (NEOWISE)",59279,1.967686074739854,.9996388249324278,78.14861179831281,356.0665520845913,154.519588917193,20210715.3328745,"JPL 10",,13.5,,,,,,402128.891227403,.97988,1.795E7,4.5,
"     C/2021 A9 (PANSTARRS)",59253,7.756107531396744,1.004402435497363,158.02869468,211.5066636518455,314.840976539401,20231201.8071342,"JPL 7",,6.9,,,,,,,6.79389,,9.25,
"     C/2021 A10 (NEOWISE)",59243,1.268514957104971,.986331276491712,151.5247137703552,82.26836599207601,188.3478641855639,20210315.2680632,"JPL 5",,19.6,,,,,,894.045564295827,.580228,16517.,4.5,
"     C/2021 B2 (PANSTARRS)",59255,2.513105797984261,.9925208425112372,38.09442686735279,334.9737912872174,120.5549553235785,20210504.2774953,"JPL 5",,4.8,,,,,,6159.49834757069,1.56821,71702.,30.,
"     C/2021 B3 (NEOWISE)",59261,2.160159379572061,.938199650035768,119.4898044599312,293.5591472892943,67.28484494518736,20210310.9120438,"JPL 6",,13.9,,,,,,206.657177429558,1.55225,357.03,10.,
"     C/2021 C1 (Rankin)",59282,3.481323154788337,.9995665018447221,143.0382386241721,336.3098645372236,186.8919553455904,20201207.1225468,"JPL 7",,8.8,,,,,,719687.28465967,2.51144,1.6742E8,15.5,
"     P/2021 C2 (PANSTARRS)",59290,4.890287600481598,.4874368935981399,21.92691253476368,78.82421360168399,66.49834986388771,20210224.6470663,"JPL 6",,11.4,,,,,,29.4705871945334,3.98756,1.8905,10.,
"     C/2021 C3 (Catalina)",59288,2.276501360906412,.9640485673680309,122.1613987364859,357.1518371620405,181.9197780127483,20210212.4438268,"JPL 7",,16.1,,,,,,503.890037246908,1.2804,544.57,4.5,
"     C/2021 C4 (ATLAS)",59321,4.504194189859842,.9991159104036865,132.8413330236798,320.2318367327194,194.2769836415892,20210117.0511163,"JPL 10",,7.0,,,,,,363654.898000592,3.61852,2.8282E7,13.25,
"     C/2021 C5 (PANSTARRS)",59274,3.241372015262497,.9997691655089063,50.7865159210474,270.9135020782656,323.6909449854081,20230210.8970039,"JPL 6",,12.0,,,,,,1663989.0643522,2.71684,9.406E8,6.25,
"     C/2021 C6 (Lemmon)",59283,3.271119791451759,1.001969271851109,164.6254596221091,203.5754362771121,332.1557857887023,20211113.3762196,"JPL 5",,15.5,,,,,,,2.29351,,4.5,
"     C/2021 D1 (SWAN)",59292,.9017975645254088,.9906488283356564,31.46078130442246,72.2229618807321,311.2712216541829,20210227.6088609,"JPL 6",,13.3,14.4,,,,,947.049643476872,.212689,3551.4,14.5,5.
"     C/2021 D2 (ZTF)",59390,2.946308494350005,1.001094709187881,83.83131234863509,125.0309431550809,305.6762844946954,20220203.9951180,"JPL 8",,13.0,,,,,,,2.291,,4.5,
"     C/2021 E3 (ZTF)",59391,1.777341909681272,1.000568453614794,112.5679381411713,228.8523758938911,104.4585155500488,20220611.9536366,"JPL 6",,6.1,11.5,,,,,,.982187,,13.25,5.
"     C/2021 G1 (Leonard)",59323,3.423791749191416,.9546725423274897,131.5663920628586,107.4819968557859,270.6919178975751,20210722.2232135,"JPL 1",,13.7,,,,,,656.488574806987,2.78645,28121.,10.,
"     C/2021 G3 (PANSTARRS)",59311,5.181099964617769,1.001194274020973,102.8829990870701,10.66653567985962,147.4185759431154,20211018.7634644,"JPL 1",,7.6,,,,,,,4.2074,,15.,
"     C/2021 J1 (Maury-Attard)",59353,1.740244977001971,.9338204404076957,92.70956517933823,147.3027392151578,88.31551085323562,20210219.4450275,"JPL 3",,13.4,,,,,,134.845971507774,.825949,675.67,17.,
"     C/2021 J2 (PANSTARRS)",59355,4.70665478142169,.9592940287332773,156.2050248877647,172.0646438625884,23.33081658743447,20210922.5037636,"JPL 4",,7.7,,,,,,1243.33894628442,3.70355,6360.4,16.25,
"     P/2021 J3 (ATLAS)",59388,4.90626346829334,.4504237628562445,14.57343129692094,125.6657423448364,111.241338762943,20190703.3570845,"JPL 5",,7.4,,,,,,26.6742724280667,3.92059,9.0524,10.,
"     C/2021 K1 (ATLAS)",59350,2.49794012299997,.8043007267096858,16.27596625849508,184.32596440,140.9056194445108,20210504.6474077,"JPL 6",,4.3,,,,,,45.6034205391169,1.48555,3.7747,25.75,
"     C/2021 K2 (MASTER)",59383,5.466741599208973,1.000688613759302,100.8464302468597,343.3035524148595,282.2451159598172,20210908.9825350,"JPL 5",,7.9,,,,,,,4.48552,,10.,
"     C/2021 K3 (Catalina)",59382,5.230177624601068,1.003720444027253,134.8159522138483,181.9442710992318,114.434895242653,20220202.3438332,"JPL 3",,10.4,,,,,,,4.2142,,10.,
"     P/2021 L2 (Leonard)",59393,1.938567528281861,.5217608733457481,21.07008170922019,51.53700366041426,266.6785090987814,20210724.5473259,"JPL 4",,5.8,,,,,,8.16134893198041,.992187,.39899,47.25,
"     C/2021 L3 (Borisov)",59388,8.458928700479699,.9999865328450044,78.57971395246027,91.51307074200682,344.9678634948368,20220212.2765450,"JPL 4",,6.0,10.4,,,,,497814406.837245,8.30338,2.2071E13,10.,5.
"     P/2021 L4 (PANSTARRS)",59416,2.789489545824995,.1186608143484228,16.96177845929909,234.6547896738686,243.2250068856324,20190904.2953074,"JPL 6",,13.8,,,,,,5.63093727467254,1.84363,.22046,10.,
"     P/2021 N1 (ZTF)",59402,.9622106930308426,.6768114463301194,11.5060344471102,21.1908798857994,301.1642447597971,20210606.5539649,"JPL 2",Y,17.8,,,,,,5.1372359622017,.0210286,5.0287,21.25,
"     P/2021 N2 (Fuls)",59422,3.798540026749463,.4534712018341134,13.05840026995526,177.0830476592252,221.7520132310451,20211111.7158107,"JPL 3",,9.2,,,,,,18.3237216640426,2.8066,19.478,10.,
"     C/2021 N3 (PANSTARRS)",59415,5.698816721608532,.9643659575443491,26.73495033311505,304.3539825289612,337.5065155277964,20200816.8350809,"JPL 3",,8.8,,,,,,2022.49565625868,4.76703,44711.,10.,
"     P/2021 N4 ()",58736,2.299195467797521,.242317224986322,10.07390779049693,105.5715976134409,239.2182878112402,20210831.7594196,"JPL 3",,18.7,,,,,,5.28616753323467,1.31689,.0063319,4.5,
"     C/2021 O1 (Nishimura)",59422,.7874177085438783,1.003088700983971,27.56772659686253,74.43626730026932,41.63147301222162,20210813.9268500,"JPL 4",,11.0,,,,,,,.132247,,10.,
"     C/2021 O3 (PANSTARRS)",59436,.2910723573329371,.9959520501695914,56.02180101078728,299.9158407767297,189.4967216748006,20220422.8701174,"JPL 3",,7.8,13.3,,,,,609.757239177563,.0652022,18725.,14.5,5.
"     C/2021 P1 (PANSTARRS)",59438,4.375217487022408,1.000289220156277,51.61789859275325,40.3510923572536,359.6712638856316,20220601.6107828,"JPL 2",,7.4,,,,,,,3.51463,,15.,
"     C/2021 P2 (PANSTARRS)",59432,5.071888521076994,.99725213216735,150.0192522791367,76.49607327511721,31.99310368008827,20230121.9397478,"JPL 2",,13.8,,,,,,79299.2337770119,4.21361,7.8688E7,4.5,
"     P/2021 P3 (PANSTARRS)",59440,2.916842413070732,.3403355906010821,27.15901718621436,334.3201187266952,358.237335819718,20210531.3860517,"JPL 2",,13.9,,,,,,9.29807557130927,1.93035,4.0555,10.,
"     C/2021 P4 (ATLAS)",59443,1.081400580842062,.9965836769961589,56.32294489071149,175.7885196127161,348.1161403169539,20220730.4860837,"JPL 2",,9.7,,,,,,5631.83227168531,.0903841,757990.,10.,
"     C/2021 Q3 (ATLAS)",59455,5.206453494638342,.9321905434477232,77.77467658646519,114.2456621171438,307.9587532798021,20220127.5260760,"JPL 2",,8.2,,,,,,672.799711905094,4.70732,45203.,10.,
"     C/2021 Q4 (Fuls)",59352,7.568557901081968,1.003632070617273,71.47590815346391,146.8705054005557,183.3244908218696,20230608.5793139,"JPL 2",,7.1,,,,,,,6.69666,,9.25,
"     P/2021 Q5 (ATLAS)",59460,1.232385309883539,.617248597147709,10.72813244578528,180.7910840893158,239.6868913548089,20210830.3200001,"JPL 1",Y,15.7,,,,,,5.77767069152097,.24391,320.88,10.,
